INFO-FLOW: Workspace C:/Users/sreer/Post-Silicon-Validation-Research-Project/new_cpu_implementation/vitis/PSV_HLS/RAW_solu opened at Fri Aug 14 16:08:44 -0400 2026
Execute     ap_set_clock -name default -period 10 -default=false 
INFO: [SYN 201-201] Setting up clock 'default' with a period of 10ns.
Execute     set_part xc7k70t-fbv676-1 
Execute       create_platform xc7k70t-fbv676-1 -board  
DBG:HLSDevice: Trying to load device library: C:/Xilinx/Vitis_HLS/2021.2\lib\win64.o\librdi_hlsvwrap.dll
DBG:HLSDevice: first parts/arch.xml in RDI_DATADIR: C:/Xilinx/Vivado/2021.2/data/parts/arch.xml
DBG:HLSDevice: init success
Execute         source C:/Xilinx/Vitis_HLS/2021.2/common/technology/xilinx/DSP48/dsp48.hlp 
Execute         source C:/Xilinx/Vitis_HLS/2021.2/common/technology/xilinx/DSP48/kintex7_dsp48e1.hlp 
INFO: [HLS 200-1611] Setting target device to 'xc7k70t-fbv676-1'
Command       create_platform done; 0.359 sec.
Execute       source C:/Xilinx/Vitis_HLS/2021.2/common/technology/xilinx/common/xilinx.gen 
Execute         source C:/Xilinx/Vitis_HLS/2021.2/common/technology/xilinx/interface/plb46.gen 
Execute         source C:/Xilinx/Vitis_HLS/2021.2/common/technology/xilinx/interface/axi4.gen 
Execute         source C:/Xilinx/Vitis_HLS/2021.2/common/technology/xilinx/interface/nativeAXI4.gen 
Execute           source C:/Xilinx/Vitis_HLS/2021.2/common/technology/xilinx/interface/saxilite.gen 
Execute           source C:/Xilinx/Vitis_HLS/2021.2/common/technology/xilinx/interface/maxi.gen 
Execute         source C:/Xilinx/Vitis_HLS/2021.2/common/technology/xilinx/scripts/xilinxcoregen.gen 
Execute         source C:/Xilinx/Vitis_HLS/2021.2/common/technology/xilinx/interface/XilEDKCoreGen.gen 
Execute         source C:/Xilinx/Vitis_HLS/2021.2/common/technology/xilinx/ip/dds_compiler.gen 
Execute         source C:/Xilinx/Vitis_HLS/2021.2/common/technology/xilinx/ip/util.gen 
Execute         source C:/Xilinx/Vitis_HLS/2021.2/common/technology/xilinx/ip/xfft.gen 
Execute         source C:/Xilinx/Vitis_HLS/2021.2/common/technology/xilinx/ip/xfir.gen 
Execute         source C:/Xilinx/Vitis_HLS/2021.2/common/technology/xilinx/DSP48/dsp48.gen 
Execute       ap_part_info -name xc7k70t-fbv676-1 -data info 
Execute       config_compile -quiet -complex-mul-dsp=0 
Command     set_part done; 0.442 sec.
Execute     send_msg_by_id INFO @200-1505@%s%s  vivado 
INFO: [HLS 200-1505] Using flow_target 'vivado'
Execute     get_config_interface -m_axi_latency 
Execute     get_config_interface -m_axi_alignment_byte_size 
Execute     get_config_interface -m_axi_max_widen_bitwidth 
Execute     get_config_interface -default_interface 
Execute     get_config_rtl -register_reset_num 
Command   open_solution done; 0.466 sec.
Execute   set_part xc7k70tfbv676-1 
INFO: [HLS 200-1510] Running: set_part xc7k70tfbv676-1 
Execute     create_platform xc7k70tfbv676-1 -board  
Execute       source C:/Xilinx/Vitis_HLS/2021.2/common/technology/xilinx/DSP48/dsp48.hlp 
Execute       source C:/Xilinx/Vitis_HLS/2021.2/common/technology/xilinx/DSP48/kintex7_dsp48e1.hlp 
Execute     source C:/Xilinx/Vitis_HLS/2021.2/common/technology/xilinx/common/xilinx.gen 
Execute       source C:/Xilinx/Vitis_HLS/2021.2/common/technology/xilinx/interface/plb46.gen 
Execute       source C:/Xilinx/Vitis_HLS/2021.2/common/technology/xilinx/interface/axi4.gen 
Execute       source C:/Xilinx/Vitis_HLS/2021.2/common/technology/xilinx/interface/nativeAXI4.gen 
Execute         source C:/Xilinx/Vitis_HLS/2021.2/common/technology/xilinx/interface/saxilite.gen 
Execute         source C:/Xilinx/Vitis_HLS/2021.2/common/technology/xilinx/interface/maxi.gen 
Execute       source C:/Xilinx/Vitis_HLS/2021.2/common/technology/xilinx/scripts/xilinxcoregen.gen 
Execute       source C:/Xilinx/Vitis_HLS/2021.2/common/technology/xilinx/interface/XilEDKCoreGen.gen 
Execute       source C:/Xilinx/Vitis_HLS/2021.2/common/technology/xilinx/ip/dds_compiler.gen 
Execute       source C:/Xilinx/Vitis_HLS/2021.2/common/technology/xilinx/ip/util.gen 
Execute       source C:/Xilinx/Vitis_HLS/2021.2/common/technology/xilinx/ip/xfft.gen 
Execute       source C:/Xilinx/Vitis_HLS/2021.2/common/technology/xilinx/ip/xfir.gen 
Execute       source C:/Xilinx/Vitis_HLS/2021.2/common/technology/xilinx/DSP48/dsp48.gen 
Execute     ap_part_info -name xc7k70t-fbv676-1 -data info 
Execute     config_compile -quiet -complex-mul-dsp=0 
Execute   create_clock -period 10 -name default 
INFO: [HLS 200-1510] Running: create_clock -period 10 -name default 
Execute   csynth_design 
INFO: [HLS 200-1510] Running: csynth_design 
Execute     get_config_compile -effort 
Execute     get_config_compile -enable_clang39 
Execute     get_config_compile -g 
Execute     get_config_compile -hw_syn 
Execute     get_config_compile -ng 
Execute     get_config_compile -opt_fp 
Execute     get_config_compile -skip_cdt 
Execute     get_config_compile -skip_syncheck 
Execute     get_config_compile -skip_transform 
Execute     get_config_compile -pre_tcl 
Execute     get_config_compile -keep_printf 
Execute     elaborate -effort=medium -skip_syncheck=0 -keep_printf=0 -skip_cdt=0 -skip_transform=0 -ng=0 -g=0 -opt_fp=0 -from_csynth_design=1 
INFO: [HLS 200-111] Finished File checks and directory preparation: CPU user time: 0 seconds. CPU system time: 0 seconds. Elapsed time: 0.036 seconds; current allocated memory: 830.801 MB.
INFO: [HLS 200-10] Analyzing design file '../hls/pipeline_core_hls.cpp' ... 
INFO-FLOW: Compiling one TU...
Execute       get_config_compile -pragma_strict_mode 
INFO-FLOW: Handling ../hls/pipeline_core_hls.cpp as C++
Execute       ap_part_info -name xc7k70t-fbv676-1 -data info 
INFO-FLOW: Running: GCC PP 39
INFO-FLOW: Source preprocessing
Execute       ap_eval exec -ignorestderr C:/Xilinx/Vitis_HLS/2021.2/win64/tools/clang-3.9-csynth/bin/clang ../hls/pipeline_core_hls.cpp -foptimization-record-file=C:/Users/sreer/Post-Silicon-Validation-Research-Project/new_cpu_implementation/vitis/PSV_HLS/RAW_solu/.autopilot/db/pipeline_core_hls.cpp.clang.diag.yml -mllvm -pass-remarks-missed=reflow|pasta|unroll -mllvm -pass-remarks=reflow|pasta|unroll|inline -fno-limit-debug-info --sysroot C:/Xilinx/Vitis_HLS/2021.2/tps/mingw/6.2.0/win64.o/nt -fhls -fno-exceptions -E -fno-math-errno -c -emit-llvm -mllvm -disable-llvm-optzns -Werror=implicit-function-declaration -Werror=implicit-hls-streams -Werror=return-type -Wpragmas -Wunused-parameter -Wdump-hls-pragmas -fno-threadsafe-statics -fno-use-cxa-atexit -std=gnu++14 -target fpga64-xilinx-mingw32 -fno-threadsafe-statics -fno-use-cxa-atexit -D__VITIS_HLS__ -DAESL_SYN -D__SYNTHESIS__ -D__HLS_SYN__ -I C:/Xilinx/Vitis_HLS/2021.2/common/technology/autopilot -I C:/Xilinx/Vitis_HLS/2021.2/common/technology/autopilot/ap_sysc -include etc/autopilot_ssdm_op.h -D__DSP48E1__ -I /usr/include/x86_64-linux-gnu -o C:/Users/sreer/Post-Silicon-Validation-Research-Project/new_cpu_implementation/vitis/PSV_HLS/RAW_solu/.autopilot/db/pipeline_core_hls.pp.0.cpp -hls-platform-db-name=C:/Xilinx/Vitis_HLS/2021.2/common/technology/xilinx/common/platform.db -hls-platform-name=kintex7_slow > C:/Users/sreer/Post-Silicon-Validation-Research-Project/new_cpu_implementation/vitis/PSV_HLS/RAW_solu/.autopilot/db/pipeline_core_hls.cpp.clang.out.log 2> C:/Users/sreer/Post-Silicon-Validation-Research-Project/new_cpu_implementation/vitis/PSV_HLS/RAW_solu/.autopilot/db/pipeline_core_hls.cpp.clang.err.log 
Command       ap_eval done; 0.337 sec.
INFO-FLOW: Done: GCC PP 39 time: 0.3 seconds per iteration
Execute       set_directive_top pipeline_top -name=pipeline_top 
Execute       source C:/Xilinx/Vitis_HLS/2021.2/tps/tcl/tcllib1.11.1/yaml/huddle.tcl 
Execute       source C:/Xilinx/Vitis_HLS/2021.2/tps/tcl/tcllib1.11.1/yaml/json2huddle.tcl 
Execute         source C:/Xilinx/Vitis_HLS/2021.2/tps/tcl/tcllib1.11.1/try/try.tcl 
Execute       list_core -type functional_unit 
INFO-FLOW: Source syntax check for synthesis
Execute       ap_eval exec -ignorestderr C:/Xilinx/Vitis_HLS/2021.2/win64/tools/clang-3.9-csynth/bin/clang -foptimization-record-file=C:/Users/sreer/Post-Silicon-Validation-Research-Project/new_cpu_implementation/vitis/PSV_HLS/RAW_solu/.autopilot/db/clang.diag.yml -mllvm -pass-remarks-missed=reflow|pasta|unroll -mllvm -pass-remarks=reflow|pasta|unroll|inline -fsyntax-only -fhls -target fpga64-xilinx-linux-gnu C:/Users/sreer/Post-Silicon-Validation-Research-Project/new_cpu_implementation/vitis/PSV_HLS/RAW_solu/.autopilot/db/pipeline_core_hls.pp.0.cpp -hls-platform-db-name=C:/Xilinx/Vitis_HLS/2021.2/common/technology/xilinx/common/platform.db -hls-platform-name=kintex7_slow > C:/Users/sreer/Post-Silicon-Validation-Research-Project/new_cpu_implementation/vitis/PSV_HLS/RAW_solu/.autopilot/db/clang.out.log 2> C:/Users/sreer/Post-Silicon-Validation-Research-Project/new_cpu_implementation/vitis/PSV_HLS/RAW_solu/.autopilot/db/clang.err.log 
Command       ap_eval done; 0.329 sec.
Execute       clang_tidy xilinx-systemc-detector -desc systemc-detector C:/Users/sreer/Post-Silicon-Validation-Research-Project/new_cpu_implementation/vitis/PSV_HLS/RAW_solu/.autopilot/db/pipeline_core_hls.pp.0.cpp std=gnu++14 -target fpga  -directive=C:/Users/sreer/Post-Silicon-Validation-Research-Project/new_cpu_implementation/vitis/PSV_HLS/RAW_solu/.autopilot/db/.systemc_flag 
INFO-FLOW: exec C:/Xilinx/Vitis_HLS/2021.2/win64/tools/clang-3.9-csynth/bin/clang-tidy -header-filter=.* --checks=-*,xilinx-systemc-detector -import-directive=C:/Users/sreer/Post-Silicon-Validation-Research-Project/new_cpu_implementation/vitis/PSV_HLS/RAW_solu/.autopilot/db/.systemc_flag -fix-errors C:/Users/sreer/Post-Silicon-Validation-Research-Project/new_cpu_implementation/vitis/PSV_HLS/RAW_solu/.autopilot/db/pipeline_core_hls.pp.0.cpp -- -std=gnu++14 -target fpga -fhls -ferror-limit=0
Command       clang_tidy done; 0.404 sec.
INFO-FLOW: Running: clang-tidy CDT preprocess 39
Execute       clang_tidy xilinx-directive2pragma -desc directive2pragma C:/Users/sreer/Post-Silicon-Validation-Research-Project/new_cpu_implementation/vitis/PSV_HLS/RAW_solu/.autopilot/db/pipeline_core_hls.pp.0.cpp std=gnu++14 -target fpga  -directive=C:/Users/sreer/Post-Silicon-Validation-Research-Project/new_cpu_implementation/vitis/PSV_HLS/RAW_solu/.autopilot/db/all.directive.json 
INFO-FLOW: exec C:/Xilinx/Vitis_HLS/2021.2/win64/tools/clang-3.9-csynth/bin/clang-tidy -header-filter=.* --checks=-*,xilinx-directive2pragma -import-directive=C:/Users/sreer/Post-Silicon-Validation-Research-Project/new_cpu_implementation/vitis/PSV_HLS/RAW_solu/.autopilot/db/all.directive.json -fix-errors C:/Users/sreer/Post-Silicon-Validation-Research-Project/new_cpu_implementation/vitis/PSV_HLS/RAW_solu/.autopilot/db/pipeline_core_hls.pp.0.cpp -- -std=gnu++14 -target fpga -fhls -ferror-limit=0
Command       clang_tidy done; 0.413 sec.
Execute       clang_tidy xilinx-constantarray-param,xilinx-remove-assert -desc constantarray_remove-assert C:/Users/sreer/Post-Silicon-Validation-Research-Project/new_cpu_implementation/vitis/PSV_HLS/RAW_solu/.autopilot/db/pipeline_core_hls.pp.0.cpp std=gnu++14 -target fpga  
INFO-FLOW: exec C:/Xilinx/Vitis_HLS/2021.2/win64/tools/clang-3.9-csynth/bin/clang-tidy -header-filter=.* --checks=-*,xilinx-constantarray-param,xilinx-remove-assert -fix-errors C:/Users/sreer/Post-Silicon-Validation-Research-Project/new_cpu_implementation/vitis/PSV_HLS/RAW_solu/.autopilot/db/pipeline_core_hls.pp.0.cpp -- -std=gnu++14 -target fpga -fhls -ferror-limit=0
Command       clang_tidy done; 0.295 sec.
INFO-FLOW: Done: clang-tidy CDT preprocess 39 time: 0.7 seconds per iteration
INFO-FLOW: Calling xilinx-label-all-loops ... 
INFO-FLOW: Calling xilinx-aggregate-on-hls-vector ... 
Execute       clang_tidy -errorcheck -desc loop-label xilinx-label-all-loops,xilinx-aggregate-on-hls-vector,,xilinx-warn-mayneed-no-ctor-attribute C:/Users/sreer/Post-Silicon-Validation-Research-Project/new_cpu_implementation/vitis/PSV_HLS/RAW_solu/.autopilot/db/pipeline_core_hls.pp.0.cpp std=gnu++14 -target fpga  
Execute         ap_eval exec -ignorestderr C:/Xilinx/Vitis_HLS/2021.2/win64/tools/clang-3.9-csynth/bin/clang-tidy -export-fixes=C:/Users/sreer/Post-Silicon-Validation-Research-Project/new_cpu_implementation/vitis/PSV_HLS/RAW_solu/.autopilot/db/pipeline_core_hls.pp.0.cpp.clang-tidy.loop-label.diag.yml -header-filter=.* --checks=-*,xilinx-label-all-loops,xilinx-aggregate-on-hls-vector,,xilinx-warn-mayneed-no-ctor-attribute -fix-errors C:/Users/sreer/Post-Silicon-Validation-Research-Project/new_cpu_implementation/vitis/PSV_HLS/RAW_solu/.autopilot/db/pipeline_core_hls.pp.0.cpp -- -std=gnu++14 -target fpga -fhls -ferror-limit=0 > C:/Users/sreer/Post-Silicon-Validation-Research-Project/new_cpu_implementation/vitis/PSV_HLS/RAW_solu/.autopilot/db/pipeline_core_hls.pp.0.cpp.clang-tidy.loop-label.out.log 2> C:/Users/sreer/Post-Silicon-Validation-Research-Project/new_cpu_implementation/vitis/PSV_HLS/RAW_solu/.autopilot/db/pipeline_core_hls.pp.0.cpp.clang-tidy.loop-label.err.log 
Command         ap_eval done; 0.499 sec.
Execute         source C:/Xilinx/Vitis_HLS/2021.2/tps/tcl/tcllib1.11.1/yaml/yaml.tcl 
Command       clang_tidy done; 0.525 sec.
Execute       get_config_dataflow -strict_mode 
Execute       ap_eval exec -ignorestderr C:/Xilinx/Vitis_HLS/2021.2/win64/tools/clang-3.9-csynth/bin/xilinx-dataflow-lawyer -export-fixes=C:/Users/sreer/Post-Silicon-Validation-Research-Project/new_cpu_implementation/vitis/PSV_HLS/RAW_solu/.autopilot/db/pipeline_core_hls.pp.0.cpp.xilinx-dataflow-lawyer.diag.yml C:/Users/sreer/Post-Silicon-Validation-Research-Project/new_cpu_implementation/vitis/PSV_HLS/RAW_solu/.autopilot/db/pipeline_core_hls.pp.0.cpp -- -std=gnu++14 -target fpga -fhls -ferror-limit=0 -fstrict-dataflow > C:/Users/sreer/Post-Silicon-Validation-Research-Project/new_cpu_implementation/vitis/PSV_HLS/RAW_solu/.autopilot/db/pipeline_core_hls.pp.0.cpp.xilinx-dataflow-lawyer.out.log 2> C:/Users/sreer/Post-Silicon-Validation-Research-Project/new_cpu_implementation/vitis/PSV_HLS/RAW_solu/.autopilot/db/pipeline_core_hls.pp.0.cpp.xilinx-dataflow-lawyer.err.log 
Command       ap_eval done; 0.345 sec.
Execute       ap_part_info -name xc7k70t-fbv676-1 -data info 
INFO-FLOW: compiling source code to llvm bc
Execute       ap_eval exec -ignorestderr C:/Xilinx/Vitis_HLS/2021.2/win64/tools/clang-3.9-csynth/bin/clang -foptimization-record-file=C:/Users/sreer/Post-Silicon-Validation-Research-Project/new_cpu_implementation/vitis/PSV_HLS/RAW_solu/.autopilot/db/pipeline_core_hls.pp.0.cpp.clang.diag.yml -mllvm -pass-remarks-missed=reflow|pasta|unroll -mllvm -pass-remarks=reflow|pasta|unroll|inline -fno-limit-debug-info -fhls -flto -fno-exceptions -Wno-error=c++11-narrowing C:/Users/sreer/Post-Silicon-Validation-Research-Project/new_cpu_implementation/vitis/PSV_HLS/RAW_solu/.autopilot/db/pipeline_core_hls.pp.0.cpp -fno-math-errno -c -emit-llvm -mllvm -disable-llvm-optzns -Werror=implicit-function-declaration -Werror=implicit-hls-streams -Werror=return-type -Wpragmas -Wunused-parameter -Wdump-hls-pragmas -fno-threadsafe-statics -fno-use-cxa-atexit -std=gnu++14 -target fpga64-xilinx-linux-gnu -D__VITIS_HLS__ -DAESL_SYN -D__SYNTHESIS__ -D__HLS_SYN__ -I C:/Xilinx/Vitis_HLS/2021.2/common/technology/autopilot -I C:/Xilinx/Vitis_HLS/2021.2/common/technology/autopilot/ap_sysc -include etc/autopilot_ssdm_op.h -D__DSP48E1__ -g -o C:/Users/sreer/Post-Silicon-Validation-Research-Project/new_cpu_implementation/vitis/PSV_HLS/RAW_solu/.autopilot/db/pipeline_core_hls.bc -hls-platform-db-name=C:/Xilinx/Vitis_HLS/2021.2/common/technology/xilinx/common/platform.db -hls-platform-name=kintex7_slow > C:/Users/sreer/Post-Silicon-Validation-Research-Project/new_cpu_implementation/vitis/PSV_HLS/RAW_solu/.autopilot/db/pipeline_core_hls.pp.0.cpp.clang.out.log 2> C:/Users/sreer/Post-Silicon-Validation-Research-Project/new_cpu_implementation/vitis/PSV_HLS/RAW_solu/.autopilot/db/pipeline_core_hls.pp.0.cpp.clang.err.log 
Command       ap_eval done; 0.295 sec.
INFO: [HLS 200-111] Finished Source Code Analysis and Preprocessing: CPU user time: 1 seconds. CPU system time: 0 seconds. Elapsed time: 3.054 seconds; current allocated memory: 1.078 GB.
INFO-FLOW: Linking Debug ...
INFO-FLOW: Linking dut bc code.
Execute       run_link_or_opt -out C:/Users/sreer/Post-Silicon-Validation-Research-Project/new_cpu_implementation/vitis/PSV_HLS/RAW_solu/.autopilot/db/a.g.ld.0.bc -args  "C:/Users/sreer/Post-Silicon-Validation-Research-Project/new_cpu_implementation/vitis/PSV_HLS/RAW_solu/.autopilot/db/pipeline_core_hls.g.bc"  
Execute         ap_eval exec -ignorestderr C:/Xilinx/Vitis_HLS/2021.2/win64/tools/clang-3.9-csynth/bin/llvm-link C:/Users/sreer/Post-Silicon-Validation-Research-Project/new_cpu_implementation/vitis/PSV_HLS/RAW_solu/.autopilot/db/pipeline_core_hls.g.bc -o C:/Users/sreer/Post-Silicon-Validation-Research-Project/new_cpu_implementation/vitis/PSV_HLS/RAW_solu/.autopilot/db/a.g.ld.0.bc > C:/Users/sreer/Post-Silicon-Validation-Research-Project/new_cpu_implementation/vitis/PSV_HLS/RAW_solu/.autopilot/db/a.g.ld.0.bc.llvm-link.out.log 2> C:/Users/sreer/Post-Silicon-Validation-Research-Project/new_cpu_implementation/vitis/PSV_HLS/RAW_solu/.autopilot/db/a.g.ld.0.bc.llvm-link.err.log 
Command         ap_eval done; 0.109 sec.
INFO-FLOW: 
Command       run_link_or_opt done; 0.11 sec.
Execute       run_link_or_opt -opt -out C:/Users/sreer/Post-Silicon-Validation-Research-Project/new_cpu_implementation/vitis/PSV_HLS/RAW_solu/.autopilot/db/a.g.ld.1.lower.bc -args C:/Users/sreer/Post-Silicon-Validation-Research-Project/new_cpu_implementation/vitis/PSV_HLS/RAW_solu/.autopilot/db/a.g.ld.0.bc -reflow-lower-math-intrinsics 
Execute         ap_eval exec -ignorestderr C:/Xilinx/Vitis_HLS/2021.2/win64/tools/clang-3.9-csynth/bin/opt -pass-remarks-missed=reflow|pasta|unroll -pass-remarks=reflow|pasta|unroll|inline -pass-remarks-output=C:/Users/sreer/Post-Silicon-Validation-Research-Project/new_cpu_implementation/vitis/PSV_HLS/RAW_solu/.autopilot/db/a.g.ld.1.lower.bc.opt.diag.yml C:/Users/sreer/Post-Silicon-Validation-Research-Project/new_cpu_implementation/vitis/PSV_HLS/RAW_solu/.autopilot/db/a.g.ld.0.bc -reflow-lower-math-intrinsics -o C:/Users/sreer/Post-Silicon-Validation-Research-Project/new_cpu_implementation/vitis/PSV_HLS/RAW_solu/.autopilot/db/a.g.ld.1.lower.bc > C:/Users/sreer/Post-Silicon-Validation-Research-Project/new_cpu_implementation/vitis/PSV_HLS/RAW_solu/.autopilot/db/a.g.ld.1.lower.bc.opt.out.log 2> C:/Users/sreer/Post-Silicon-Validation-Research-Project/new_cpu_implementation/vitis/PSV_HLS/RAW_solu/.autopilot/db/a.g.ld.1.lower.bc.opt.err.log 
Command         ap_eval done; 0.153 sec.
INFO-FLOW: 
Command       run_link_or_opt done; 0.154 sec.
INFO-FLOW: Linking math bc lib
Execute       run_link_or_opt -out C:/Users/sreer/Post-Silicon-Validation-Research-Project/new_cpu_implementation/vitis/PSV_HLS/RAW_solu/.autopilot/db/a.g.ld.2.m1.bc -args C:/Users/sreer/Post-Silicon-Validation-Research-Project/new_cpu_implementation/vitis/PSV_HLS/RAW_solu/.autopilot/db/a.g.ld.1.lower.bc -only-needed C:/Xilinx/Vitis_HLS/2021.2/win64/lib/libhlsm_39.bc C:/Xilinx/Vitis_HLS/2021.2/win64/lib/libhlsmc++_39.bc 
Execute         ap_eval exec -ignorestderr C:/Xilinx/Vitis_HLS/2021.2/win64/tools/clang-3.9-csynth/bin/llvm-link C:/Users/sreer/Post-Silicon-Validation-Research-Project/new_cpu_implementation/vitis/PSV_HLS/RAW_solu/.autopilot/db/a.g.ld.1.lower.bc -only-needed C:/Xilinx/Vitis_HLS/2021.2/win64/lib/libhlsm_39.bc C:/Xilinx/Vitis_HLS/2021.2/win64/lib/libhlsmc++_39.bc -o C:/Users/sreer/Post-Silicon-Validation-Research-Project/new_cpu_implementation/vitis/PSV_HLS/RAW_solu/.autopilot/db/a.g.ld.2.m1.bc > C:/Users/sreer/Post-Silicon-Validation-Research-Project/new_cpu_implementation/vitis/PSV_HLS/RAW_solu/.autopilot/db/a.g.ld.2.m1.bc.llvm-link.out.log 2> C:/Users/sreer/Post-Silicon-Validation-Research-Project/new_cpu_implementation/vitis/PSV_HLS/RAW_solu/.autopilot/db/a.g.ld.2.m1.bc.llvm-link.err.log 
Command         ap_eval done; 1.485 sec.
INFO-FLOW: 
Command       run_link_or_opt done; 1.487 sec.
Execute       run_link_or_opt -opt -out C:/Users/sreer/Post-Silicon-Validation-Research-Project/new_cpu_implementation/vitis/PSV_HLS/RAW_solu/.autopilot/db/a.g.ld.3.fpc.bc -args C:/Users/sreer/Post-Silicon-Validation-Research-Project/new_cpu_implementation/vitis/PSV_HLS/RAW_solu/.autopilot/db/a.g.ld.2.m1.bc -reflow-globaldce -hls-top-function-name=pipeline_top -reflow-float-conversion 
Execute         ap_eval exec -ignorestderr C:/Xilinx/Vitis_HLS/2021.2/win64/tools/clang-3.9-csynth/bin/opt -pass-remarks-missed=reflow|pasta|unroll -pass-remarks=reflow|pasta|unroll|inline -pass-remarks-output=C:/Users/sreer/Post-Silicon-Validation-Research-Project/new_cpu_implementation/vitis/PSV_HLS/RAW_solu/.autopilot/db/a.g.ld.3.fpc.bc.opt.diag.yml C:/Users/sreer/Post-Silicon-Validation-Research-Project/new_cpu_implementation/vitis/PSV_HLS/RAW_solu/.autopilot/db/a.g.ld.2.m1.bc -reflow-globaldce -hls-top-function-name=pipeline_top -reflow-float-conversion -o C:/Users/sreer/Post-Silicon-Validation-Research-Project/new_cpu_implementation/vitis/PSV_HLS/RAW_solu/.autopilot/db/a.g.ld.3.fpc.bc > C:/Users/sreer/Post-Silicon-Validation-Research-Project/new_cpu_implementation/vitis/PSV_HLS/RAW_solu/.autopilot/db/a.g.ld.3.fpc.bc.opt.out.log 2> C:/Users/sreer/Post-Silicon-Validation-Research-Project/new_cpu_implementation/vitis/PSV_HLS/RAW_solu/.autopilot/db/a.g.ld.3.fpc.bc.opt.err.log 
Command         ap_eval done; 0.518 sec.
INFO-FLOW: 
Command       run_link_or_opt done; 0.521 sec.
Execute       run_link_or_opt -out C:/Users/sreer/Post-Silicon-Validation-Research-Project/new_cpu_implementation/vitis/PSV_HLS/RAW_solu/.autopilot/db/a.g.ld.4.m2.bc -args C:/Users/sreer/Post-Silicon-Validation-Research-Project/new_cpu_implementation/vitis/PSV_HLS/RAW_solu/.autopilot/db/a.g.ld.3.fpc.bc -only-needed C:/Xilinx/Vitis_HLS/2021.2/win64/lib/libfloatconversion_39.bc 
Execute         ap_eval exec -ignorestderr C:/Xilinx/Vitis_HLS/2021.2/win64/tools/clang-3.9-csynth/bin/llvm-link C:/Users/sreer/Post-Silicon-Validation-Research-Project/new_cpu_implementation/vitis/PSV_HLS/RAW_solu/.autopilot/db/a.g.ld.3.fpc.bc -only-needed C:/Xilinx/Vitis_HLS/2021.2/win64/lib/libfloatconversion_39.bc -o C:/Users/sreer/Post-Silicon-Validation-Research-Project/new_cpu_implementation/vitis/PSV_HLS/RAW_solu/.autopilot/db/a.g.ld.4.m2.bc > C:/Users/sreer/Post-Silicon-Validation-Research-Project/new_cpu_implementation/vitis/PSV_HLS/RAW_solu/.autopilot/db/a.g.ld.4.m2.bc.llvm-link.out.log 2> C:/Users/sreer/Post-Silicon-Validation-Research-Project/new_cpu_implementation/vitis/PSV_HLS/RAW_solu/.autopilot/db/a.g.ld.4.m2.bc.llvm-link.err.log 
INFO-FLOW: 
Execute       run_link_or_opt -opt -out C:/Users/sreer/Post-Silicon-Validation-Research-Project/new_cpu_implementation/vitis/PSV_HLS/RAW_solu/.autopilot/db/a.g.ld.5.gdce.bc -args C:/Users/sreer/Post-Silicon-Validation-Research-Project/new_cpu_implementation/vitis/PSV_HLS/RAW_solu/.autopilot/db/a.g.ld.4.m2.bc -reflow-globaldce -hls-top-function-name=pipeline_top 
Execute         ap_eval exec -ignorestderr C:/Xilinx/Vitis_HLS/2021.2/win64/tools/clang-3.9-csynth/bin/opt -pass-remarks-missed=reflow|pasta|unroll -pass-remarks=reflow|pasta|unroll|inline -pass-remarks-output=C:/Users/sreer/Post-Silicon-Validation-Research-Project/new_cpu_implementation/vitis/PSV_HLS/RAW_solu/.autopilot/db/a.g.ld.5.gdce.bc.opt.diag.yml C:/Users/sreer/Post-Silicon-Validation-Research-Project/new_cpu_implementation/vitis/PSV_HLS/RAW_solu/.autopilot/db/a.g.ld.4.m2.bc -reflow-globaldce -hls-top-function-name=pipeline_top -o C:/Users/sreer/Post-Silicon-Validation-Research-Project/new_cpu_implementation/vitis/PSV_HLS/RAW_solu/.autopilot/db/a.g.ld.5.gdce.bc > C:/Users/sreer/Post-Silicon-Validation-Research-Project/new_cpu_implementation/vitis/PSV_HLS/RAW_solu/.autopilot/db/a.g.ld.5.gdce.bc.opt.out.log 2> C:/Users/sreer/Post-Silicon-Validation-Research-Project/new_cpu_implementation/vitis/PSV_HLS/RAW_solu/.autopilot/db/a.g.ld.5.gdce.bc.opt.err.log 
INFO-FLOW: 
Execute       get_solution -flow_target 
Execute       get_config_export -xo 
Execute       get_config_export -format 
Execute       get_config_rtl -module_prefix 
Execute       get_config_interface -default_slave_interface 
Execute       get_solution -flow_target 
Execute       get_config_export -xo 
Execute       get_config_export -format 
Execute       get_config_interface -m_axi_offset 
Execute       get_config_interface -m_axi_latency 
Execute       get_config_interface -m_axi_alignment_byte_size 
Execute       get_config_interface -m_axi_min_bitwidth 
Execute       get_config_interface -m_axi_max_bitwidth 
Execute       get_config_interface -m_axi_max_widen_bitwidth 
Execute       get_config_interface -m_axi_num_read_outstanding 
Execute       get_config_interface -m_axi_num_write_outstanding 
Execute       get_config_interface -m_axi_max_read_burst_length 
Execute       get_config_interface -m_axi_max_write_burst_length 
Execute       get_config_interface -m_axi_min_bitwidth 
Execute       get_config_interface -m_axi_max_bitwidth 
Execute       get_config_interface -m_axi_latency 
Execute       get_config_interface -m_axi_min_bitwidth 
Execute       get_config_interface -m_axi_max_bitwidth 
Execute       get_config_interface -m_axi_max_widen_bitwidth 
Execute       get_config_interface -m_axi_auto_max_ports 
Execute       get_config_interface -m_axi_num_read_outstanding 
Execute       get_config_interface -m_axi_num_write_outstanding 
Execute       get_config_interface -m_axi_max_read_burst_length 
Execute       get_config_interface -m_axi_max_write_burst_length 
Execute       get_config_interface -s_axilite_data64 
Execute       get_config_compile -instruction_warning_threshold 
Execute       get_config_interface -m_axi_alignment_byte_size 
Execute       get_config_compile -pragma_strict_mode 
Execute       get_config_compile -pipeline_style 
Execute       get_config_array_partition -throughput_driven 
Execute       send_msg_by_id INFO @200-777@%s Vivado 
INFO: [HLS 200-777] Using interface defaults for 'Vivado' flow target.
Execute       is_m_axi_addr64 
INFO-FLOW: Doing LTO.
Execute       ap_eval exec -ignorestderr C:/Xilinx/Vitis_HLS/2021.2/win64/tools/clang-3.9-csynth/bin/clang -foptimization-record-file=C:/Users/sreer/Post-Silicon-Validation-Research-Project/new_cpu_implementation/vitis/PSV_HLS/RAW_solu/.autopilot/db/a.g.ld.0.bc.clang.diag.yml -mllvm -pass-remarks-missed=reflow|pasta|unroll -mllvm -pass-remarks=reflow|pasta|unroll|inline -fhls -mllvm -hls-top-function-name=pipeline_top -mllvm -hls-db-dir -mllvm C:/Users/sreer/Post-Silicon-Validation-Research-Project/new_cpu_implementation/vitis/PSV_HLS/RAW_solu/.autopilot/db -emit-llvm -c -target fpga64-xilinx-none -mllvm -xcl-xmlinfo=C:/Users/sreer/Post-Silicon-Validation-Research-Project/new_cpu_implementation/vitis/PSV_HLS/RAW_solu/.autopilot/db/kernel.internal.xml -mllvm -top-io-mapping-info=C:/Users/sreer/Post-Silicon-Validation-Research-Project/new_cpu_implementation/vitis/PSV_HLS/RAW_solu/.autopilot/db/top-io-fe.xml -mllvm -hls-bitcode-version=3.1 -mllvm -reflow-enable-slave-interface-default-setting=true -mllvm -gen-kernel-xml=false -mllvm -default-maxi-offset=slave -mllvm -maxi-latency=0 -mllvm -hls-maxi-data-size-in-bits=8 -mllvm -hls-maxi-max-data-size-in-bits=1024 -mllvm -hls-max-widen-size-in-bits=0 -mllvm -xcl-kernel-max-mem-ports=0 -mllvm -maxi-read-trans=16 -mllvm -maxi-write-trans=16 -mllvm -maxi-read-burst-len=16 -mllvm -maxi-write-burst-len=16 -mllvm -reflow-enable-saxi-64bits=0 -mllvm -reflow-basic-block-instr-threshhold=200000 -mllvm -assume-maxi-align=0 -mllvm -no-unaligned-maxi-accesses -mllvm -reflow-pipeline-style-llvm-setting=0 -mllvm -reflow-auto-array-partition-mode=default -mllvm -reflow-enable-auto-array-partition=true -mllvm -reflow-aggregate-bitwidth-threshold=4096 -mllvm -reflow-disaggregate-bitwidth-threshold=4096 -mllvm -hls -mllvm -disable-inlined-alloca-merging=true -x ir C:/Users/sreer/Post-Silicon-Validation-Research-Project/new_cpu_implementation/vitis/PSV_HLS/RAW_solu/.autopilot/db/a.g.ld.5.gdce.bc -o C:/Users/sreer/Post-Silicon-Validation-Research-Project/new_cpu_implementation/vitis/PSV_HLS/RAW_solu/.autopilot/db/a.g.lto.bc -hls-platform-db-name=C:/Xilinx/Vitis_HLS/2021.2/common/technology/xilinx/common/platform.db -hls-platform-name=kintex7_slow > C:/Users/sreer/Post-Silicon-Validation-Research-Project/new_cpu_implementation/vitis/PSV_HLS/RAW_solu/.autopilot/db/a.g.ld.0.bc.clang.out.log 2> C:/Users/sreer/Post-Silicon-Validation-Research-Project/new_cpu_implementation/vitis/PSV_HLS/RAW_solu/.autopilot/db/a.g.ld.0.bc.clang.err.log 
Command       ap_eval done; 0.57 sec.
INFO: [HLS 214-284] Auto array partition mode is set into default.
INFO: [HLS 214-131] Inlining function 'ap_uint<32>::ap_uint(int)' into '__cxx_global_var_init.7' (../hls/pipeline_core_hls.cpp:9:18)
INFO: [HLS 214-131] Inlining function 'ap_uint<32>::ap_uint(int)' into 'PipelineLatch::reset()' (../hls/pipeline_core_hls.h:41:29)
INFO: [HLS 214-131] Inlining function 'ap_int<32>::ap_int(int)' into 'PipelineLatch::reset()' (../hls/pipeline_core_hls.h:44:47)
INFO: [HLS 214-131] Inlining function 'ap_int<32>::ap_int(int)' into 'PipelineLatch::reset()' (../hls/pipeline_core_hls.h:44:35)
INFO: [HLS 214-131] Inlining function 'ap_int<32>::ap_int(int)' into 'PipelineLatch::reset()' (../hls/pipeline_core_hls.h:44:25)
INFO: [HLS 214-131] Inlining function 'ap_int<32>::ap_int(int)' into 'PipelineLatch::reset()' (../hls/pipeline_core_hls.h:44:15)
INFO: [HLS 214-131] Inlining function 'ap_uint<7>::ap_uint(int)' into 'PipelineLatch::reset()' (../hls/pipeline_core_hls.h:42:42)
INFO: [HLS 214-131] Inlining function 'ap_uint<3>::ap_uint(int)' into 'PipelineLatch::reset()' (../hls/pipeline_core_hls.h:42:30)
INFO: [HLS 214-131] Inlining function 'ap_uint<7>::ap_uint(int)' into 'PipelineLatch::reset()' (../hls/pipeline_core_hls.h:42:18)
INFO: [HLS 214-131] Inlining function 'ap_uint<32>::ap_uint(int)' into 'PipelineLatch::reset()' (../hls/pipeline_core_hls.h:41:40)
INFO: [HLS 214-131] Inlining function 'ap_int_base<32, true>::ap_int_base(int)' into 'bool operator==<7, false>(ap_int_base<7, false> const&, int)' (C:/Xilinx/Vitis_HLS/2021.2/common/technology/autopilot\ap_int_base.h:1810:1853)
INFO: [HLS 214-131] Inlining function 'bool ap_int_base<7, false>::operator==<32, true>(ap_int_base<32, true> const&) const' into 'bool operator==<7, false>(ap_int_base<7, false> const&, int)' (C:/Xilinx/Vitis_HLS/2021.2/common/technology/autopilot\ap_int_base.h:1810:1850)
INFO: [HLS 214-131] Inlining function 'ap_int_base<33, true>::ap_int_base<32, true>(ap_int_base<32, true> const&)' into 'ap_int_base<32, true>::RType<32, true>::minus operator-<32, true, 32, true>(ap_int_base<32, true> const&, ap_int_base<32, true> const&)' (C:/Xilinx/Vitis_HLS/2021.2/common/technology/autopilot\ap_int_base.h:1541:341)
INFO: [HLS 214-131] Inlining function 'ap_int<33>::ap_int<33, true>(ap_int_base<33, true> const&)' into 'ap_int_base<32, true>::RType<32, true>::minus operator-<32, true, 32, true>(ap_int_base<32, true> const&, ap_int_base<32, true> const&)' (C:/Xilinx/Vitis_HLS/2021.2/common/technology/autopilot\ap_int_base.h:1541:555)
INFO: [HLS 214-131] Inlining function 'ap_int_base<33, true>::ap_int_base<32, true>(ap_int_base<32, true> const&)' into 'ap_int_base<32, true>::RType<32, true>::minus operator-<32, true, 32, true>(ap_int_base<32, true> const&, ap_int_base<32, true> const&)' (C:/Xilinx/Vitis_HLS/2021.2/common/technology/autopilot\ap_int_base.h:1541:430)
INFO: [HLS 214-131] Inlining function 'ap_int_base<33, true>::ap_int_base<32, true>(ap_int_base<32, true> const&)' into 'ap_int_base<32, true>::RType<32, true>::plus operator+<32, true, 32, true>(ap_int_base<32, true> const&, ap_int_base<32, true> const&)' (C:/Xilinx/Vitis_HLS/2021.2/common/technology/autopilot\ap_int_base.h:1540:339)
INFO: [HLS 214-131] Inlining function 'ap_int<33>::ap_int<33, true>(ap_int_base<33, true> const&)' into 'ap_int_base<32, true>::RType<32, true>::plus operator+<32, true, 32, true>(ap_int_base<32, true> const&, ap_int_base<32, true> const&)' (C:/Xilinx/Vitis_HLS/2021.2/common/technology/autopilot\ap_int_base.h:1540:551)
INFO: [HLS 214-131] Inlining function 'ap_int_base<33, true>::ap_int_base<32, true>(ap_int_base<32, true> const&)' into 'ap_int_base<32, true>::RType<32, true>::plus operator+<32, true, 32, true>(ap_int_base<32, true> const&, ap_int_base<32, true> const&)' (C:/Xilinx/Vitis_HLS/2021.2/common/technology/autopilot\ap_int_base.h:1540:427)
INFO: [HLS 214-131] Inlining function 'ap_int<32>::ap_int<32, true>(ap_int_base<32, true> const&)' into 'ap_int_base<32, true>::RType<32, true>::arg1 operator<<<32, true>(ap_int_base<32, true> const&, int)' (C:/Xilinx/Vitis_HLS/2021.2/common/technology/autopilot\ap_int_base.h:1691:323)
INFO: [HLS 214-131] Inlining function 'ap_int<32>::ap_int<32, true>(ap_int_base<32, true> const&)' into 'ap_int_base<32, true>::RType<32, true>::logic operator^<32, true, 32, true>(ap_int_base<32, true> const&, ap_int_base<32, true> const&)' (C:/Xilinx/Vitis_HLS/2021.2/common/technology/autopilot\ap_int_base.h:1544:555)
INFO: [HLS 214-131] Inlining function 'ap_int<32>::ap_int<32, true>(ap_int_base<32, true> const&)' into 'ap_int_base<32, true>::RType<32, true>::logic operator|<32, true, 32, true>(ap_int_base<32, true> const&, ap_int_base<32, true> const&)' (C:/Xilinx/Vitis_HLS/2021.2/common/technology/autopilot\ap_int_base.h:1543:555)
INFO: [HLS 214-131] Inlining function 'ap_int<32>::ap_int<32, true>(ap_int_base<32, true> const&)' into 'ap_int_base<32, true>::RType<32, true>::logic operator&<32, true, 32, true>(ap_int_base<32, true> const&, ap_int_base<32, true> const&)' (C:/Xilinx/Vitis_HLS/2021.2/common/technology/autopilot\ap_int_base.h:1542:555)
INFO: [HLS 214-131] Inlining function 'ap_uint<32>::ap_uint<32, false>(ap_int_base<32, false> const&)' into 'ap_int_base<32, false>::RType<32, false>::arg1 operator>><32, false>(ap_int_base<32, false> const&, int)' (C:/Xilinx/Vitis_HLS/2021.2/common/technology/autopilot\ap_int_base.h:1691:650)
INFO: [HLS 214-131] Inlining function 'ap_int_base<33, true>::ap_int_base<32, false>(ap_int_base<32, false> const&)' into 'ap_int_base<32, false>::RType<32, true>::logic operator&<32, false, 32, true>(ap_int_base<32, false> const&, ap_int_base<32, true> const&)' (C:/Xilinx/Vitis_HLS/2021.2/common/technology/autopilot\ap_int_base.h:1542:341)
INFO: [HLS 214-131] Inlining function 'ap_int<33>::ap_int<33, true>(ap_int_base<33, true> const&)' into 'ap_int_base<32, false>::RType<32, true>::logic operator&<32, false, 32, true>(ap_int_base<32, false> const&, ap_int_base<32, true> const&)' (C:/Xilinx/Vitis_HLS/2021.2/common/technology/autopilot\ap_int_base.h:1542:555)
INFO: [HLS 214-131] Inlining function 'ap_int_base<33, true>::ap_int_base<32, true>(ap_int_base<32, true> const&)' into 'ap_int_base<32, false>::RType<32, true>::logic operator&<32, false, 32, true>(ap_int_base<32, false> const&, ap_int_base<32, true> const&)' (C:/Xilinx/Vitis_HLS/2021.2/common/technology/autopilot\ap_int_base.h:1542:430)
INFO: [HLS 214-131] Inlining function 'ap_int_base<32, true>::ap_int_base(int)' into 'ap_int_base<32, false>::RType<($_0)32, true>::logic operator&<32, false>(ap_int_base<32, false> const&, int)' (C:/Xilinx/Vitis_HLS/2021.2/common/technology/autopilot\ap_int_base.h:1655:3098)
INFO: [HLS 214-131] Inlining function 'ap_int_base<32, false>::RType<32, true>::logic operator&<32, false, 32, true>(ap_int_base<32, false> const&, ap_int_base<32, true> const&)' into 'ap_int_base<32, false>::RType<($_0)32, true>::logic operator&<32, false>(ap_int_base<32, false> const&, int)' (C:/Xilinx/Vitis_HLS/2021.2/common/technology/autopilot\ap_int_base.h:1655:3096)
INFO: [HLS 214-131] Inlining function 'ap_int_base<32, false>::operator unsigned long long() const' into 'sign_extend(ap_uint<32>, int)' (../hls/pipeline_core_hls.h:51:28)
INFO: [HLS 214-131] Inlining function 'ap_int<32>::ap_int(int)' into 'sign_extend(ap_uint<32>, int)' (../hls/pipeline_core_hls.h:53:12)
INFO: [HLS 214-131] Inlining function 'ap_int_base<32, false>::RType<32, false>::arg1 operator>><32, false>(ap_int_base<32, false> const&, int)' into 'imm_i(ap_uint<32>)' (../hls/pipeline_core_hls.h:59:31)
INFO: [HLS 214-131] Inlining function 'ap_int_base<32, false>::RType<($_0)32, true>::logic operator&<32, false>(ap_int_base<32, false> const&, int)' into 'imm_i(ap_uint<32>)' (../hls/pipeline_core_hls.h:59:38)
INFO: [HLS 214-131] Inlining function 'ap_uint<32>::ap_uint<33>(ap_int<33> const&)' into 'imm_i(ap_uint<32>)' (../hls/pipeline_core_hls.h:59:24)
INFO: [HLS 214-131] Inlining function 'ap_int<33>::ap_int<33, true>(ap_int_base<33, true> const&)' into 'ap_int_base<33, true>::RType<33, true>::arg1 operator<<<33, true>(ap_int_base<33, true> const&, int)' (C:/Xilinx/Vitis_HLS/2021.2/common/technology/autopilot\ap_int_base.h:1691:323)
INFO: [HLS 214-131] Inlining function 'ap_int<33>::ap_int<33, true>(ap_int_base<33, true> const&)' into 'ap_int_base<33, true>::RType<33, true>::logic operator|<33, true, 33, true>(ap_int_base<33, true> const&, ap_int_base<33, true> const&)' (C:/Xilinx/Vitis_HLS/2021.2/common/technology/autopilot\ap_int_base.h:1543:555)
INFO: [HLS 214-131] Inlining function 'ap_int_base<32, false>::RType<32, false>::arg1 operator>><32, false>(ap_int_base<32, false> const&, int)' into 'imm_s(ap_uint<32>)' (../hls/pipeline_core_hls.h:65:28)
INFO: [HLS 214-131] Inlining function 'ap_int_base<32, false>::RType<($_0)32, true>::logic operator&<32, false>(ap_int_base<32, false> const&, int)' into 'imm_s(ap_uint<32>)' (../hls/pipeline_core_hls.h:65:35)
INFO: [HLS 214-131] Inlining function 'ap_uint<32>::ap_uint(unsigned int)' into 'imm_s(ap_uint<32>)' (../hls/pipeline_core_hls.h:66:24)
INFO: [HLS 214-131] Inlining function 'ap_int_base<33, true>::operator long long() const' into 'imm_s(ap_uint<32>)' (../hls/pipeline_core_hls.h:65:20)
INFO: [HLS 214-131] Inlining function 'ap_int_base<33, true>::RType<33, true>::logic operator|<33, true, 33, true>(ap_int_base<33, true> const&, ap_int_base<33, true> const&)' into 'imm_s(ap_uint<32>)' (../hls/pipeline_core_hls.h:65:48)
INFO: [HLS 214-131] Inlining function 'ap_int_base<32, false>::RType<($_0)32, true>::logic operator&<32, false>(ap_int_base<32, false> const&, int)' into 'imm_s(ap_uint<32>)' (../hls/pipeline_core_hls.h:65:64)
INFO: [HLS 214-131] Inlining function 'ap_int_base<32, false>::RType<32, false>::arg1 operator>><32, false>(ap_int_base<32, false> const&, int)' into 'imm_s(ap_uint<32>)' (../hls/pipeline_core_hls.h:65:58)
INFO: [HLS 214-131] Inlining function 'ap_int_base<33, true>::RType<33, true>::arg1 operator<<<33, true>(ap_int_base<33, true> const&, int)' into 'imm_s(ap_uint<32>)' (../hls/pipeline_core_hls.h:65:43)
INFO: [HLS 214-131] Inlining function 'ap_int_base<32, false>::RType<32, false>::arg1 operator>><32, false>(ap_int_base<32, false> const&, int)' into 'imm_b(ap_uint<32>)' (../hls/pipeline_core_hls.h:72:28)
INFO: [HLS 214-131] Inlining function 'ap_int_base<32, false>::RType<($_0)32, true>::logic operator&<32, false>(ap_int_base<32, false> const&, int)' into 'imm_b(ap_uint<32>)' (../hls/pipeline_core_hls.h:72:35)
INFO: [HLS 214-131] Inlining function 'ap_uint<32>::ap_uint(unsigned int)' into 'imm_b(ap_uint<32>)' (../hls/pipeline_core_hls.h:76:24)
INFO: [HLS 214-131] Inlining function 'ap_int_base<33, true>::operator long long() const' into 'imm_b(ap_uint<32>)' (../hls/pipeline_core_hls.h:72:20)
INFO: [HLS 214-131] Inlining function 'ap_int_base<33, true>::RType<33, true>::logic operator|<33, true, 33, true>(ap_int_base<33, true> const&, ap_int_base<33, true> const&)' into 'imm_b(ap_uint<32>)' (../hls/pipeline_core_hls.h:75:19)
INFO: [HLS 214-131] Inlining function 'ap_int_base<33, true>::RType<33, true>::arg1 operator<<<33, true>(ap_int_base<33, true> const&, int)' into 'imm_b(ap_uint<32>)' (../hls/pipeline_core_hls.h:75:42)
INFO: [HLS 214-131] Inlining function 'ap_int_base<32, false>::RType<($_0)32, true>::logic operator&<32, false>(ap_int_base<32, false> const&, int)' into 'imm_b(ap_uint<32>)' (../hls/pipeline_core_hls.h:75:35)
INFO: [HLS 214-131] Inlining function 'ap_int_base<32, false>::RType<32, false>::arg1 operator>><32, false>(ap_int_base<32, false> const&, int)' into 'imm_b(ap_uint<32>)' (../hls/pipeline_core_hls.h:75:29)
INFO: [HLS 214-131] Inlining function 'ap_int_base<33, true>::RType<33, true>::logic operator|<33, true, 33, true>(ap_int_base<33, true> const&, ap_int_base<33, true> const&)' into 'imm_b(ap_uint<32>)' (../hls/pipeline_core_hls.h:74:19)
INFO: [HLS 214-131] Inlining function 'ap_int_base<33, true>::RType<33, true>::arg1 operator<<<33, true>(ap_int_base<33, true> const&, int)' into 'imm_b(ap_uint<32>)' (../hls/pipeline_core_hls.h:74:44)
INFO: [HLS 214-131] Inlining function 'ap_int_base<32, false>::RType<($_0)32, true>::logic operator&<32, false>(ap_int_base<32, false> const&, int)' into 'imm_b(ap_uint<32>)' (../hls/pipeline_core_hls.h:74:36)
INFO: [HLS 214-131] Inlining function 'ap_int_base<32, false>::RType<32, false>::arg1 operator>><32, false>(ap_int_base<32, false> const&, int)' into 'imm_b(ap_uint<32>)' (../hls/pipeline_core_hls.h:74:29)
INFO: [HLS 214-131] Inlining function 'ap_int_base<33, true>::RType<33, true>::logic operator|<33, true, 33, true>(ap_int_base<33, true> const&, ap_int_base<33, true> const&)' into 'imm_b(ap_uint<32>)' (../hls/pipeline_core_hls.h:73:19)
INFO: [HLS 214-131] Inlining function 'ap_int_base<33, true>::RType<33, true>::arg1 operator<<<33, true>(ap_int_base<33, true> const&, int)' into 'imm_b(ap_uint<32>)' (../hls/pipeline_core_hls.h:73:42)
INFO: [HLS 214-131] Inlining function 'ap_int_base<32, false>::RType<($_0)32, true>::logic operator&<32, false>(ap_int_base<32, false> const&, int)' into 'imm_b(ap_uint<32>)' (../hls/pipeline_core_hls.h:73:35)
INFO: [HLS 214-131] Inlining function 'ap_int_base<32, false>::RType<32, false>::arg1 operator>><32, false>(ap_int_base<32, false> const&, int)' into 'imm_b(ap_uint<32>)' (../hls/pipeline_core_hls.h:73:29)
INFO: [HLS 214-131] Inlining function 'ap_int_base<33, true>::RType<33, true>::arg1 operator<<<33, true>(ap_int_base<33, true> const&, int)' into 'imm_b(ap_uint<32>)' (../hls/pipeline_core_hls.h:72:42)
INFO: [HLS 214-131] Inlining function 'ap_int_base<32, false>::RType<32, false>::arg1 operator>><32, false>(ap_int_base<32, false> const&, int)' into 'imm_j(ap_uint<32>)' (../hls/pipeline_core_hls.h:81:28)
INFO: [HLS 214-131] Inlining function 'ap_int_base<32, false>::RType<($_0)32, true>::logic operator&<32, false>(ap_int_base<32, false> const&, int)' into 'imm_j(ap_uint<32>)' (../hls/pipeline_core_hls.h:81:35)
INFO: [HLS 214-131] Inlining function 'ap_uint<32>::ap_uint(unsigned int)' into 'imm_j(ap_uint<32>)' (../hls/pipeline_core_hls.h:85:24)
INFO: [HLS 214-131] Inlining function 'ap_int_base<33, true>::operator long long() const' into 'imm_j(ap_uint<32>)' (../hls/pipeline_core_hls.h:81:20)
INFO: [HLS 214-131] Inlining function 'ap_int_base<33, true>::RType<33, true>::logic operator|<33, true, 33, true>(ap_int_base<33, true> const&, ap_int_base<33, true> const&)' into 'imm_j(ap_uint<32>)' (../hls/pipeline_core_hls.h:84:19)
INFO: [HLS 214-131] Inlining function 'ap_int_base<33, true>::RType<33, true>::arg1 operator<<<33, true>(ap_int_base<33, true> const&, int)' into 'imm_j(ap_uint<32>)' (../hls/pipeline_core_hls.h:84:45)
INFO: [HLS 214-131] Inlining function 'ap_int_base<32, false>::RType<($_0)32, true>::logic operator&<32, false>(ap_int_base<32, false> const&, int)' into 'imm_j(ap_uint<32>)' (../hls/pipeline_core_hls.h:84:36)
INFO: [HLS 214-131] Inlining function 'ap_int_base<32, false>::RType<32, false>::arg1 operator>><32, false>(ap_int_base<32, false> const&, int)' into 'imm_j(ap_uint<32>)' (../hls/pipeline_core_hls.h:84:29)
INFO: [HLS 214-131] Inlining function 'ap_int_base<33, true>::RType<33, true>::logic operator|<33, true, 33, true>(ap_int_base<33, true> const&, ap_int_base<33, true> const&)' into 'imm_j(ap_uint<32>)' (../hls/pipeline_core_hls.h:83:19)
INFO: [HLS 214-131] Inlining function 'ap_int_base<33, true>::RType<33, true>::arg1 operator<<<33, true>(ap_int_base<33, true> const&, int)' into 'imm_j(ap_uint<32>)' (../hls/pipeline_core_hls.h:83:43)
INFO: [HLS 214-131] Inlining function 'ap_int_base<32, false>::RType<($_0)32, true>::logic operator&<32, false>(ap_int_base<32, false> const&, int)' into 'imm_j(ap_uint<32>)' (../hls/pipeline_core_hls.h:83:36)
INFO: [HLS 214-131] Inlining function 'ap_int_base<32, false>::RType<32, false>::arg1 operator>><32, false>(ap_int_base<32, false> const&, int)' into 'imm_j(ap_uint<32>)' (../hls/pipeline_core_hls.h:83:29)
INFO: [HLS 214-131] Inlining function 'ap_int_base<33, true>::RType<33, true>::logic operator|<33, true, 33, true>(ap_int_base<33, true> const&, ap_int_base<33, true> const&)' into 'imm_j(ap_uint<32>)' (../hls/pipeline_core_hls.h:82:19)
INFO: [HLS 214-131] Inlining function 'ap_int_base<33, true>::RType<33, true>::arg1 operator<<<33, true>(ap_int_base<33, true> const&, int)' into 'imm_j(ap_uint<32>)' (../hls/pipeline_core_hls.h:82:44)
INFO: [HLS 214-131] Inlining function 'ap_int_base<32, false>::RType<($_0)32, true>::logic operator&<32, false>(ap_int_base<32, false> const&, int)' into 'imm_j(ap_uint<32>)' (../hls/pipeline_core_hls.h:82:36)
INFO: [HLS 214-131] Inlining function 'ap_int_base<32, false>::RType<32, false>::arg1 operator>><32, false>(ap_int_base<32, false> const&, int)' into 'imm_j(ap_uint<32>)' (../hls/pipeline_core_hls.h:82:29)
INFO: [HLS 214-131] Inlining function 'ap_int_base<33, true>::RType<33, true>::arg1 operator<<<33, true>(ap_int_base<33, true> const&, int)' into 'imm_j(ap_uint<32>)' (../hls/pipeline_core_hls.h:81:42)
INFO: [HLS 214-131] Inlining function 'bool operator==<7, false>(ap_int_base<7, false> const&, int)' into 'clock_cycle()' (../hls/pipeline_core_hls.cpp:39:26)
INFO: [HLS 214-131] Inlining function 'ap_uint<32>::ap_uint(unsigned int)' into 'clock_cycle()' (../hls/pipeline_core_hls.cpp:291:14)
INFO: [HLS 214-131] Inlining function 'ap_int_base<32, false>::operator unsigned long long() const' into 'clock_cycle()' (../hls/pipeline_core_hls.cpp:291:24)
INFO: [HLS 214-131] Inlining function 'ap_int_base<32, false>::operator unsigned long long() const' into 'clock_cycle()' (../hls/pipeline_core_hls.cpp:288:51)
INFO: [HLS 214-131] Inlining function 'ap_int_base<32, true>::operator long long() const' into 'clock_cycle()' (../hls/pipeline_core_hls.cpp:41:45)
INFO: [HLS 214-131] Inlining function 'bool operator==<7, false>(ap_int_base<7, false> const&, int)' into 'clock_cycle()' (../hls/pipeline_core_hls.cpp:45:31)
INFO: [HLS 214-131] Inlining function 'ap_int<32>::ap_int(int)' into 'clock_cycle()' (../hls/pipeline_core_hls.cpp:271:89)
INFO: [HLS 214-131] Inlining function 'ap_int<32>::ap_int(int)' into 'clock_cycle()' (../hls/pipeline_core_hls.cpp:270:89)
INFO: [HLS 214-131] Inlining function 'ap_int<32>::ap_int(int)' into 'clock_cycle()' (../hls/pipeline_core_hls.cpp:264:38)
INFO: [HLS 214-131] Inlining function 'ap_int_base<32, true>::operator long long() const' into 'clock_cycle()' (../hls/pipeline_core_hls.cpp:46:29)
INFO: [HLS 214-131] Inlining function 'ap_int_base<33, true>::operator long long() const' into 'clock_cycle()' (../hls/pipeline_core_hls.cpp:258:39)
INFO: [HLS 214-131] Inlining function 'ap_int_base<32, false>::RType<($_0)32, true>::logic operator&<32, false>(ap_int_base<32, false> const&, int)' into 'clock_cycle()' (../hls/pipeline_core_hls.cpp:258:58)
INFO: [HLS 214-131] Inlining function 'ap_int_base<32, false>::RType<32, false>::arg1 operator>><32, false>(ap_int_base<32, false> const&, int)' into 'clock_cycle()' (../hls/pipeline_core_hls.cpp:258:52)
INFO: [HLS 214-131] Inlining function 'bool operator==<7, false>(ap_int_base<7, false> const&, int)' into 'clock_cycle()' (../hls/pipeline_core_hls.cpp:87:37)
INFO: [HLS 214-131] Inlining function 'ap_int_base<33, true>::operator long long() const' into 'clock_cycle()' (../hls/pipeline_core_hls.cpp:253:39)
INFO: [HLS 214-131] Inlining function 'ap_int_base<32, false>::RType<($_0)32, true>::logic operator&<32, false>(ap_int_base<32, false> const&, int)' into 'clock_cycle()' (../hls/pipeline_core_hls.cpp:253:58)
INFO: [HLS 214-131] Inlining function 'ap_int_base<32, false>::RType<32, false>::arg1 operator>><32, false>(ap_int_base<32, false> const&, int)' into 'clock_cycle()' (../hls/pipeline_core_hls.cpp:253:52)
INFO: [HLS 214-131] Inlining function 'bool operator==<7, false>(ap_int_base<7, false> const&, int)' into 'clock_cycle()' (../hls/pipeline_core_hls.cpp:87:61)
INFO: [HLS 214-131] Inlining function 'ap_int_base<33, true>::operator long long() const' into 'clock_cycle()' (../hls/pipeline_core_hls.cpp:246:39)
INFO: [HLS 214-131] Inlining function 'ap_int_base<32, false>::RType<($_0)32, true>::logic operator&<32, false>(ap_int_base<32, false> const&, int)' into 'clock_cycle()' (../hls/pipeline_core_hls.cpp:246:59)
INFO: [HLS 214-131] Inlining function 'ap_int_base<32, false>::RType<32, false>::arg1 operator>><32, false>(ap_int_base<32, false> const&, int)' into 'clock_cycle()' (../hls/pipeline_core_hls.cpp:246:52)
INFO: [HLS 214-131] Inlining function 'bool operator==<7, false>(ap_int_base<7, false> const&, int)' into 'clock_cycle()' (../hls/pipeline_core_hls.cpp:87:85)
INFO: [HLS 214-131] Inlining function 'ap_int_base<33, true>::operator long long() const' into 'clock_cycle()' (../hls/pipeline_core_hls.cpp:241:39)
INFO: [HLS 214-131] Inlining function 'ap_int_base<32, false>::RType<($_0)32, true>::logic operator&<32, false>(ap_int_base<32, false> const&, int)' into 'clock_cycle()' (../hls/pipeline_core_hls.cpp:241:59)
INFO: [HLS 214-131] Inlining function 'ap_int_base<32, false>::RType<32, false>::arg1 operator>><32, false>(ap_int_base<32, false> const&, int)' into 'clock_cycle()' (../hls/pipeline_core_hls.cpp:241:52)
INFO: [HLS 214-131] Inlining function 'ap_int<32>::ap_int(int)' into 'clock_cycle()' (../hls/pipeline_core_hls.cpp:89:32)
INFO: [HLS 214-131] Inlining function 'ap_int_base<33, true>::operator long long() const' into 'clock_cycle()' (../hls/pipeline_core_hls.cpp:237:39)
INFO: [HLS 214-131] Inlining function 'ap_int_base<32, false>::RType<($_0)32, true>::logic operator&<32, false>(ap_int_base<32, false> const&, int)' into 'clock_cycle()' (../hls/pipeline_core_hls.cpp:237:58)
INFO: [HLS 214-131] Inlining function 'ap_int_base<32, false>::RType<32, false>::arg1 operator>><32, false>(ap_int_base<32, false> const&, int)' into 'clock_cycle()' (../hls/pipeline_core_hls.cpp:237:52)
INFO: [HLS 214-131] Inlining function 'ap_int_base<7, false>::operator unsigned long long() const' into 'clock_cycle()' (../hls/pipeline_core_hls.cpp:91:21)
INFO: [HLS 214-131] Inlining function 'ap_int_base<33, true>::operator long long() const' into 'clock_cycle()' (../hls/pipeline_core_hls.cpp:232:39)
INFO: [HLS 214-131] Inlining function 'ap_int_base<32, false>::RType<($_0)32, true>::logic operator&<32, false>(ap_int_base<32, false> const&, int)' into 'clock_cycle()' (../hls/pipeline_core_hls.cpp:232:58)
INFO: [HLS 214-131] Inlining function 'ap_int_base<32, false>::RType<32, false>::arg1 operator>><32, false>(ap_int_base<32, false> const&, int)' into 'clock_cycle()' (../hls/pipeline_core_hls.cpp:232:52)
INFO: [HLS 214-131] Inlining function 'ap_int<32>::ap_int(int)' into 'clock_cycle()' (../hls/pipeline_core_hls.cpp:228:38)
INFO: [HLS 214-131] Inlining function 'ap_int_base<33, true>::operator long long() const' into 'clock_cycle()' (../hls/pipeline_core_hls.cpp:227:39)
INFO: [HLS 214-131] Inlining function 'ap_int_base<32, false>::RType<($_0)32, true>::logic operator&<32, false>(ap_int_base<32, false> const&, int)' into 'clock_cycle()' (../hls/pipeline_core_hls.cpp:227:58)
INFO: [HLS 214-131] Inlining function 'ap_int_base<32, false>::RType<32, false>::arg1 operator>><32, false>(ap_int_base<32, false> const&, int)' into 'clock_cycle()' (../hls/pipeline_core_hls.cpp:227:52)
INFO: [HLS 214-131] Inlining function 'ap_int_base<33, true>::operator long long() const' into 'clock_cycle()' (../hls/pipeline_core_hls.cpp:226:39)
INFO: [HLS 214-131] Inlining function 'ap_int_base<32, false>::RType<($_0)32, true>::logic operator&<32, false>(ap_int_base<32, false> const&, int)' into 'clock_cycle()' (../hls/pipeline_core_hls.cpp:226:59)
INFO: [HLS 214-131] Inlining function 'ap_int_base<32, false>::RType<32, false>::arg1 operator>><32, false>(ap_int_base<32, false> const&, int)' into 'clock_cycle()' (../hls/pipeline_core_hls.cpp:226:52)
INFO: [HLS 214-131] Inlining function 'ap_int_base<7, false>::operator unsigned long long() const' into 'clock_cycle()' (../hls/pipeline_core_hls.cpp:224:25)
INFO: [HLS 214-131] Inlining function 'ap_uint<7>::ap_uint<33>(ap_int<33> const&)' into 'clock_cycle()' (../hls/pipeline_core_hls.cpp:221:33)
INFO: [HLS 214-131] Inlining function 'ap_int_base<32, false>::RType<($_0)32, true>::logic operator&<32, false>(ap_int_base<32, false> const&, int)' into 'clock_cycle()' (../hls/pipeline_core_hls.cpp:221:53)
INFO: [HLS 214-131] Inlining function 'ap_int_base<32, false>::RType<32, false>::arg1 operator>><32, false>(ap_int_base<32, false> const&, int)' into 'clock_cycle()' (../hls/pipeline_core_hls.cpp:221:46)
INFO: [HLS 214-131] Inlining function 'ap_int_base<33, true>::operator long long() const' into 'clock_cycle()' (../hls/pipeline_core_hls.cpp:220:31)
INFO: [HLS 214-131] Inlining function 'ap_int_base<32, false>::RType<($_0)32, true>::logic operator&<32, false>(ap_int_base<32, false> const&, int)' into 'clock_cycle()' (../hls/pipeline_core_hls.cpp:220:51)
INFO: [HLS 214-131] Inlining function 'ap_int_base<32, false>::RType<32, false>::arg1 operator>><32, false>(ap_int_base<32, false> const&, int)' into 'clock_cycle()' (../hls/pipeline_core_hls.cpp:220:44)
INFO: [HLS 214-131] Inlining function 'ap_uint<3>::ap_uint<33>(ap_int<33> const&)' into 'clock_cycle()' (../hls/pipeline_core_hls.cpp:219:33)
INFO: [HLS 214-131] Inlining function 'ap_int_base<32, false>::RType<($_0)32, true>::logic operator&<32, false>(ap_int_base<32, false> const&, int)' into 'clock_cycle()' (../hls/pipeline_core_hls.cpp:219:53)
INFO: [HLS 214-131] Inlining function 'ap_int_base<32, false>::RType<32, false>::arg1 operator>><32, false>(ap_int_base<32, false> const&, int)' into 'clock_cycle()' (../hls/pipeline_core_hls.cpp:219:46)
INFO: [HLS 214-131] Inlining function 'ap_uint<7>::ap_uint<33>(ap_int<33> const&)' into 'clock_cycle()' (../hls/pipeline_core_hls.cpp:218:33)
INFO: [HLS 214-131] Inlining function 'ap_int_base<32, false>::RType<($_0)32, true>::logic operator&<32, false>(ap_int_base<32, false> const&, int)' into 'clock_cycle()' (../hls/pipeline_core_hls.cpp:218:45)
INFO: [HLS 214-131] Inlining function 'ap_int_base<3, false>::operator unsigned long long() const' into 'clock_cycle()' (../hls/pipeline_core_hls.cpp:94:29)
INFO: [HLS 214-131] Inlining function 'bool operator==<7, false>(ap_int_base<7, false> const&, int)' into 'clock_cycle()' (../hls/pipeline_core_hls.cpp:197:41)
INFO: [HLS 214-131] Inlining function 'ap_int_base<33, true>::operator long long() const' into 'clock_cycle()' (../hls/pipeline_core_hls.cpp:188:35)
INFO: [HLS 214-131] Inlining function 'ap_int_base<32, false>::RType<($_0)32, true>::logic operator&<32, false>(ap_int_base<32, false> const&, int)' into 'clock_cycle()' (../hls/pipeline_core_hls.cpp:188:47)
INFO: [HLS 214-131] Inlining function 'ap_int_base<33, true>::operator long long() const' into 'clock_cycle()' (../hls/pipeline_core_hls.cpp:187:28)
INFO: [HLS 214-131] Inlining function 'ap_int_base<32, false>::RType<($_0)32, true>::logic operator&<32, false>(ap_int_base<32, false> const&, int)' into 'clock_cycle()' (../hls/pipeline_core_hls.cpp:187:48)
INFO: [HLS 214-131] Inlining function 'ap_int_base<32, false>::RType<32, false>::arg1 operator>><32, false>(ap_int_base<32, false> const&, int)' into 'clock_cycle()' (../hls/pipeline_core_hls.cpp:187:41)
INFO: [HLS 214-131] Inlining function 'ap_int_base<33, true>::operator long long() const' into 'clock_cycle()' (../hls/pipeline_core_hls.cpp:186:28)
INFO: [HLS 214-131] Inlining function 'ap_int_base<32, false>::RType<($_0)32, true>::logic operator&<32, false>(ap_int_base<32, false> const&, int)' into 'clock_cycle()' (../hls/pipeline_core_hls.cpp:186:48)
INFO: [HLS 214-131] Inlining function 'ap_int_base<32, false>::RType<32, false>::arg1 operator>><32, false>(ap_int_base<32, false> const&, int)' into 'clock_cycle()' (../hls/pipeline_core_hls.cpp:186:41)
INFO: [HLS 214-131] Inlining function 'bool operator==<7, false>(ap_int_base<7, false> const&, int)' into 'clock_cycle()' (../hls/pipeline_core_hls.cpp:175:25)
INFO: [HLS 214-131] Inlining function 'bool operator==<7, false>(ap_int_base<7, false> const&, int)' into 'clock_cycle()' (../hls/pipeline_core_hls.cpp:96:41)
INFO: [HLS 214-131] Inlining function 'ap_uint<32>::ap_uint(unsigned int)' into 'clock_cycle()' (../hls/pipeline_core_hls.cpp:163:22)
INFO: [HLS 214-131] Inlining function 'ap_int_base<32, true>::operator long long() const' into 'clock_cycle()' (../hls/pipeline_core_hls.cpp:163:63)
INFO: [HLS 214-131] Inlining function 'ap_int_base<32, true>::operator long long() const' into 'clock_cycle()' (../hls/pipeline_core_hls.cpp:163:43)
INFO: [HLS 214-131] Inlining function 'ap_int<32>::ap_int(int)' into 'clock_cycle()' (../hls/pipeline_core_hls.cpp:162:29)
INFO: [HLS 214-131] Inlining function 'ap_int_base<32, false>::operator unsigned long long() const' into 'clock_cycle()' (../hls/pipeline_core_hls.cpp:162:38)
INFO: [HLS 214-131] Inlining function 'bool operator==<7, false>(ap_int_base<7, false> const&, int)' into 'clock_cycle()' (../hls/pipeline_core_hls.cpp:96:65)
INFO: [HLS 214-131] Inlining function 'ap_uint<32>::ap_uint(unsigned int)' into 'clock_cycle()' (../hls/pipeline_core_hls.cpp:157:22)
INFO: [HLS 214-131] Inlining function 'ap_int_base<32, true>::operator long long() const' into 'clock_cycle()' (../hls/pipeline_core_hls.cpp:157:62)
INFO: [HLS 214-131] Inlining function 'ap_int_base<32, false>::operator unsigned long long() const' into 'clock_cycle()' (../hls/pipeline_core_hls.cpp:157:42)
INFO: [HLS 214-131] Inlining function 'ap_int<32>::ap_int(int)' into 'clock_cycle()' (../hls/pipeline_core_hls.cpp:156:29)
INFO: [HLS 214-131] Inlining function 'ap_int_base<32, false>::operator unsigned long long() const' into 'clock_cycle()' (../hls/pipeline_core_hls.cpp:156:38)
INFO: [HLS 214-131] Inlining function 'ap_int_base<32, true>::RType<32, true>::minus operator-<32, true, 32, true>(ap_int_base<32, true> const&, ap_int_base<32, true> const&)' into 'clock_cycle()' (../hls/pipeline_core_hls.cpp:97:50)
INFO: [HLS 214-131] Inlining function 'ap_uint<32>::ap_uint(unsigned int)' into 'clock_cycle()' (../hls/pipeline_core_hls.cpp:149:26)
INFO: [HLS 214-131] Inlining function 'ap_int_base<32, true>::operator long long() const' into 'clock_cycle()' (../hls/pipeline_core_hls.cpp:149:66)
INFO: [HLS 214-131] Inlining function 'ap_int_base<32, false>::operator unsigned long long() const' into 'clock_cycle()' (../hls/pipeline_core_hls.cpp:149:46)
INFO: [HLS 214-131] Inlining function 'ap_int_base<32, true>::operator long long() const' into 'clock_cycle()' (../hls/pipeline_core_hls.cpp:144:95)
INFO: [HLS 214-131] Inlining function 'ap_int_base<32, true>::operator long long() const' into 'clock_cycle()' (../hls/pipeline_core_hls.cpp:144:64)
INFO: [HLS 214-131] Inlining function 'ap_int_base<32, true>::operator long long() const' into 'clock_cycle()' (../hls/pipeline_core_hls.cpp:143:94)
INFO: [HLS 214-131] Inlining function 'ap_int_base<32, true>::operator long long() const' into 'clock_cycle()' (../hls/pipeline_core_hls.cpp:143:64)
INFO: [HLS 214-131] Inlining function 'bool ap_int_base<32, true>::operator>=<32, true>(ap_int_base<32, true> const&) const' into 'clock_cycle()' (../hls/pipeline_core_hls.cpp:141:54)
INFO: [HLS 214-131] Inlining function 'bool ap_int_base<32, true>::operator<<32, true>(ap_int_base<32, true> const&) const' into 'clock_cycle()' (../hls/pipeline_core_hls.cpp:140:54)
INFO: [HLS 214-131] Inlining function 'bool ap_int_base<32, true>::operator!=<32, true>(ap_int_base<32, true> const&) const' into 'clock_cycle()' (../hls/pipeline_core_hls.cpp:139:54)
INFO: [HLS 214-131] Inlining function 'bool ap_int_base<32, true>::operator==<32, true>(ap_int_base<32, true> const&) const' into 'clock_cycle()' (../hls/pipeline_core_hls.cpp:138:54)
INFO: [HLS 214-131] Inlining function 'ap_int_base<3, false>::operator unsigned long long() const' into 'clock_cycle()' (../hls/pipeline_core_hls.cpp:137:29)
INFO: [HLS 214-131] Inlining function 'ap_int<32>::ap_int<33>(ap_int<33> const&)' into 'clock_cycle()' (../hls/pipeline_core_hls.cpp:132:29)
INFO: [HLS 214-131] Inlining function 'ap_int_base<32, true>::RType<32, true>::plus operator+<32, true, 32, true>(ap_int_base<32, true> const&, ap_int_base<32, true> const&)' into 'clock_cycle()' (../hls/pipeline_core_hls.cpp:132:38)
INFO: [HLS 214-131] Inlining function 'ap_int_base<32, true>::RType<32, true>::logic operator&<32, true, 32, true>(ap_int_base<32, true> const&, ap_int_base<32, true> const&)' into 'clock_cycle()' (../hls/pipeline_core_hls.cpp:123:46)
INFO: [HLS 214-131] Inlining function 'ap_int_base<32, true>::RType<32, true>::logic operator|<32, true, 32, true>(ap_int_base<32, true> const&, ap_int_base<32, true> const&)' into 'clock_cycle()' (../hls/pipeline_core_hls.cpp:120:46)
INFO: [HLS 214-131] Inlining function 'ap_int<32>::ap_int(int)' into 'clock_cycle()' (../hls/pipeline_core_hls.cpp:117:41)
INFO: [HLS 214-131] Inlining function 'ap_int_base<32, true>::operator long long() const' into 'clock_cycle()' (../hls/pipeline_core_hls.cpp:117:88)
INFO: [HLS 214-131] Inlining function 'ap_int_base<32, true>::operator long long() const' into 'clock_cycle()' (../hls/pipeline_core_hls.cpp:117:70)
INFO: [HLS 214-131] Inlining function 'ap_int<32>::ap_int(int)' into 'clock_cycle()' (../hls/pipeline_core_hls.cpp:115:41)
INFO: [HLS 214-131] Inlining function 'ap_int_base<32, true>::operator long long() const' into 'clock_cycle()' (../hls/pipeline_core_hls.cpp:115:68)
INFO: [HLS 214-131] Inlining function 'ap_int_base<32, true>::operator long long() const' into 'clock_cycle()' (../hls/pipeline_core_hls.cpp:115:50)
INFO: [HLS 214-131] Inlining function 'bool operator==<7, false>(ap_int_base<7, false> const&, int)' into 'clock_cycle()' (../hls/pipeline_core_hls.cpp:114:41)
INFO: [HLS 214-131] Inlining function 'ap_int_base<32, true>::RType<32, true>::logic operator^<32, true, 32, true>(ap_int_base<32, true> const&, ap_int_base<32, true> const&)' into 'clock_cycle()' (../hls/pipeline_core_hls.cpp:111:46)
INFO: [HLS 214-131] Inlining function 'ap_int<32>::ap_int(int)' into 'clock_cycle()' (../hls/pipeline_core_hls.cpp:108:37)
INFO: [HLS 214-131] Inlining function 'ap_int_base<32, true>::operator long long() const' into 'clock_cycle()' (../hls/pipeline_core_hls.cpp:108:87)
INFO: [HLS 214-131] Inlining function 'ap_int_base<32, true>::operator long long() const' into 'clock_cycle()' (../hls/pipeline_core_hls.cpp:108:57)
INFO: [HLS 214-131] Inlining function 'ap_int<32>::ap_int(int)' into 'clock_cycle()' (../hls/pipeline_core_hls.cpp:105:37)
INFO: [HLS 214-131] Inlining function 'bool ap_int_base<32, true>::operator<<32, true>(ap_int_base<32, true> const&) const' into 'clock_cycle()' (../hls/pipeline_core_hls.cpp:105:47)
INFO: [HLS 214-131] Inlining function 'ap_int_base<32, true>::RType<32, true>::arg1 operator<<<32, true>(ap_int_base<32, true> const&, int)' into 'clock_cycle()' (../hls/pipeline_core_hls.cpp:102:46)
INFO: [HLS 214-131] Inlining function 'ap_int_base<32, true>::operator long long() const' into 'clock_cycle()' (../hls/pipeline_core_hls.cpp:102:55)
INFO: [HLS 214-131] Inlining function 'ap_int<32>::ap_int<33>(ap_int<33> const&)' into 'clock_cycle()' (../hls/pipeline_core_hls.cpp:99:41)
INFO: [HLS 214-131] Inlining function 'ap_int_base<32, true>::RType<32, true>::plus operator+<32, true, 32, true>(ap_int_base<32, true> const&, ap_int_base<32, true> const&)' into 'clock_cycle()' (../hls/pipeline_core_hls.cpp:99:50)
INFO: [HLS 214-131] Inlining function 'ap_int<32>::ap_int<33>(ap_int<33> const&)' into 'clock_cycle()' (../hls/pipeline_core_hls.cpp:97:41)
INFO: [HLS 214-131] Inlining function 'ap_uint<32>::ap_uint(int)' into 'pipeline_top(bool, bool&, int&, int&, int&, ap_uint<32>&)' (../hls/pipeline_core_hls.cpp:325:14)
INFO: [HLS 214-178] Inlining function 'sign_extend(ap_uint<32>, int) (.31.37.43)' into 'imm_i(ap_uint<32>)' (../hls/pipeline_core_hls.h:58:0)
INFO: [HLS 214-178] Inlining function 'sign_extend(ap_uint<32>, int) (.31.37.43)' into 'imm_s(ap_uint<32>)' (../hls/pipeline_core_hls.h:64:0)
INFO: [HLS 214-178] Inlining function 'sign_extend(ap_uint<32>, int) (.31.37.43)' into 'imm_b(ap_uint<32>)' (../hls/pipeline_core_hls.h:71:0)
INFO: [HLS 214-178] Inlining function 'sign_extend(ap_uint<32>, int) (.31.37.43)' into 'imm_j(ap_uint<32>)' (../hls/pipeline_core_hls.h:80:0)
INFO: [HLS 214-178] Inlining function 'PipelineLatch::reset()' into 'clock_cycle()' (../hls/pipeline_core_hls.cpp:18:0)
INFO: [HLS 214-178] Inlining function 'imm_i(ap_uint<32>)' into 'clock_cycle()' (../hls/pipeline_core_hls.cpp:18:0)
INFO: [HLS 214-178] Inlining function 'imm_s(ap_uint<32>)' into 'clock_cycle()' (../hls/pipeline_core_hls.cpp:18:0)
INFO: [HLS 214-178] Inlining function 'imm_b(ap_uint<32>)' into 'clock_cycle()' (../hls/pipeline_core_hls.cpp:18:0)
INFO: [HLS 214-178] Inlining function 'imm_j(ap_uint<32>)' into 'clock_cycle()' (../hls/pipeline_core_hls.cpp:18:0)
INFO: [HLS 214-178] Inlining function 'PipelineLatch::reset() (.75.78.161.215)' into 'clock_cycle()' (../hls/pipeline_core_hls.cpp:18:0)
INFO: [HLS 214-178] Inlining function 'PipelineLatch::reset()' into 'pipeline_top(bool, bool&, int&, int&, int&, ap_uint<32>&)' (../hls/pipeline_core_hls.cpp:303:0)
INFO: [HLS 214-178] Inlining function 'PipelineLatch::reset() (.75.78.161.215)' into 'pipeline_top(bool, bool&, int&, int&, int&, ap_uint<32>&)' (../hls/pipeline_core_hls.cpp:303:0)
INFO: [HLS 214-241] Aggregating scalar variable 'pc_out' with compact=bit mode in 32-bits (../hls/pipeline_core_hls.cpp:303:0)
INFO: [HLS 214-270] Starting automatic array partition analysis...
INFO-FLOW: DBG:PUTS: copy_raw_kernel_xml ap_link_39: kernel.xml not generated: C:/Users/sreer/Post-Silicon-Validation-Research-Project/new_cpu_implementation/vitis/PSV_HLS/RAW_solu/.autopilot/db/kernel.internal.xml
INFO: [HLS 200-111] Finished Compiling Optimization and Transform: CPU user time: 1 seconds. CPU system time: 0 seconds. Elapsed time: 6.454 seconds; current allocated memory: 1.078 GB.
INFO: [HLS 200-111] Finished Checking Pragmas: CPU user time: 0 seconds. CPU system time: 0 seconds. Elapsed time: 0.003 seconds; current allocated memory: 1.078 GB.
Execute       opt_and_import_c a -opt_level=2 -skip_syncheck=0 -ng=0 -keep_printf=0 
Execute         cleanup_all_models 
INFO: [HLS 200-10] Starting code transformations ...
INFO-FLOW: Running Standard Transforms...
Execute         transform -hls -share-std-xform -demangle-name -inline-byval-memcpy -always-inline -promote-dbg-pointer -interface-preproc -mem2reg -scalarrepl -mem2reg -keep-read-access -instcombine -dce -promote-dbg-pointer -bitop-raise -loop-simplify -indvarspre -indvars -loop-simplify -xunroll -constprop -instcombine -simplifycfg -indvars -simplifycfg -dce -globaldce -basicaa -simplifycfg -mem2reg -globalopt -global-constprop -deadargelim -instcombine -simplifycfg -scalarrepl -instcombine -reassociate -licm -simplifycfg -loop-simplify -indvars -instcombine -simplifycfg -mem2reg -loop-simplify -indvars -instcombine -gvn -gvn -instcombine -adce -break-crit-edges -simplifycfg -loop-delete -global-array-opt -dce -dse -adce -find-syn-modules -top pipeline_top -deadargelim -mem2reg -instcombine -dce -presyn-prepare -auto-rom-infer -interface-preproc -syn-check -check-rec-only -find-region -simplifycfg -func-extr -function-inline -globaldce -mem2reg -instcombine -dce -gvn -globaldce -adce -adse -constprop -instcombine -bit-constprop -instcombine -dce -simplifycfg -bitop-raise -simplifycfg -dce -loop-delete -reassociate -globalopt -global-privatize -mem2reg -dce -global-constprop -pointer-simplify -constprop -dce -func-inst -deadargelim -auto-shift-reg-idiom -promote-dbg-pointer -norm-name C:/Users/sreer/Post-Silicon-Validation-Research-Project/new_cpu_implementation/vitis/PSV_HLS/RAW_solu/.autopilot/db/a.g.0.bc -o C:/Users/sreer/Post-Silicon-Validation-Research-Project/new_cpu_implementation/vitis/PSV_HLS/RAW_solu/.autopilot/db/a.g.1.bc -f -phase std-opt 
Command         transform done; 0.131 sec.
INFO: [HLS 200-111] Finished Standard Transforms: CPU user time: 1 seconds. CPU system time: 0 seconds. Elapsed time: 0.167 seconds; current allocated memory: 1.078 GB.
INFO: [HLS 200-10] Checking synthesizability ...
INFO-FLOW: Checking Synthesizability 1/2..
Execute         transform -hls -syn-check -check-rec-only -scalarrepl -norm-name -dce -mem2reg -instcombine -function-uniquify -directive-preproc -mem2reg -dse -dce -auto-rom-infer -dce -pag -array-normalize -instcombine -dce -array-seg-normalize -instcombine -dce -data-pack -instcombine -dce -inst-simplify -array-flatten -instcombine -dce -array-burst -dce -deadargelim -promote-global-argument -simplifycfg -mem2reg -globaldce -dce -deadargelim -dce -instcombine -function-inline -globaldce -dce -doublePtrSimplify -doublePtrElim -dce -doublePtrSimplify -promote-dbg-pointer -dce -scalarrepl -dse -adse -instcombine -ptrLegalization -simplifycfg -dce -instcombine -pointer-simplify -ptrArgReplace -dce -instcombine -resolve-double-ptr -scalarrepl -norm-name -dce -mem2reg -instcombine -ptrLegalization -simplifycfg -deadargelim -instcombine -dce -inst-simplify -function-uniquify -directive-preproc -mem2reg -dse -dce -globaldce -check-dspbuiltin C:/Users/sreer/Post-Silicon-Validation-Research-Project/new_cpu_implementation/vitis/PSV_HLS/RAW_solu/.autopilot/db/a.g.1.bc -o C:/Users/sreer/Post-Silicon-Validation-Research-Project/new_cpu_implementation/vitis/PSV_HLS/RAW_solu/.autopilot/db/a.g.2.prechk.bc -f 
Command         transform done; 0.108 sec.
INFO-FLOW: Checking Synthesizability 2/2..
Execute         transform -syn-check C:/Users/sreer/Post-Silicon-Validation-Research-Project/new_cpu_implementation/vitis/PSV_HLS/RAW_solu/.autopilot/db/a.g.2.prechk.bc -o C:/Users/sreer/Post-Silicon-Validation-Research-Project/new_cpu_implementation/vitis/PSV_HLS/RAW_solu/.autopilot/db/a.g.2.bc -f -phase syn-check 
INFO: [HLS 200-111] Finished Checking Synthesizability: CPU user time: 0 seconds. CPU system time: 0 seconds. Elapsed time: 0.231 seconds; current allocated memory: 1.078 GB.
INFO-FLOW: Compiler optimizing ...
INFO-FLOW: Share syncheck's 1.bc for syn flow: copy C:/Users/sreer/Post-Silicon-Validation-Research-Project/new_cpu_implementation/vitis/PSV_HLS/RAW_solu/.autopilot/db/a.g.1.bc to C:/Users/sreer/Post-Silicon-Validation-Research-Project/new_cpu_implementation/vitis/PSV_HLS/RAW_solu/.autopilot/db/a.o.1.bc
INFO-FLOW: Presyn 1...
Execute         transform -hls -tmp C:/Users/sreer/Post-Silicon-Validation-Research-Project/new_cpu_implementation/vitis/PSV_HLS/RAW_solu/.autopilot/db -interface-port-rename -function-uniquify -directive-preproc -mem2reg -dse -dce -scalarrepl -norm-name -deadargelim -mem2reg -instcombine -dce -simplifycfg -auto-rom-infer -dce -function-uniquify -resource-proc -clib-intrinsic-prepare -dce -func-buffer -dce -pag -array-normalize -func-legal -instcombine -gvn -constprop -dce -simplifycfg -mem2reg -globaldce -resolve-double-ptr -dce -deadargelim -dce -instcombine -ptrArgReplace -mem2reg -dce -array-seg-normalize -deadargelim -instcombine -dce -function-uniquify -directive-preproc -mem2reg -dse -dce -pointer-simplify -dce -port-alignment -dce -interface-preproc -data-pack -instcombine -dce -basicaa -aggr-aa -aggrmodref-aa -aggr-aa -gvn -gvn -basicaa -aggr-aa -aggrmodref-aa -aggr-aa -dse -adse -adce -loop-simplify -indvars -instcombine -gvn -loop-simplify -mem2reg -dce -find-region -instcombine -auto-loop-pipeline -inst-simplify -interface-preproc -cfgopt -instcombine -indvars -auto-loop-unroll -loop-simplify -loop-bound -xunroll -constprop -instcombine -simplifycfg -indvars -simplifycfg -dce -globaldce -clean-region -attach-range -gvn -inst-simplify -constprop -simplifycfg -dce -pointer-simplify -dce -globalopt -constprop -dce -array-promote -constprop -dce -ptrArgReplace -mem2reg -simplifycfg -dce -instcombine -dce -array-transform-check -array-reshape -instcombine -simplifycfg -dce -ptrArgReplace -deadargelim -mem2reg -instcombine -simplifycfg -dce -indvars -loop-simplify -loop-bound -xunroll -constprop -instcombine -simplifycfg -indvars -simplifycfg -dce -globaldce -basicaa -aggr-aa -aggrmodref-aa -aggr-aa -dse -duplicate-dataflow-processes -globaldce -instcombine -array-partition -instcombine -simplifycfg -dce -ptrArgReplace -global-constprop -deadargelim -mem2reg -func-legal -dce -global-constprop -deadargelim -mem2reg -simplifycfg -dce -merge-param -deadargelim -globalopt -constprop -dce -array-promote -constprop -dce -ptrArgReplace -mem2reg -simplifycfg -dce -mem-intrinsic-preproc -dce -global-internalize -global-privatize -mem2reg -globaldce -promote-global-argument -ptrArgReplace -mem2reg -dce -globalopt -mergereturn -simplify-global-access -mem2reg -dce -pointer-simplify -dce -functionattrs -basicaa -aggr-aa -aggrmodref-aa -aggr-aa -gvn -gvn -basicaa -aggr-aa -aggrmodref-aa -aggr-aa -dse -adse -adce -dce -norm-name -basicaa -aggr-aa -aggrmodref-aa -aggr-aa -accesses-merge -function-inline -complex-op-raise -inst-simplify -globaldce -func-inst -constprop -instcombine -simplifycfg -dce -func-legal -dce -loop-bound -arraycheck -bitwidthmin2 -bitwidthmin2 -on-by-dataflow -loop-delete -instcombine -simplifycfg -globaldce -dce -gvn -deadargelim -dce -loop-simplify -clean-region -simplifycfg -propagate-stable-arguments -loop-stream -instcombine -simplifycfg -dce -globaldce -duplicate-dataflow-processes -stream-intrinsic-preproc -dce -check-ap-stream -loop-simplify -eliminate-keepreads -extract-dataflow-in-loop -loop-simplify -dce -gvn -deadargelim -dse -duplicate-dataflow-processes -check-dataflow-syntax -legalize-stream-variable -legalize-global -extract-subproc -dce -dead-channel-elimination -canonicalize-gep -globaldce -dce -gvn -hls-dead-arg-elim -deadargelim -directive-preproc -annotate-dataflow-channels -scalar-preprocessing -scalar-propagation2 -deadargelim -globaldce -mem2reg -check-dataflow-channels -function-stream -dce -globaldce -prop-fifo-spec -internal-stream-gen -canonicalize-gep -globaldce -dce -gvn -deadargelim -mergereturn -indvars -loop-simplify -instcombine -array-stream -array-seg-normalize -array-partition -func-legal -instcombine -simplifycfg -dce -bundle-memfifo-ops -deadargelim -function-uniquify -directive-preproc -mem2reg -dse -dce -group-axi-access -licm -simplifycfg -dce -loop-delete -hls-display -norm-name C:/Users/sreer/Post-Silicon-Validation-Research-Project/new_cpu_implementation/vitis/PSV_HLS/RAW_solu/.autopilot/db/a.o.1.bc -o C:/Users/sreer/Post-Silicon-Validation-Research-Project/new_cpu_implementation/vitis/PSV_HLS/RAW_solu/.autopilot/db/a.o.1.tmp.bc -f 
Command         transform done; 0.152 sec.
INFO-FLOW: Presyn 2...
Execute         transform -hls -keep-callgraph -scalarrepl -mem2reg -port-alignment -attach-range -dce -pipe-mux-gen -indvars -loop-bound -inst-simplify -instcombine -dce -merge-array-access -mem2reg -dce -clean-region -mergereturn -if-conv -instcombine -dce -constprop -basicaa -aggr-aa -aggrmodref-aa -aggr-aa -gvn -gvn -basicaa -aggr-aa -aggrmodref-aa -aggr-aa -dse -adse -adce -scalarrepl -mem2reg -global-constprop -deadargelim -deadargelim -instcombine -dce -simplifycfg -ptrArgReplace -mem2reg -function-inline -globaldce -mem2reg -instcombine -dce -expr-balance -instcombine -dce -bitwidthmin2 -bitwidthmin2 -interface-preproc -directive-preproc -inst-rectify -instcombine -dce -functionattrs -constprop -instcombine -bit-constprop -simplify-global-access -globalopt -globaldce -inst-simplify -instcombine -elimdeaddata -dce -loop-delete -simplifycfg -loop-simplify -auto-burst -barrier -norm-name C:/Users/sreer/Post-Silicon-Validation-Research-Project/new_cpu_implementation/vitis/PSV_HLS/RAW_solu/.autopilot/db/a.o.1.tmp.bc -o C:/Users/sreer/Post-Silicon-Validation-Research-Project/new_cpu_implementation/vitis/PSV_HLS/RAW_solu/.autopilot/db/a.o.2.bc -f -phase presyn 
INFO: [XFORM 203-401] Performing if-conversion on hyperblock from (../hls/pipeline_core_hls.cpp:64:20) to (../hls/pipeline_core_hls.cpp:91:9) in function 'clock_cycle'... converting 10 basic blocks.
INFO: [XFORM 203-11] Balancing expressions in function 'clock_cycle' (../hls/pipeline_core_hls.cpp:25:17)...9 expression(s) balanced.
Command         transform done; 0.168 sec.
INFO: [HLS 200-111] Finished Loop, function and other optimizations: CPU user time: 0 seconds. CPU system time: 0 seconds. Elapsed time: 0.323 seconds; current allocated memory: 1.078 GB.
Execute         get_config_compile -enable_auto_rewind 
Execute         get_config_compile -enable_loop_extract 
INFO-FLOW: Building ssdm...
Execute         transform -hls -function-uniquify -auto-function-inline -globaldce -ptrArgReplace -mem2reg -dce -reset-lda -loop-simplify -indvars -aggr-aa -licm -loop-dep -loop-bound -licm -loop-simplify -loop-sink-hoist -flattenloopnest -array-flatten -gvn -instcombine -dce -array-map -dce -func-legal -gvn -adce -instcombine -cfgopt -simplifycfg -loop-simplify -array-burst -promote-global-argument -dce -array-seg-normalize -basicaa -aggrmodref-aa -globalsmodref-aa -aggr-aa -gvn -gvn -basicaa -aggrmodref-aa -globalsmodref-aa -aggr-aa -dse -adse -adce -licm -inst-simplify -dce -globaldce -instcombine -array-stream -eliminate-keepreads -instcombine -dce -deadargelim -doublePtrSimplify -doublePtrElim -dce -doublePtrSimplify -promote-dbg-pointer -dce -scalarrepl -mem2reg -norm-name -mem2reg -instcombine -dse -adse -adce -ptrLegalization -dce -auto-rom-infer -array-flatten -dce -instcombine -check-doubleptr -loop-rot -constprop -cfgopt -simplifycfg -loop-simplify -indvars -pointer-simplify -dce -loop-bound -loop-simplify -loop-preproc -constprop -global-constprop -gvn -mem2reg -instcombine -dce -loop-bound -loop-merge -dce -deadargelim -dce -canonicalize-dataflow -dce -scalar-propagation2 -deadargelim -globaldce -mem2reg -load-elim -read-loop-dep -loop-simplify -loop-extract-inner -directive-preproc -bitwidthmin2 -bitwidthmin2 -read-loop-dep -interface-preproc -directive-preproc -interface-gen -bram-byte-enable -deadargelim -inst-simplify -dce -gvn -mem2reg -instcombine -dce -adse -loop-bound -instcombine -cfgopt -simplifycfg -loop-simplify -clean-region -io-protocol -find-region -mem2reg -bitop-raise -complex-op-raise -inst-simplify -inst-rectify -instcombine -adce -deadargelim -float-op-raise -loop-simplify -phi-opt -bitop-raise -cfgopt -simplifycfg -strip-dead-prototypes -interface-lower -bitop-lower -intrinsic-lower -auto-function-inline -basicaa -aggrmodref-aa -globalsmodref-aa -aggr-aa -inst-simplify -simplifycfg -loop-simplify -mergereturn -inst-simplify -inst-rectify -dce -load-elim -bitop-lower -float-op-raise -fma-raise -loop-rewind -pointer-simplify -dce -cfgopt -dce -loop-bound -loop-dep -read-loop-dep -dce -dyn-mem-reuse -dce -recurrence-min -dce -share-scalar-alloca -deadargelim -dce -check-stream -norm-name -legalize -validate-dataflow -inst-clarity -bitwidth -dump-loop-dep-to-ir -check-all-ssdm -cdfg-build C:/Users/sreer/Post-Silicon-Validation-Research-Project/new_cpu_implementation/vitis/PSV_HLS/RAW_solu/.autopilot/db/a.o.2.bc -o C:/Users/sreer/Post-Silicon-Validation-Research-Project/new_cpu_implementation/vitis/PSV_HLS/RAW_solu/.autopilot/db/a.o.3.bc -f -phase build-ssdm 
INFO: [HLS 200-472] Inferring partial write operation for 'RegisterFile.V' (../hls/pipeline_core_hls.cpp:32:39)
Command         transform done; 0.163 sec.
INFO: [HLS 200-111] Finished Architecture Synthesis: CPU user time: 0 seconds. CPU system time: 0 seconds. Elapsed time: 0.165 seconds; current allocated memory: 1.078 GB.
INFO-FLOW: Finish building internal data model.
Command       opt_and_import_c done; 0.896 sec.
Command     elaborate done; 10.431 sec.
Execute     ap_eval exec zip -j C:/Users/sreer/Post-Silicon-Validation-Research-Project/new_cpu_implementation/vitis/PSV_HLS/RAW_solu/.autopilot/db/dut.hcp $dbDir/a.o.3.bc $dbDir/${topname}.rtl_wrap.cfg.tcl $dbDir/apatb_${topname}.cpp $dbDir/apatb_${topname}_util.cpp $dbDir/apatb_${topname}_ir.ll $dbDir/mapper_${topname}.cpp $dbDir/top-io-fe.xml $dbDir/kernel.internal.xml $workdir/../hls.app 
Command     ap_eval done; 0.163 sec.
Execute     autosyn -from_csynth_design=1 
INFO: [HLS 200-10] Starting hardware synthesis ...
INFO-FLOW: Synthesizing C/C++ design ...
INFO: [HLS 200-10] Synthesizing 'pipeline_top' ...
Execute       ap_set_top_model pipeline_top 
Execute       get_model_list pipeline_top -filter all-wo-channel -topdown 
Execute       preproc_iomode -model pipeline_top 
Execute       preproc_iomode -model clock_cycle 
Execute       get_model_list pipeline_top -filter all-wo-channel 
INFO-FLOW: Model list for configure: clock_cycle pipeline_top
INFO-FLOW: Configuring Module : clock_cycle ...
Execute       set_default_model clock_cycle 
Execute       apply_spec_resource_limit clock_cycle 
INFO-FLOW: Configuring Module : pipeline_top ...
Execute       set_default_model pipeline_top 
Execute       apply_spec_resource_limit pipeline_top 
INFO-FLOW: Model list for preprocess: clock_cycle pipeline_top
INFO-FLOW: Preprocessing Module: clock_cycle ...
Execute       set_default_model clock_cycle 
Execute       cdfg_preprocess -model clock_cycle 
Execute       rtl_gen_preprocess clock_cycle 
INFO-FLOW: Preprocessing Module: pipeline_top ...
Execute       set_default_model pipeline_top 
Execute       cdfg_preprocess -model pipeline_top 
Execute       rtl_gen_preprocess pipeline_top 
INFO-FLOW: Model list for synthesis: clock_cycle pipeline_top
INFO: [HLS 200-10] ----------------------------------------------------------------
INFO: [HLS 200-42] -- Implementing module 'clock_cycle' 
INFO: [HLS 200-10] ----------------------------------------------------------------
Execute       set_default_model clock_cycle 
Execute       schedule -model clock_cycle 
INFO: [SCHED 204-11] Starting scheduling ...
INFO: [SCHED 204-11] Finished scheduling.
INFO: [HLS 200-111] Finished Scheduling: CPU user time: 0 seconds. CPU system time: 0 seconds. Elapsed time: 0.273 seconds; current allocated memory: 1.078 GB.
Execute       syn_report -verbosereport -o C:/Users/sreer/Post-Silicon-Validation-Research-Project/new_cpu_implementation/vitis/PSV_HLS/RAW_solu/.autopilot/db/clock_cycle.verbose.sched.rpt 
Execute         AP::get_flow_target_display_name
Execute           get_solution -flow_target 
Execute       db_write -o C:/Users/sreer/Post-Silicon-Validation-Research-Project/new_cpu_implementation/vitis/PSV_HLS/RAW_solu/.autopilot/db/clock_cycle.sched.adb -f 
INFO-FLOW: Finish scheduling clock_cycle.
Execute       set_default_model clock_cycle 
Execute       bind -model clock_cycle 
INFO: [BIND 205-100] Starting micro-architecture generation ...
INFO: [BIND 205-101] Performing variable lifetime analysis.
INFO: [BIND 205-101] Exploring resource sharing.
INFO: [BIND 205-101] Binding ...
INFO: [BIND 205-100] Finished micro-architecture generation.
INFO: [HLS 200-111] Finished Binding: CPU user time: 0 seconds. CPU system time: 0 seconds. Elapsed time: 0.094 seconds; current allocated memory: 1.078 GB.
Execute       syn_report -verbosereport -o C:/Users/sreer/Post-Silicon-Validation-Research-Project/new_cpu_implementation/vitis/PSV_HLS/RAW_solu/.autopilot/db/clock_cycle.verbose.bind.rpt 
Execute         AP::get_flow_target_display_name
Execute           get_solution -flow_target 
Execute       db_write -o C:/Users/sreer/Post-Silicon-Validation-Research-Project/new_cpu_implementation/vitis/PSV_HLS/RAW_solu/.autopilot/db/clock_cycle.bind.adb -f 
INFO-FLOW: Finish binding clock_cycle.
INFO: [HLS 200-10] ----------------------------------------------------------------
INFO: [HLS 200-42] -- Implementing module 'pipeline_top' 
INFO: [HLS 200-10] ----------------------------------------------------------------
Execute       set_default_model pipeline_top 
Execute       schedule -model pipeline_top 
INFO: [SCHED 204-11] Starting scheduling ...
INFO: [SCHED 204-11] Finished scheduling.
INFO: [HLS 200-111] Finished Scheduling: CPU user time: 0 seconds. CPU system time: 0 seconds. Elapsed time: 0.15 seconds; current allocated memory: 1.078 GB.
Execute       syn_report -verbosereport -o C:/Users/sreer/Post-Silicon-Validation-Research-Project/new_cpu_implementation/vitis/PSV_HLS/RAW_solu/.autopilot/db/pipeline_top.verbose.sched.rpt 
Execute         AP::get_flow_target_display_name
Execute           get_solution -flow_target 
Execute       db_write -o C:/Users/sreer/Post-Silicon-Validation-Research-Project/new_cpu_implementation/vitis/PSV_HLS/RAW_solu/.autopilot/db/pipeline_top.sched.adb -f 
INFO-FLOW: Finish scheduling pipeline_top.
Execute       set_default_model pipeline_top 
Execute       bind -model pipeline_top 
INFO: [BIND 205-100] Starting micro-architecture generation ...
INFO: [BIND 205-101] Performing variable lifetime analysis.
INFO: [BIND 205-101] Exploring resource sharing.
INFO: [BIND 205-101] Binding ...
INFO: [BIND 205-100] Finished micro-architecture generation.
INFO: [HLS 200-111] Finished Binding: CPU user time: 0 seconds. CPU system time: 0 seconds. Elapsed time: 0.094 seconds; current allocated memory: 1.078 GB.
Execute       syn_report -verbosereport -o C:/Users/sreer/Post-Silicon-Validation-Research-Project/new_cpu_implementation/vitis/PSV_HLS/RAW_solu/.autopilot/db/pipeline_top.verbose.bind.rpt 
Execute         AP::get_flow_target_display_name
Execute           get_solution -flow_target 
Execute       db_write -o C:/Users/sreer/Post-Silicon-Validation-Research-Project/new_cpu_implementation/vitis/PSV_HLS/RAW_solu/.autopilot/db/pipeline_top.bind.adb -f 
INFO-FLOW: Finish binding pipeline_top.
Execute       get_model_list pipeline_top -filter all-wo-channel 
INFO-FLOW: Preprocessing for RTLGen ...
Execute       rtl_gen_preprocess clock_cycle 
Execute       rtl_gen_preprocess pipeline_top 
INFO-FLOW: Model list for RTL generation: clock_cycle pipeline_top
INFO: [HLS 200-10] ----------------------------------------------------------------
INFO: [HLS 200-10] -- Generating RTL for module 'clock_cycle' 
INFO: [HLS 200-10] ----------------------------------------------------------------
Execute       get_config_rtl -module_prefix 
Execute       get_config_rtl -module_auto_prefix 
Execute       get_config_rtl -module_prefix 
Execute       get_config_rtl -module_auto_prefix 
Execute       create_rtl_model clock_cycle -top_prefix pipeline_top_ -sub_prefix pipeline_top_ -mg_file C:/Users/sreer/Post-Silicon-Validation-Research-Project/new_cpu_implementation/vitis/PSV_HLS/RAW_solu/.autopilot/db/clock_cycle.compgen.tcl 
INFO: [RTGEN 206-100] Finished creating RTL model for 'clock_cycle'.
INFO: [HLS 200-111] Finished Creating RTL model: CPU user time: 0 seconds. CPU system time: 0 seconds. Elapsed time: 0.114 seconds; current allocated memory: 1.078 GB.
Execute       source C:/Users/sreer/Post-Silicon-Validation-Research-Project/new_cpu_implementation/vitis/PSV_HLS/RAW_solu/.autopilot/db/pipeline_top.rtl_wrap.cfg.tcl 
Execute       gen_rtl clock_cycle -style xilinx -f -lang vhdl -o C:/Users/sreer/Post-Silicon-Validation-Research-Project/new_cpu_implementation/vitis/PSV_HLS/RAW_solu/syn/vhdl/pipeline_top_clock_cycle 
Execute       gen_rtl clock_cycle -style xilinx -f -lang vlog -o C:/Users/sreer/Post-Silicon-Validation-Research-Project/new_cpu_implementation/vitis/PSV_HLS/RAW_solu/syn/verilog/pipeline_top_clock_cycle 
Execute       syn_report -csynth -model clock_cycle -o C:/Users/sreer/Post-Silicon-Validation-Research-Project/new_cpu_implementation/vitis/PSV_HLS/RAW_solu/syn/report/clock_cycle_csynth.rpt 
Execute         AP::get_flow_target_display_name
Execute           get_solution -flow_target 
Execute       syn_report -rtlxml -model clock_cycle -o C:/Users/sreer/Post-Silicon-Validation-Research-Project/new_cpu_implementation/vitis/PSV_HLS/RAW_solu/syn/report/clock_cycle_csynth.xml 
Execute         get_solution -flow_target
Execute           get_solution -flow_target 
Execute       syn_report -verbosereport -model clock_cycle -o C:/Users/sreer/Post-Silicon-Validation-Research-Project/new_cpu_implementation/vitis/PSV_HLS/RAW_solu/.autopilot/db/clock_cycle.verbose.rpt 
Execute         AP::get_flow_target_display_name
Execute           get_solution -flow_target 
Execute       db_write -model clock_cycle -f -o C:/Users/sreer/Post-Silicon-Validation-Research-Project/new_cpu_implementation/vitis/PSV_HLS/RAW_solu/.autopilot/db/clock_cycle.adb 
Execute       db_write -model clock_cycle -bindview -o C:/Users/sreer/Post-Silicon-Validation-Research-Project/new_cpu_implementation/vitis/PSV_HLS/RAW_solu/.autopilot/db/design.bindinfo.xml 
Execute       gen_tb_info clock_cycle -p C:/Users/sreer/Post-Silicon-Validation-Research-Project/new_cpu_implementation/vitis/PSV_HLS/RAW_solu/.autopilot/db -o C:/Users/sreer/Post-Silicon-Validation-Research-Project/new_cpu_implementation/vitis/PSV_HLS/RAW_solu/.autopilot/db/clock_cycle 
INFO: [HLS 200-10] ----------------------------------------------------------------
INFO: [HLS 200-10] -- Generating RTL for module 'pipeline_top' 
INFO: [HLS 200-10] ----------------------------------------------------------------
Execute       get_config_rtl -module_prefix 
Execute       get_config_rtl -module_prefix 
Execute       get_config_rtl -module_auto_prefix 
Execute       create_rtl_model pipeline_top -top_prefix  -sub_prefix pipeline_top_ -mg_file C:/Users/sreer/Post-Silicon-Validation-Research-Project/new_cpu_implementation/vitis/PSV_HLS/RAW_solu/.autopilot/db/pipeline_top.compgen.tcl 
INFO: [RTGEN 206-500] Setting interface mode on port 'pipeline_top/reset' to 'ap_none'.
INFO: [RTGEN 206-500] Setting interface mode on port 'pipeline_top/stall_out' to 'ap_none'.
WARNING: [RTGEN 206-101] Port 'stall_out' with mode 'ap_none' may require an associated data valid signal to correctly communicate with other blocks or a test bench; automatic C/RTL co-simulation may not be able to verify such a port.
INFO: [RTGEN 206-500] Setting interface mode on port 'pipeline_top/forward_A_sel_out' to 'ap_none'.
WARNING: [RTGEN 206-101] Port 'forward_A_sel_out' with mode 'ap_none' may require an associated data valid signal to correctly communicate with other blocks or a test bench; automatic C/RTL co-simulation may not be able to verify such a port.
INFO: [RTGEN 206-500] Setting interface mode on port 'pipeline_top/forward_B_sel_out' to 'ap_none'.
WARNING: [RTGEN 206-101] Port 'forward_B_sel_out' with mode 'ap_none' may require an associated data valid signal to correctly communicate with other blocks or a test bench; automatic C/RTL co-simulation may not be able to verify such a port.
INFO: [RTGEN 206-500] Setting interface mode on port 'pipeline_top/hazard_dest_out' to 'ap_none'.
WARNING: [RTGEN 206-101] Port 'hazard_dest_out' with mode 'ap_none' may require an associated data valid signal to correctly communicate with other blocks or a test bench; automatic C/RTL co-simulation may not be able to verify such a port.
INFO: [RTGEN 206-500] Setting interface mode on port 'pipeline_top/pc_out' to 'ap_none'.
WARNING: [RTGEN 206-101] Port 'pc_out' with mode 'ap_none' may require an associated data valid signal to correctly communicate with other blocks or a test bench; automatic C/RTL co-simulation may not be able to verify such a port.
INFO: [RTGEN 206-500] Setting interface mode on function 'pipeline_top' to 'ap_ctrl_hs'.
WARNING: [RTGEN 206-101] Register 'IF_ID_valid' is power-on initialization.
WARNING: [RTGEN 206-101] Register 'IF_ID_pc_V' is power-on initialization.
WARNING: [RTGEN 206-101] Register 'ID_EX_valid' is power-on initialization.
WARNING: [RTGEN 206-101] Register 'ID_EX_src1' is power-on initialization.
WARNING: [RTGEN 206-101] Register 'ID_EX_src2' is power-on initialization.
WARNING: [RTGEN 206-101] Register 'ID_EX_dest' is power-on initialization.
WARNING: [RTGEN 206-101] Register 'EX_MEM_valid' is power-on initialization.
WARNING: [RTGEN 206-101] Register 'EX_MEM_dest' is power-on initialization.
WARNING: [RTGEN 206-101] Register 'EX_MEM_outVal_V' is power-on initialization.
WARNING: [RTGEN 206-101] Register 'MEM_WB_valid' is power-on initialization.
WARNING: [RTGEN 206-101] Register 'MEM_WB_dest' is power-on initialization.
WARNING: [RTGEN 206-101] Register 'MEM_WB_outVal_V' is power-on initialization.
WARNING: [RTGEN 206-101] Register 'forward_A_sel_1' is power-on initialization.
WARNING: [RTGEN 206-101] Register 'forward_B_sel_1' is power-on initialization.
WARNING: [RTGEN 206-101] Register 'PC_V' is power-on initialization.
INFO: [RTGEN 206-100] Finished creating RTL model for 'pipeline_top'.
Command       create_rtl_model done; 0.355 sec.
INFO: [HLS 200-111] Finished Creating RTL model: CPU user time: 1 seconds. CPU system time: 0 seconds. Elapsed time: 0.678 seconds; current allocated memory: 1.078 GB.
Execute       source C:/Users/sreer/Post-Silicon-Validation-Research-Project/new_cpu_implementation/vitis/PSV_HLS/RAW_solu/.autopilot/db/pipeline_top.rtl_wrap.cfg.tcl 
Execute       gen_rtl pipeline_top -istop -style xilinx -f -lang vhdl -o C:/Users/sreer/Post-Silicon-Validation-Research-Project/new_cpu_implementation/vitis/PSV_HLS/RAW_solu/syn/vhdl/pipeline_top 
Execute       gen_rtl pipeline_top -istop -style xilinx -f -lang vlog -o C:/Users/sreer/Post-Silicon-Validation-Research-Project/new_cpu_implementation/vitis/PSV_HLS/RAW_solu/syn/verilog/pipeline_top 
Execute       syn_report -csynth -model pipeline_top -o C:/Users/sreer/Post-Silicon-Validation-Research-Project/new_cpu_implementation/vitis/PSV_HLS/RAW_solu/syn/report/pipeline_top_csynth.rpt 
Execute         AP::get_flow_target_display_name
Execute           get_solution -flow_target 
Execute       syn_report -rtlxml -model pipeline_top -o C:/Users/sreer/Post-Silicon-Validation-Research-Project/new_cpu_implementation/vitis/PSV_HLS/RAW_solu/syn/report/pipeline_top_csynth.xml 
Execute         get_solution -flow_target
Execute           get_solution -flow_target 
Execute       syn_report -verbosereport -model pipeline_top -o C:/Users/sreer/Post-Silicon-Validation-Research-Project/new_cpu_implementation/vitis/PSV_HLS/RAW_solu/.autopilot/db/pipeline_top.verbose.rpt 
Execute         AP::get_flow_target_display_name
Execute           get_solution -flow_target 
Execute       db_write -model pipeline_top -f -o C:/Users/sreer/Post-Silicon-Validation-Research-Project/new_cpu_implementation/vitis/PSV_HLS/RAW_solu/.autopilot/db/pipeline_top.adb 
Execute       db_write -model pipeline_top -bindview -o C:/Users/sreer/Post-Silicon-Validation-Research-Project/new_cpu_implementation/vitis/PSV_HLS/RAW_solu/.autopilot/db/design.bindinfo.xml 
Execute       gen_tb_info pipeline_top -p C:/Users/sreer/Post-Silicon-Validation-Research-Project/new_cpu_implementation/vitis/PSV_HLS/RAW_solu/.autopilot/db -o C:/Users/sreer/Post-Silicon-Validation-Research-Project/new_cpu_implementation/vitis/PSV_HLS/RAW_solu/.autopilot/db/pipeline_top 
Execute       export_constraint_db -f -tool general -o C:/Users/sreer/Post-Silicon-Validation-Research-Project/new_cpu_implementation/vitis/PSV_HLS/RAW_solu/.autopilot/db/pipeline_top.constraint.tcl 
Execute       syn_report -designview -model pipeline_top -o C:/Users/sreer/Post-Silicon-Validation-Research-Project/new_cpu_implementation/vitis/PSV_HLS/RAW_solu/.autopilot/db/pipeline_top.design.xml 
Execute       syn_report -csynthDesign -model pipeline_top -o C:/Users/sreer/Post-Silicon-Validation-Research-Project/new_cpu_implementation/vitis/PSV_HLS/RAW_solu/syn/report/csynth.rpt 
Execute         AP::get_flow_target_display_name
Execute           get_solution -flow_target 
Execute       get_config_rtl -disable_wave_debug 
Execute       syn_report -wcfg -model pipeline_top -o C:/Users/sreer/Post-Silicon-Validation-Research-Project/new_cpu_implementation/vitis/PSV_HLS/RAW_solu/.autopilot/db/pipeline_top_dataflow_ana.wcfg 
Execute       syn_report -protoinst -model pipeline_top -o C:/Users/sreer/Post-Silicon-Validation-Research-Project/new_cpu_implementation/vitis/PSV_HLS/RAW_solu/.autopilot/db/pipeline_top.protoinst 
Execute       get_config_debug -directory 
Execute       sc_get_clocks pipeline_top 
Execute       get_config_export -vivado_clock 
Execute       get_config_rtl -module_prefix 
Execute       get_config_rtl -module_prefix 
Execute       get_config_rtl -module_auto_prefix 
Execute       sc_get_portdomain pipeline_top 
INFO-FLOW: Model list for RTL component generation: clock_cycle pipeline_top
INFO-FLOW: Handling components in module [clock_cycle] ... 
Execute       source C:/Users/sreer/Post-Silicon-Validation-Research-Project/new_cpu_implementation/vitis/PSV_HLS/RAW_solu/.autopilot/db/clock_cycle.compgen.tcl 
INFO-FLOW: Found component pipeline_top_clock_cycle_RegisterFile_V_RAM_AUTO_1R1W.
INFO-FLOW: Append model pipeline_top_clock_cycle_RegisterFile_V_RAM_AUTO_1R1W
INFO-FLOW: Handling components in module [pipeline_top] ... 
Execute       source C:/Users/sreer/Post-Silicon-Validation-Research-Project/new_cpu_implementation/vitis/PSV_HLS/RAW_solu/.autopilot/db/pipeline_top.compgen.tcl 
INFO-FLOW: Append model clock_cycle
INFO-FLOW: Append model pipeline_top
INFO-FLOW: Generating RTL model list ...
INFO-FLOW: All models in this session: pipeline_top_clock_cycle_RegisterFile_V_RAM_AUTO_1R1W clock_cycle pipeline_top
INFO-FLOW: Generating C:/Users/sreer/Post-Silicon-Validation-Research-Project/new_cpu_implementation/vitis/PSV_HLS/RAW_solu/.autopilot/db/autopilot.rtl.models.txt file...
INFO-FLOW: To file: write model pipeline_top_clock_cycle_RegisterFile_V_RAM_AUTO_1R1W
INFO-FLOW: To file: write model clock_cycle
INFO-FLOW: To file: write model pipeline_top
INFO-FLOW: Generating C:/Users/sreer/Post-Silicon-Validation-Research-Project/new_cpu_implementation/vitis/PSV_HLS/RAW_solu/.autopilot/db/autopilot.rtl.models.tcl file...
INFO-FLOW: Finished generating RTL model list.


INFO-FLOW: RTL Generation done.
INFO-FLOW: CAS Generation done.
INFO-FLOW: CBC Generation done.
INFO-FLOW: DBG:PROC: ::AESL_AUTOMG::auto_generate_csynth_design
Execute       get_top 
Execute       get_config_export -ipname 
Execute       get_config_export -xo 
Execute       get_config_export -format 
Execute       get_config_rtl -module_auto_prefix 
INFO-FLOW: DBG:PUTS: read_platform_lib C:/Users/sreer/Post-Silicon-Validation-Research-Project/new_cpu_implementation/vitis/PSV_HLS/RAW_solu/.autopilot/db/global.setting.tcl
Execute       source C:/Xilinx/Vitis_HLS/2021.2/common/technology/generic/autopilot/common.gen 
Execute         source C:/Xilinx/Vitis_HLS/2021.2/common/technology/generic/autopilot/APCoreGen.gen 
Execute       source C:/Xilinx/Vitis_HLS/2021.2/common/technology/generic/autopilot/op.gen 
Execute       source C:/Xilinx/Vitis_HLS/2021.2/common/technology/generic/autopilot/op_simcore.gen 
Execute       source C:/Xilinx/Vitis_HLS/2021.2/common/technology/generic/autopilot/interface.gen 
Execute       source C:/Users/sreer/Post-Silicon-Validation-Research-Project/new_cpu_implementation/vitis/PSV_HLS/RAW_solu/.autopilot/db/global.setting.tcl 
Execute       source C:/Xilinx/Vitis_HLS/2021.2/common/technology/xilinx/common/xilinx.gen 
Execute         source C:/Xilinx/Vitis_HLS/2021.2/common/technology/xilinx/interface/plb46.gen 
Execute         source C:/Xilinx/Vitis_HLS/2021.2/common/technology/xilinx/interface/axi4.gen 
Execute         source C:/Xilinx/Vitis_HLS/2021.2/common/technology/xilinx/interface/nativeAXI4.gen 
Execute           source C:/Xilinx/Vitis_HLS/2021.2/common/technology/xilinx/interface/saxilite.gen 
Execute           source C:/Xilinx/Vitis_HLS/2021.2/common/technology/xilinx/interface/maxi.gen 
Execute         source C:/Xilinx/Vitis_HLS/2021.2/common/technology/xilinx/scripts/xilinxcoregen.gen 
Execute         source C:/Xilinx/Vitis_HLS/2021.2/common/technology/xilinx/interface/XilEDKCoreGen.gen 
Execute         source C:/Xilinx/Vitis_HLS/2021.2/common/technology/xilinx/ip/dds_compiler.gen 
Execute         source C:/Xilinx/Vitis_HLS/2021.2/common/technology/xilinx/ip/util.gen 
Execute         source C:/Xilinx/Vitis_HLS/2021.2/common/technology/xilinx/ip/xfft.gen 
Execute         source C:/Xilinx/Vitis_HLS/2021.2/common/technology/xilinx/ip/xfir.gen 
Execute         source C:/Xilinx/Vitis_HLS/2021.2/common/technology/xilinx/DSP48/dsp48.gen 
INFO-FLOW: DBG:PUTS:   using AESL_AUTOCG::g_clock_period=10.000 (was NA)
INFO-FLOW: DBG:PROC: ::AESL_AUTOMG::generate_ip_cores gen_sim_model='1' gen_fp_models='0' gen_for_export='0' dstSCDir='' dstVhdlDir='C:/Users/sreer/Post-Silicon-Validation-Research-Project/new_cpu_implementation/vitis/PSV_HLS/RAW_solu/.autopilot/db/vhdl' dstVlogDir='C:/Users/sreer/Post-Silicon-Validation-Research-Project/new_cpu_implementation/vitis/PSV_HLS/RAW_solu/.autopilot/db/vlog' tclDir='C:/Users/sreer/Post-Silicon-Validation-Research-Project/new_cpu_implementation/vitis/PSV_HLS/RAW_solu/.autopilot/db' modelList='pipeline_top_clock_cycle_RegisterFile_V_RAM_AUTO_1R1W
clock_cycle
pipeline_top
' expOnly='0'
Execute       source C:/Users/sreer/Post-Silicon-Validation-Research-Project/new_cpu_implementation/vitis/PSV_HLS/RAW_solu/.autopilot/db/global.setting.tcl 
Execute       ap_part_info -name xc7k70t-fbv676-1 -data names -quiet 
Execute       ap_part_info -name xc7k70t-fbv676-1 -data info -quiet 
Execute       source C:/Users/sreer/Post-Silicon-Validation-Research-Project/new_cpu_implementation/vitis/PSV_HLS/RAW_solu/.autopilot/db/global.setting.tcl 
Execute       source C:/Users/sreer/Post-Silicon-Validation-Research-Project/new_cpu_implementation/vitis/PSV_HLS/RAW_solu/.autopilot/db/global.setting.tcl 
Execute       source C:/Users/sreer/Post-Silicon-Validation-Research-Project/new_cpu_implementation/vitis/PSV_HLS/RAW_solu/.autopilot/db/clock_cycle.compgen.tcl 
INFO: [RTMG 210-278] Implementing memory 'pipeline_top_clock_cycle_RegisterFile_V_RAM_AUTO_1R1W_ram (RAM)' using auto RAMs with power-on initialization.
Execute         ap_part_info -name xc7k70t-fbv676-1 -data names -quiet 
Execute         ap_part_info -name xc7k70t-fbv676-1 -data info -quiet 
Execute       source C:/Users/sreer/Post-Silicon-Validation-Research-Project/new_cpu_implementation/vitis/PSV_HLS/RAW_solu/.autopilot/db/pipeline_top.compgen.tcl 
INFO: [HLS 200-111] Finished Generating all RTL models: CPU user time: 0 seconds. CPU system time: 0 seconds. Elapsed time: 0.411 seconds; current allocated memory: 1.078 GB.
INFO-FLOW: DBG:PROC: ::AP::create_csynth_xml bind_adapter_nodes_var='bind_adapter_nodes' bind_report_dict_var='bind_report_dict' outfile=''
INFO-FLOW: Running: create_csynth_xml read xml data
INFO-FLOW: Done: create_csynth_xml read xml data time: 0 seconds per iteration
INFO-FLOW: Running: create_csynth_xml bind info
INFO-FLOW: No bind nodes found for module_name pipeline_top
INFO-FLOW: Done: create_csynth_xml bind info time: 0 seconds per iteration
INFO-FLOW: Running: create_csynth_xml config info
Execute       get_config_op mul -impl 
Execute       get_config_op mul -latency 
Execute       get_config_op mul -precision 
Execute       get_config_op add -impl 
Execute       get_config_op add -latency 
Execute       get_config_op add -precision 
Execute       get_config_op sub -impl 
Execute       get_config_op sub -latency 
Execute       get_config_op sub -precision 
Execute       get_config_op fadd -impl 
Execute       get_config_op fadd -latency 
Execute       get_config_op fadd -precision 
Execute       get_config_op fsub -impl 
Execute       get_config_op fsub -latency 
Execute       get_config_op fsub -precision 
Execute       get_config_op fdiv -impl 
Execute       get_config_op fdiv -latency 
Execute       get_config_op fdiv -precision 
Execute       get_config_op fexp -impl 
Execute       get_config_op fexp -latency 
Execute       get_config_op fexp -precision 
Execute       get_config_op flog -impl 
Execute       get_config_op flog -latency 
Execute       get_config_op flog -precision 
Execute       get_config_op fmul -impl 
Execute       get_config_op fmul -latency 
Execute       get_config_op fmul -precision 
Execute       get_config_op frsqrt -impl 
Execute       get_config_op frsqrt -latency 
Execute       get_config_op frsqrt -precision 
Execute       get_config_op frecip -impl 
Execute       get_config_op frecip -latency 
Execute       get_config_op frecip -precision 
Execute       get_config_op fsqrt -impl 
Execute       get_config_op fsqrt -latency 
Execute       get_config_op fsqrt -precision 
Execute       get_config_op dadd -impl 
Execute       get_config_op dadd -latency 
Execute       get_config_op dadd -precision 
Execute       get_config_op dsub -impl 
Execute       get_config_op dsub -latency 
Execute       get_config_op dsub -precision 
Execute       get_config_op ddiv -impl 
Execute       get_config_op ddiv -latency 
Execute       get_config_op ddiv -precision 
Execute       get_config_op dexp -impl 
Execute       get_config_op dexp -latency 
Execute       get_config_op dexp -precision 
Execute       get_config_op dlog -impl 
Execute       get_config_op dlog -latency 
Execute       get_config_op dlog -precision 
Execute       get_config_op dmul -impl 
Execute       get_config_op dmul -latency 
Execute       get_config_op dmul -precision 
Execute       get_config_op drsqrt -impl 
Execute       get_config_op drsqrt -latency 
Execute       get_config_op drsqrt -precision 
Execute       get_config_op drecip -impl 
Execute       get_config_op drecip -latency 
Execute       get_config_op drecip -precision 
Execute       get_config_op dsqrt -impl 
Execute       get_config_op dsqrt -latency 
Execute       get_config_op dsqrt -precision 
Execute       get_config_op hadd -impl 
Execute       get_config_op hadd -latency 
Execute       get_config_op hadd -precision 
Execute       get_config_op hsub -impl 
Execute       get_config_op hsub -latency 
Execute       get_config_op hsub -precision 
Execute       get_config_op hdiv -impl 
Execute       get_config_op hdiv -latency 
Execute       get_config_op hdiv -precision 
Execute       get_config_op hmul -impl 
Execute       get_config_op hmul -latency 
Execute       get_config_op hmul -precision 
Execute       get_config_op hsqrt -impl 
Execute       get_config_op hsqrt -latency 
Execute       get_config_op hsqrt -precision 
Execute       get_config_op facc -impl 
Execute       get_config_op facc -latency 
Execute       get_config_op facc -precision 
Execute       get_config_op fmacc -impl 
Execute       get_config_op fmacc -latency 
Execute       get_config_op fmacc -precision 
Execute       get_config_op fmadd -impl 
Execute       get_config_op fmadd -latency 
Execute       get_config_op fmadd -precision 
Execute       get_config_storage fifo -auto_srl_max_bits 
Execute       get_config_storage fifo -auto_srl_max_depth 
Execute       get_config_storage fifo -impl 
Execute       get_solution -flow_target 
Execute       get_config_array_partition -complete_threshold 
Execute       get_config_array_partition -throughput_driven 
Execute       get_config_compile -enable_auto_rewind 
Execute       get_config_compile -name_max_length 
Execute       get_config_compile -no_signed_zeros 
Execute       get_config_compile -pipeline_loops 
Execute       get_config_compile -pipeline_style 
Execute       get_config_compile -pragma_strict_mode 
Execute       get_config_compile -pre_tcl 
Execute       get_config_compile -unsafe_math_optimizations 
Execute       get_config_dataflow -default_channel 
Execute       get_config_dataflow -disable_fifo_sizing_opt 
Execute       get_config_dataflow -fifo_depth 
Execute       get_config_dataflow -override_user_fifo_depth 
Execute       get_config_dataflow -scalar_fifo_depth 
Execute       get_config_dataflow -start_fifo_depth 
Execute       get_config_dataflow -strict_mode 
Execute       get_config_dataflow -strict_stable_sync 
Execute       get_config_dataflow -task_level_fifo_depth 
Execute       get_config_debug -directory 
Execute       get_config_debug -enable 
Execute       get_config_export -deadlock_detection 
Execute       get_config_export -description 
Execute       get_config_export -display_name 
Execute       get_config_export -format 
Execute       get_config_export -ip_xdc_file 
Execute       get_config_export -ip_xdc_ooc_file 
Execute       get_config_export -ipname 
Execute       get_config_export -library 
Execute       get_config_export -output 
Execute       get_config_export -rtl 
Execute       get_config_export -taxonomy 
Execute       get_config_export -vendor 
Execute       get_config_export -version 
Execute       get_config_export -vivado_clock 
Execute       get_config_export -vivado_impl_strategy 
Execute       get_config_export -vivado_max_timing_paths 
Execute       get_config_export -vivado_optimization_level 
Execute       get_config_export -vivado_pblock 
Execute       get_config_export -vivado_phys_opt 
Execute       get_config_export -vivado_report_level 
Execute       get_config_export -vivado_synth_design_args 
Execute       get_config_export -vivado_synth_strategy 
Execute       get_config_interface -clock_enable 
Execute       get_config_interface -default_slave_interface 
Execute       get_config_interface -m_axi_addr64 
Execute       get_config_interface -m_axi_alignment_byte_size 
Execute       get_config_interface -m_axi_auto_max_ports 
Execute       get_config_interface -m_axi_buffer_impl 
Execute       get_config_interface -m_axi_conservative_mode 
Execute       get_config_interface -m_axi_flush_mode 
Execute       get_config_interface -m_axi_latency 
Execute       get_config_interface -m_axi_max_bitwidth 
Execute       get_config_interface -m_axi_max_read_burst_length 
Execute       get_config_interface -m_axi_max_widen_bitwidth 
Execute       get_config_interface -m_axi_max_write_burst_length 
Execute       get_config_interface -m_axi_min_bitwidth 
Execute       get_config_interface -m_axi_num_read_outstanding 
Execute       get_config_interface -m_axi_num_write_outstanding 
Execute       get_config_interface -m_axi_offset 
Execute       get_config_interface -register_io 
Execute       get_config_interface -s_axilite_data64 
Execute       get_config_interface -s_axilite_mailbox 
Execute       get_config_interface -s_axilite_status_regs 
Execute       get_config_interface -s_axilite_sw_reset 
Execute       get_config_rtl -header 
Execute       get_config_rtl -kernel_profile 
Execute       get_config_rtl -module_auto_prefix 
Execute       get_config_rtl -module_prefix 
Execute       get_config_rtl -mult_keep_attribute 
Execute       get_config_rtl -register_all_io 
Execute       get_config_rtl -register_reset_num 
Execute       get_config_rtl -reset 
Execute       get_config_rtl -reset_async 
Execute       get_config_rtl -reset_level 
Execute       get_config_schedule -enable_dsp_full_reg 
Execute       get_config_unroll -tripcount_threshold 
INFO-FLOW: Done: create_csynth_xml config info time: 0.1 seconds per iteration
INFO-FLOW: Running: create_csynth_xml write xml
INFO-FLOW: Done: create_csynth_xml write xml time: 0 seconds per iteration
INFO-FLOW: DBG:PUTS:       create_csynth_xml wrote csynth_xml=C:/Users/sreer/Post-Silicon-Validation-Research-Project/new_cpu_implementation/vitis/PSV_HLS/RAW_solu/syn/report/csynth.xml
INFO-FLOW: DBG:PROC: ::AP::DESIGN_DATA::generate_json generate_bd_files='0' generate_xo_files='0' modelList='pipeline_top_clock_cycle_RegisterFile_V_RAM_AUTO_1R1W
clock_cycle
pipeline_top
' rtl_lang='both' bootstrap_tcl='false' outdir='' outfilename=''
Execute       source C:/Users/sreer/Post-Silicon-Validation-Research-Project/new_cpu_implementation/vitis/PSV_HLS/RAW_solu/.autopilot/db/global.setting.tcl 
Execute       source C:/Users/sreer/Post-Silicon-Validation-Research-Project/new_cpu_implementation/vitis/PSV_HLS/RAW_solu/.autopilot/db/global.setting.tcl 
Execute       get_solution -flow_target 
Execute       get_config_export -xo 
Execute       get_config_export -format 
Execute       source C:/Users/sreer/Post-Silicon-Validation-Research-Project/new_cpu_implementation/vitis/PSV_HLS/RAW_solu/.autopilot/db/top-io-be.tcl 
Execute       source C:/Users/sreer/Post-Silicon-Validation-Research-Project/new_cpu_implementation/vitis/PSV_HLS/RAW_solu/.autopilot/db/pipeline_top.tbgen.tcl 
Execute       source C:/Users/sreer/Post-Silicon-Validation-Research-Project/new_cpu_implementation/vitis/PSV_HLS/RAW_solu/.autopilot/db/pipeline_top.rtl_wrap.cfg.tcl 
Execute       source C:/Users/sreer/Post-Silicon-Validation-Research-Project/new_cpu_implementation/vitis/PSV_HLS/RAW_solu/.autopilot/db/pipeline_top.compgen.dataonly.tcl 
Execute       get_config_export -format 
Execute       ap_part_info -name xc7k70t-fbv676-1 -data names -quiet 
Execute       ap_part_info -name xc7k70t-fbv676-1 -data info -quiet 
Execute       source C:/Users/sreer/Post-Silicon-Validation-Research-Project/new_cpu_implementation/vitis/PSV_HLS/RAW_solu/.autopilot/db/clock_cycle.tbgen.tcl 
Execute       source C:/Users/sreer/Post-Silicon-Validation-Research-Project/new_cpu_implementation/vitis/PSV_HLS/RAW_solu/.autopilot/db/pipeline_top.tbgen.tcl 
Execute       source C:/Users/sreer/Post-Silicon-Validation-Research-Project/new_cpu_implementation/vitis/PSV_HLS/RAW_solu/.autopilot/db/global.setting.tcl 
Execute       ap_part_info -name xc7k70t-fbv676-1 -data names -quiet 
Execute       ap_part_info -name xc7k70t-fbv676-1 -data info -quiet 
Execute       get_solution -flow_target 
Execute       get_config_rtl -kernel_profile 
Execute       get_config_rtl -kernel_profile 
Execute       get_config_rtl -stall_sig_gen 
Execute       get_config_rtl -profile 
Execute       source C:/Users/sreer/Post-Silicon-Validation-Research-Project/new_cpu_implementation/vitis/PSV_HLS/RAW_solu/.autopilot/db/pipeline_top.constraint.tcl 
Execute       sc_get_clocks pipeline_top 
Execute       source C:/Users/sreer/Post-Silicon-Validation-Research-Project/new_cpu_implementation/vitis/PSV_HLS/RAW_solu/.autopilot/db/global.setting.tcl 
Execute       get_config_export -ip_xdc_file 
Execute       get_config_export -ip_xdc_ooc_file 
Execute       get_config_debug -directory 
INFO-FLOW: DBG:PROC: ::AP::add_csynth_report_sections bind_adapter_nodes='' bind_report_dict='TOP pipeline_top DATA {pipeline_top {DEPTH 1 CHILDREN clock_cycle AREA {DSP 0 BRAM 0 URAM 0}} clock_cycle {DEPTH 2 CHILDREN {} BINDINFO {{BINDTYPE op ID {} IMPL fabric LATENCY 0 OPTYPE add PRAGMA {} RTLNAME add_ln69_fu_249_p2 SOURCE ../hls/pipeline_core_hls.cpp:69 VARIABLE add_ln69 LOOP {} BUNDLEDNAME {} DSP 0 BRAM 0 URAM 0 DISPNAME {bind_op add}} {BINDTYPE op ID {} IMPL fabric LATENCY 0 OPTYPE add PRAGMA {} RTLNAME add_ln291_fu_533_p2 SOURCE ../hls/pipeline_core_hls.cpp:291 VARIABLE add_ln291 LOOP {} BUNDLEDNAME {} DSP 0 BRAM 0 URAM 0 DISPNAME {bind_op add}} {BINDTYPE storage ID {} IMPL auto LATENCY 1 OPTYPE ram_1p PRAGMA {} RTLNAME RegisterFile_V_U SOURCE {} VARIABLE RegisterFile_V LOOP {} BUNDLEDNAME {} DSP 0 BRAM 0 URAM 0 DISPNAME {bind_storage ram_1p}}} AREA {DSP 0 BRAM 0 URAM 0}}}'
INFO-FLOW: DBG:PUTS:       update_csynth_reports json2reportxml
INFO-FLOW: Running: gen_csynth_pragma_report_xml
INFO-FLOW: Done: gen_csynth_pragma_report_xml time: 0 seconds per iteration
INFO-FLOW: DBG:PUTS:       update_csynth_reports wrote xml
INFO-FLOW: DBG:PUTS:       update_csynth_reports appended to csynth rpt file
INFO: [HLS 200-111] Finished Updating report files: CPU user time: 0 seconds. CPU system time: 0 seconds. Elapsed time: 0.31 seconds; current allocated memory: 1.078 GB.
INFO: [VHDL 208-304] Generating VHDL RTL for pipeline_top.
INFO: [VLOG 209-307] Generating Verilog RTL for pipeline_top.
Execute       syn_report -model pipeline_top -printsummary 
INFO: [HLS 200-789] **** Estimated Fmax: 194.02 MHz
Command     autosyn done; 2.096 sec.
Command   csynth_design done; 12.715 sec.
INFO: [HLS 200-111] Finished Command csynth_design CPU user time: 4 seconds. CPU system time: 0 seconds. Elapsed time: 12.715 seconds; current allocated memory: 324.340 MB.
Command ap_source done; 13.303 sec.
Execute cleanup_all 
INFO-FLOW: Workspace C:/Users/sreer/Post-Silicon-Validation-Research-Project/new_cpu_implementation/vitis/PSV_HLS/RAW_solu opened at Fri Aug 14 16:13:10 -0400 2026
Execute     ap_set_clock -name default -period 10 -default=false 
INFO: [SYN 201-201] Setting up clock 'default' with a period of 10ns.
Execute     set_part xc7k70tfbv676-1 
Execute       create_platform xc7k70tfbv676-1 -board  
DBG:HLSDevice: Trying to load device library: C:/Xilinx/Vitis_HLS/2021.2\lib\win64.o\librdi_hlsvwrap.dll
DBG:HLSDevice: first parts/arch.xml in RDI_DATADIR: C:/Xilinx/Vivado/2021.2/data/parts/arch.xml
DBG:HLSDevice: init success
Execute         source C:/Xilinx/Vitis_HLS/2021.2/common/technology/xilinx/DSP48/dsp48.hlp 
Execute         source C:/Xilinx/Vitis_HLS/2021.2/common/technology/xilinx/DSP48/kintex7_dsp48e1.hlp 
INFO: [HLS 200-1611] Setting target device to 'xc7k70t-fbv676-1'
Command       create_platform done; 0.409 sec.
Execute       source C:/Xilinx/Vitis_HLS/2021.2/common/technology/xilinx/common/xilinx.gen 
Execute         source C:/Xilinx/Vitis_HLS/2021.2/common/technology/xilinx/interface/plb46.gen 
Execute         source C:/Xilinx/Vitis_HLS/2021.2/common/technology/xilinx/interface/axi4.gen 
Execute         source C:/Xilinx/Vitis_HLS/2021.2/common/technology/xilinx/interface/nativeAXI4.gen 
Execute           source C:/Xilinx/Vitis_HLS/2021.2/common/technology/xilinx/interface/saxilite.gen 
Execute           source C:/Xilinx/Vitis_HLS/2021.2/common/technology/xilinx/interface/maxi.gen 
Execute         source C:/Xilinx/Vitis_HLS/2021.2/common/technology/xilinx/scripts/xilinxcoregen.gen 
Execute         source C:/Xilinx/Vitis_HLS/2021.2/common/technology/xilinx/interface/XilEDKCoreGen.gen 
Execute         source C:/Xilinx/Vitis_HLS/2021.2/common/technology/xilinx/ip/dds_compiler.gen 
Execute         source C:/Xilinx/Vitis_HLS/2021.2/common/technology/xilinx/ip/util.gen 
Execute         source C:/Xilinx/Vitis_HLS/2021.2/common/technology/xilinx/ip/xfft.gen 
Execute         source C:/Xilinx/Vitis_HLS/2021.2/common/technology/xilinx/ip/xfir.gen 
Execute         source C:/Xilinx/Vitis_HLS/2021.2/common/technology/xilinx/DSP48/dsp48.gen 
Execute       ap_part_info -name xc7k70t-fbv676-1 -data info 
Execute       config_compile -quiet -complex-mul-dsp=0 
Command     set_part done; 0.512 sec.
Execute     send_msg_by_id INFO @200-1505@%s%s  vivado 
INFO: [HLS 200-1505] Using flow_target 'vivado'
Execute     get_config_interface -m_axi_latency 
Execute     get_config_interface -m_axi_alignment_byte_size 
Execute     get_config_interface -m_axi_max_widen_bitwidth 
Execute     get_config_interface -default_interface 
Execute     get_config_rtl -register_reset_num 
Command   open_solution done; 0.546 sec.
Execute   set_part xc7k70tfbv676-1 
INFO: [HLS 200-1510] Running: set_part xc7k70tfbv676-1 
Execute     create_platform xc7k70tfbv676-1 -board  
Execute       source C:/Xilinx/Vitis_HLS/2021.2/common/technology/xilinx/DSP48/dsp48.hlp 
Execute       source C:/Xilinx/Vitis_HLS/2021.2/common/technology/xilinx/DSP48/kintex7_dsp48e1.hlp 
Execute     source C:/Xilinx/Vitis_HLS/2021.2/common/technology/xilinx/common/xilinx.gen 
Execute       source C:/Xilinx/Vitis_HLS/2021.2/common/technology/xilinx/interface/plb46.gen 
Execute       source C:/Xilinx/Vitis_HLS/2021.2/common/technology/xilinx/interface/axi4.gen 
Execute       source C:/Xilinx/Vitis_HLS/2021.2/common/technology/xilinx/interface/nativeAXI4.gen 
Execute         source C:/Xilinx/Vitis_HLS/2021.2/common/technology/xilinx/interface/saxilite.gen 
Execute         source C:/Xilinx/Vitis_HLS/2021.2/common/technology/xilinx/interface/maxi.gen 
Execute       source C:/Xilinx/Vitis_HLS/2021.2/common/technology/xilinx/scripts/xilinxcoregen.gen 
Execute       source C:/Xilinx/Vitis_HLS/2021.2/common/technology/xilinx/interface/XilEDKCoreGen.gen 
Execute       source C:/Xilinx/Vitis_HLS/2021.2/common/technology/xilinx/ip/dds_compiler.gen 
Execute       source C:/Xilinx/Vitis_HLS/2021.2/common/technology/xilinx/ip/util.gen 
Execute       source C:/Xilinx/Vitis_HLS/2021.2/common/technology/xilinx/ip/xfft.gen 
Execute       source C:/Xilinx/Vitis_HLS/2021.2/common/technology/xilinx/ip/xfir.gen 
Execute       source C:/Xilinx/Vitis_HLS/2021.2/common/technology/xilinx/DSP48/dsp48.gen 
Execute     ap_part_info -name xc7k70t-fbv676-1 -data info 
Execute     config_compile -quiet -complex-mul-dsp=0 
Execute   create_clock -period 10 -name default 
INFO: [HLS 200-1510] Running: create_clock -period 10 -name default 
Execute     ap_set_clock -name default -period 10 -default=false 
INFO: [SYN 201-201] Setting up clock 'default' with a period of 10ns.
Execute   cosim_design -trace_level all 
INFO: [HLS 200-1510] Running: cosim_design -trace_level all 
Execute     source C:/Users/sreer/Post-Silicon-Validation-Research-Project/new_cpu_implementation/vitis/PSV_HLS/RAW_solu/.autopilot/db/global.setting.tcl 
Execute     source C:/Users/sreer/Post-Silicon-Validation-Research-Project/new_cpu_implementation/vitis/PSV_HLS/RAW_solu/.autopilot/db/global.setting.tcl 
Execute     source C:/Users/sreer/Post-Silicon-Validation-Research-Project/new_cpu_implementation/vitis/PSV_HLS/RAW_solu/.autopilot/db/global.setting.tcl 
INFO-FLOW: DBG:PUTS: read_platform_lib C:/Users/sreer/Post-Silicon-Validation-Research-Project/new_cpu_implementation/vitis/PSV_HLS/RAW_solu/.autopilot/db/global.setting.tcl
Execute     source C:/Xilinx/Vitis_HLS/2021.2/common/technology/generic/autopilot/common.gen 
Execute       source C:/Xilinx/Vitis_HLS/2021.2/common/technology/generic/autopilot/APCoreGen.gen 
Execute     source C:/Xilinx/Vitis_HLS/2021.2/common/technology/generic/autopilot/op.gen 
Execute     source C:/Xilinx/Vitis_HLS/2021.2/common/technology/generic/autopilot/op_simcore.gen 
Execute     source C:/Xilinx/Vitis_HLS/2021.2/common/technology/generic/autopilot/interface.gen 
Execute     source C:/Users/sreer/Post-Silicon-Validation-Research-Project/new_cpu_implementation/vitis/PSV_HLS/RAW_solu/.autopilot/db/global.setting.tcl 
Execute     source C:/Xilinx/Vitis_HLS/2021.2/common/technology/xilinx/common/xilinx.gen 
Execute       source C:/Xilinx/Vitis_HLS/2021.2/common/technology/xilinx/interface/plb46.gen 
Execute       source C:/Xilinx/Vitis_HLS/2021.2/common/technology/xilinx/interface/axi4.gen 
Execute       source C:/Xilinx/Vitis_HLS/2021.2/common/technology/xilinx/interface/nativeAXI4.gen 
Execute         source C:/Xilinx/Vitis_HLS/2021.2/common/technology/xilinx/interface/saxilite.gen 
Execute         source C:/Xilinx/Vitis_HLS/2021.2/common/technology/xilinx/interface/maxi.gen 
Execute       source C:/Xilinx/Vitis_HLS/2021.2/common/technology/xilinx/scripts/xilinxcoregen.gen 
Execute       source C:/Xilinx/Vitis_HLS/2021.2/common/technology/xilinx/interface/XilEDKCoreGen.gen 
Execute       source C:/Xilinx/Vitis_HLS/2021.2/common/technology/xilinx/ip/dds_compiler.gen 
Execute       source C:/Xilinx/Vitis_HLS/2021.2/common/technology/xilinx/ip/util.gen 
Execute       source C:/Xilinx/Vitis_HLS/2021.2/common/technology/xilinx/ip/xfft.gen 
Execute       source C:/Xilinx/Vitis_HLS/2021.2/common/technology/xilinx/ip/xfir.gen 
Execute       source C:/Xilinx/Vitis_HLS/2021.2/common/technology/xilinx/DSP48/dsp48.gen 
INFO-FLOW: DBG:PUTS:   using AESL_AUTOCG::g_clock_period=10.000 (was NA)
Execute     ap_part_info -name xc7k70t-fbv676-1 -data names -quiet 
Execute     ap_part_info -name xc7k70t-fbv676-1 -data info -quiet 
Execute     source C:/Users/sreer/Post-Silicon-Validation-Research-Project/new_cpu_implementation/vitis/PSV_HLS/RAW_solu/.autopilot/db/global.setting.tcl 
Execute     source C:/Users/sreer/Post-Silicon-Validation-Research-Project/new_cpu_implementation/vitis/PSV_HLS/RAW_solu/.autopilot/db/pipeline_top.rtl_wrap.cfg.tcl 
Execute     source C:/Users/sreer/Post-Silicon-Validation-Research-Project/new_cpu_implementation/vitis/PSV_HLS/RAW_solu/.autopilot/db/pipeline_top.tbgen.tcl 
Execute     source C:/Users/sreer/Post-Silicon-Validation-Research-Project/new_cpu_implementation/vitis/PSV_HLS/RAW_solu/.autopilot/db/pipeline_top.tbgen.tcl 
Execute     source C:/Users/sreer/Post-Silicon-Validation-Research-Project/new_cpu_implementation/vitis/PSV_HLS/RAW_solu/.autopilot/db/pipeline_top.tbgen.tcl 
Execute     source C:/Users/sreer/Post-Silicon-Validation-Research-Project/new_cpu_implementation/vitis/PSV_HLS/RAW_solu/.autopilot/db/pipeline_top.tbgen.tcl 
INFO: [COSIM 212-47] Using XSIM for RTL simulation.
INFO: [COSIM 212-14] Instrumenting C test bench ...
Execute     ap_part_info -name xc7k70t-fbv676-1 -data info 
INFO-FLOW: TB processing: C:/Users/sreer/Post-Silicon-Validation-Research-Project/new_cpu_implementation/hls/test/testbench_hls.cpp C:/Users/sreer/Post-Silicon-Validation-Research-Project/new_cpu_implementation/vitis/PSV_HLS/RAW_solu/./sim/autowrap/testbench/testbench_hls.cpp_pre.cpp
Execute     clang_tidy xilinx-tb-process -desc tb-process C:/Users/sreer/Post-Silicon-Validation-Research-Project/new_cpu_implementation/vitis/PSV_HLS/RAW_solu/./sim/autowrap/testbench/testbench_hls.cpp_pre.cpp.tb.cpp std=c++11 
INFO-FLOW: exec C:/Xilinx/Vitis_HLS/2021.2/win64/tools/clang-3.9-csynth/bin/clang-tidy -header-filter=.* --checks=-*,xilinx-tb-process -fix-errors C:/Users/sreer/Post-Silicon-Validation-Research-Project/new_cpu_implementation/vitis/PSV_HLS/RAW_solu/./sim/autowrap/testbench/testbench_hls.cpp_pre.cpp.tb.cpp -- -std=c++11 -fhls -ferror-limit=0
Command     clang_tidy done; 1.174 sec.
Execute     ap_part_info -name xc7k70t-fbv676-1 -data info 
INFO-FLOW: TB processing: C:/Users/sreer/Post-Silicon-Validation-Research-Project/new_cpu_implementation/hls/pipeline_core_hls.cpp C:/Users/sreer/Post-Silicon-Validation-Research-Project/new_cpu_implementation/vitis/PSV_HLS/RAW_solu/./sim/autowrap/testbench/pipeline_core_hls.cpp_pre.cpp
Execute     clang_tidy xilinx-tb-process -desc tb-process C:/Users/sreer/Post-Silicon-Validation-Research-Project/new_cpu_implementation/vitis/PSV_HLS/RAW_solu/./sim/autowrap/testbench/pipeline_core_hls.cpp_pre.cpp.tb.cpp std=c++11 
INFO-FLOW: exec C:/Xilinx/Vitis_HLS/2021.2/win64/tools/clang-3.9-csynth/bin/clang-tidy -header-filter=.* --checks=-*,xilinx-tb-process -fix-errors C:/Users/sreer/Post-Silicon-Validation-Research-Project/new_cpu_implementation/vitis/PSV_HLS/RAW_solu/./sim/autowrap/testbench/pipeline_core_hls.cpp_pre.cpp.tb.cpp -- -std=c++11 -fhls -ferror-limit=0
Command     clang_tidy done; 1.023 sec.
Execute     source C:/Users/sreer/Post-Silicon-Validation-Research-Project/new_cpu_implementation/vitis/PSV_HLS/RAW_solu/.autopilot/db/global.setting.tcl 
Execute     source C:/Users/sreer/Post-Silicon-Validation-Research-Project/new_cpu_implementation/vitis/PSV_HLS/RAW_solu/.autopilot/db/pipeline_top.rtl_wrap.cfg.tcl 
Execute     source C:/Users/sreer/Post-Silicon-Validation-Research-Project/new_cpu_implementation/vitis/PSV_HLS/RAW_solu/.autopilot/db/pipeline_top.rtl_wrap.cfg.tcl 
Execute     source C:/Users/sreer/Post-Silicon-Validation-Research-Project/new_cpu_implementation/vitis/PSV_HLS/RAW_solu/.autopilot/db/pipeline_top.rtl_wrap.cfg.tcl 
Execute     source C:/Users/sreer/Post-Silicon-Validation-Research-Project/new_cpu_implementation/vitis/PSV_HLS/RAW_solu/.autopilot/db/pipeline_top.tbgen.tcl 
Execute     source C:/Users/sreer/Post-Silicon-Validation-Research-Project/new_cpu_implementation/vitis/PSV_HLS/RAW_solu/.autopilot/db/pipeline_top.tbgen.tcl 
Execute     ap_part_info -name xc7k70t-fbv676-1 -data info 
Execute     source .run_sim.tcl 
INFO: [COSIM 212-302] Starting C TB testing ... 
Command     ap_source done; 0.917 sec.
INFO: [COSIM 212-333] Generating C post check test bench ...
Execute     ap_part_info -name xc7k70t-fbv676-1 -data info 
INFO: [COSIM 212-12] Generating RTL test bench ...
Execute     source ../tv/cdatafile/ref.tcl 
Execute     source C:/Users/sreer/Post-Silicon-Validation-Research-Project/new_cpu_implementation/vitis/PSV_HLS/RAW_solu/.autopilot/db/pipeline_top.tbgen.tcl 
Execute     source C:/Users/sreer/Post-Silicon-Validation-Research-Project/new_cpu_implementation/vitis/PSV_HLS/RAW_solu/.autopilot/db/pipeline_top.tbgen.tcl 
Execute     source C:/Users/sreer/Post-Silicon-Validation-Research-Project/new_cpu_implementation/vitis/PSV_HLS/RAW_solu/.autopilot/db/pipeline_top.tbgen.tcl 
Execute     source C:/Users/sreer/Post-Silicon-Validation-Research-Project/new_cpu_implementation/vitis/PSV_HLS/RAW_solu/.autopilot/db/pipeline_top.tbgen.tcl 
Execute     source ../tv/cdatafile/ref.tcl 
Execute     source C:/Users/sreer/Post-Silicon-Validation-Research-Project/new_cpu_implementation/vitis/PSV_HLS/RAW_solu/.autopilot/db/pipeline_top.tbgen.tcl 
Execute     source C:/Users/sreer/Post-Silicon-Validation-Research-Project/new_cpu_implementation/vitis/PSV_HLS/RAW_solu/.autopilot/db/pipeline_top.tbgen.tcl 
Execute     source C:/Users/sreer/Post-Silicon-Validation-Research-Project/new_cpu_implementation/vitis/PSV_HLS/RAW_solu/.autopilot/db/pipeline_top.tbgen.tcl 
Execute     source C:/Users/sreer/Post-Silicon-Validation-Research-Project/new_cpu_implementation/vitis/PSV_HLS/RAW_solu/.autopilot/db/pipeline_top.tbgen.tcl 
Execute     source C:/Users/sreer/Post-Silicon-Validation-Research-Project/new_cpu_implementation/vitis/PSV_HLS/RAW_solu/.autopilot/db/pipeline_top.tbgen.tcl 
Execute     source C:/Users/sreer/Post-Silicon-Validation-Research-Project/new_cpu_implementation/vitis/PSV_HLS/RAW_solu/.autopilot/db/pipeline_top.tbgen.tcl 
Execute     source C:/Users/sreer/Post-Silicon-Validation-Research-Project/new_cpu_implementation/vitis/PSV_HLS/RAW_solu/.autopilot/db/pipeline_top.tbgen.tcl 
Execute     source C:/Users/sreer/Post-Silicon-Validation-Research-Project/new_cpu_implementation/vitis/PSV_HLS/RAW_solu/.autopilot/db/pipeline_top.tbgen.tcl 
Execute     source C:/Users/sreer/Post-Silicon-Validation-Research-Project/new_cpu_implementation/vitis/PSV_HLS/RAW_solu/.autopilot/db/pipeline_top.tbgen.tcl 
Execute     source C:/Users/sreer/Post-Silicon-Validation-Research-Project/new_cpu_implementation/vitis/PSV_HLS/RAW_solu/.autopilot/db/pipeline_top.tbgen.tcl 
Execute     source C:/Users/sreer/Post-Silicon-Validation-Research-Project/new_cpu_implementation/vitis/PSV_HLS/RAW_solu/.autopilot/db/pipeline_top.tbgen.tcl 
Execute     source C:/Users/sreer/Post-Silicon-Validation-Research-Project/new_cpu_implementation/vitis/PSV_HLS/RAW_solu/.autopilot/db/pipeline_top.tbgen.tcl 
Execute     source C:/Users/sreer/Post-Silicon-Validation-Research-Project/new_cpu_implementation/vitis/PSV_HLS/RAW_solu/.autopilot/db/pipeline_top.tbgen.tcl 
Execute     source C:/Users/sreer/Post-Silicon-Validation-Research-Project/new_cpu_implementation/vitis/PSV_HLS/RAW_solu/.autopilot/db/pipeline_top.tbgen.tcl 
Execute     source C:/Users/sreer/Post-Silicon-Validation-Research-Project/new_cpu_implementation/vitis/PSV_HLS/RAW_solu/.autopilot/db/pipeline_top.tbgen.tcl 
Execute     source C:/Users/sreer/Post-Silicon-Validation-Research-Project/new_cpu_implementation/vitis/PSV_HLS/RAW_solu/.autopilot/db/pipeline_top.tbgen.tcl 
Execute     source ../tv/cdatafile/ref.tcl 
Execute     source C:/Users/sreer/Post-Silicon-Validation-Research-Project/new_cpu_implementation/vitis/PSV_HLS/RAW_solu/.autopilot/db/pipeline_top.tbgen.tcl 
Execute     source C:/Users/sreer/Post-Silicon-Validation-Research-Project/new_cpu_implementation/vitis/PSV_HLS/RAW_solu/.autopilot/db/pipeline_top.tbgen.tcl 
Execute     source C:/Users/sreer/Post-Silicon-Validation-Research-Project/new_cpu_implementation/vitis/PSV_HLS/RAW_solu/.autopilot/db/pipeline_top.tbgen.tcl 
Execute     source C:/Users/sreer/Post-Silicon-Validation-Research-Project/new_cpu_implementation/vitis/PSV_HLS/RAW_solu/.autopilot/db/pipeline_top.tbgen.tcl 
Execute     source C:/Users/sreer/Post-Silicon-Validation-Research-Project/new_cpu_implementation/vitis/PSV_HLS/RAW_solu/.autopilot/db/pipeline_top.tbgen.tcl 
Execute     source C:/Users/sreer/Post-Silicon-Validation-Research-Project/new_cpu_implementation/vitis/PSV_HLS/RAW_solu/.autopilot/db/pipeline_top.tbgen.tcl 
Execute     source C:/Users/sreer/Post-Silicon-Validation-Research-Project/new_cpu_implementation/vitis/PSV_HLS/RAW_solu/.autopilot/db/pipeline_top.tbgen.tcl 
Execute     source C:/Users/sreer/Post-Silicon-Validation-Research-Project/new_cpu_implementation/vitis/PSV_HLS/RAW_solu/.autopilot/db/pipeline_top.tbgen.tcl 
Execute     source C:/Users/sreer/Post-Silicon-Validation-Research-Project/new_cpu_implementation/vitis/PSV_HLS/RAW_solu/.autopilot/db/pipeline_top.tbgen.tcl 
Execute     source C:/Users/sreer/Post-Silicon-Validation-Research-Project/new_cpu_implementation/vitis/PSV_HLS/RAW_solu/.autopilot/db/pipeline_top.tbgen.tcl 
Execute     source C:/Users/sreer/Post-Silicon-Validation-Research-Project/new_cpu_implementation/vitis/PSV_HLS/RAW_solu/.autopilot/db/pipeline_top.tbgen.tcl 
Execute     source C:/Users/sreer/Post-Silicon-Validation-Research-Project/new_cpu_implementation/vitis/PSV_HLS/RAW_solu/.autopilot/db/pipeline_top.tbgen.tcl 
INFO: [COSIM 212-1] *** C/RTL co-simulation file generation completed. ***
Execute     source .run_sim.tcl 
Execute       source check_sim.tcl 
Execute       source dataflow_monitor_API.tcl 
Execute       source .sim.status.tcl 
INFO: [COSIM 212-323] Starting verilog simulation. 
INFO: [COSIM 212-15] Starting XSIM ...
INFO: [COSIM 212-316] Starting C post checking ...
Command     ap_source done; 11.941 sec.
INFO: [COSIM 212-1000] *** C/RTL co-simulation finished: PASS ***
Command   cosim_design done; 21.582 sec.
INFO: [HLS 200-111] Finished Command cosim_design CPU user time: 2 seconds. CPU system time: 0 seconds. Elapsed time: 21.582 seconds; current allocated memory: 661.258 MB.
Command ap_source done; 22.27 sec.
Execute cleanup_all 
INFO-FLOW: Workspace C:/Users/sreer/Post-Silicon-Validation-Research-Project/new_cpu_implementation/vitis/PSV_HLS/RAW_solu opened at Fri Aug 14 16:26:03 -0400 2026
Execute     ap_set_clock -name default -period 10 -default=false 
INFO: [SYN 201-201] Setting up clock 'default' with a period of 10ns.
Execute     set_part xc7k70tfbv676-1 
Execute       create_platform xc7k70tfbv676-1 -board  
DBG:HLSDevice: Trying to load device library: C:/Xilinx/Vitis_HLS/2021.2\lib\win64.o\librdi_hlsvwrap.dll
DBG:HLSDevice: first parts/arch.xml in RDI_DATADIR: C:/Xilinx/Vivado/2021.2/data/parts/arch.xml
DBG:HLSDevice: init success
Execute         source C:/Xilinx/Vitis_HLS/2021.2/common/technology/xilinx/DSP48/dsp48.hlp 
Execute         source C:/Xilinx/Vitis_HLS/2021.2/common/technology/xilinx/DSP48/kintex7_dsp48e1.hlp 
INFO: [HLS 200-1611] Setting target device to 'xc7k70t-fbv676-1'
Command       create_platform done; 0.44 sec.
Execute       source C:/Xilinx/Vitis_HLS/2021.2/common/technology/xilinx/common/xilinx.gen 
Execute         source C:/Xilinx/Vitis_HLS/2021.2/common/technology/xilinx/interface/plb46.gen 
Execute         source C:/Xilinx/Vitis_HLS/2021.2/common/technology/xilinx/interface/axi4.gen 
Execute         source C:/Xilinx/Vitis_HLS/2021.2/common/technology/xilinx/interface/nativeAXI4.gen 
Execute           source C:/Xilinx/Vitis_HLS/2021.2/common/technology/xilinx/interface/saxilite.gen 
Execute           source C:/Xilinx/Vitis_HLS/2021.2/common/technology/xilinx/interface/maxi.gen 
Execute         source C:/Xilinx/Vitis_HLS/2021.2/common/technology/xilinx/scripts/xilinxcoregen.gen 
Execute         source C:/Xilinx/Vitis_HLS/2021.2/common/technology/xilinx/interface/XilEDKCoreGen.gen 
Execute         source C:/Xilinx/Vitis_HLS/2021.2/common/technology/xilinx/ip/dds_compiler.gen 
Execute         source C:/Xilinx/Vitis_HLS/2021.2/common/technology/xilinx/ip/util.gen 
Execute         source C:/Xilinx/Vitis_HLS/2021.2/common/technology/xilinx/ip/xfft.gen 
Execute         source C:/Xilinx/Vitis_HLS/2021.2/common/technology/xilinx/ip/xfir.gen 
Execute         source C:/Xilinx/Vitis_HLS/2021.2/common/technology/xilinx/DSP48/dsp48.gen 
Execute       ap_part_info -name xc7k70t-fbv676-1 -data info 
Execute       config_compile -quiet -complex-mul-dsp=0 
Command     set_part done; 0.537 sec.
Execute     send_msg_by_id INFO @200-1505@%s%s  vivado 
INFO: [HLS 200-1505] Using flow_target 'vivado'
Execute     get_config_interface -m_axi_latency 
Execute     get_config_interface -m_axi_alignment_byte_size 
Execute     get_config_interface -m_axi_max_widen_bitwidth 
Execute     get_config_interface -default_interface 
Execute     get_config_rtl -register_reset_num 
Command   open_solution done; 0.571 sec.
Execute   set_part xc7k70tfbv676-1 
INFO: [HLS 200-1510] Running: set_part xc7k70tfbv676-1 
Execute     create_platform xc7k70tfbv676-1 -board  
Execute       source C:/Xilinx/Vitis_HLS/2021.2/common/technology/xilinx/DSP48/dsp48.hlp 
Execute       source C:/Xilinx/Vitis_HLS/2021.2/common/technology/xilinx/DSP48/kintex7_dsp48e1.hlp 
Execute     source C:/Xilinx/Vitis_HLS/2021.2/common/technology/xilinx/common/xilinx.gen 
Execute       source C:/Xilinx/Vitis_HLS/2021.2/common/technology/xilinx/interface/plb46.gen 
Execute       source C:/Xilinx/Vitis_HLS/2021.2/common/technology/xilinx/interface/axi4.gen 
Execute       source C:/Xilinx/Vitis_HLS/2021.2/common/technology/xilinx/interface/nativeAXI4.gen 
Execute         source C:/Xilinx/Vitis_HLS/2021.2/common/technology/xilinx/interface/saxilite.gen 
Execute         source C:/Xilinx/Vitis_HLS/2021.2/common/technology/xilinx/interface/maxi.gen 
Execute       source C:/Xilinx/Vitis_HLS/2021.2/common/technology/xilinx/scripts/xilinxcoregen.gen 
Execute       source C:/Xilinx/Vitis_HLS/2021.2/common/technology/xilinx/interface/XilEDKCoreGen.gen 
Execute       source C:/Xilinx/Vitis_HLS/2021.2/common/technology/xilinx/ip/dds_compiler.gen 
Execute       source C:/Xilinx/Vitis_HLS/2021.2/common/technology/xilinx/ip/util.gen 
Execute       source C:/Xilinx/Vitis_HLS/2021.2/common/technology/xilinx/ip/xfft.gen 
Execute       source C:/Xilinx/Vitis_HLS/2021.2/common/technology/xilinx/ip/xfir.gen 
Execute       source C:/Xilinx/Vitis_HLS/2021.2/common/technology/xilinx/DSP48/dsp48.gen 
Execute     ap_part_info -name xc7k70t-fbv676-1 -data info 
Execute     config_compile -quiet -complex-mul-dsp=0 
Execute   create_clock -period 10 -name default 
INFO: [HLS 200-1510] Running: create_clock -period 10 -name default 
Execute     ap_set_clock -name default -period 10 -default=false 
INFO: [SYN 201-201] Setting up clock 'default' with a period of 10ns.
Execute   export_design -rtl verilog -format ip_catalog 
INFO: [HLS 200-1510] Running: export_design -rtl verilog -format ip_catalog 
Execute     get_config_export -clock_margin 
Execute     get_config_export -custom_script 
Execute     get_config_export -description 
Execute     get_config_export -display_name 
Execute     get_config_export -driver_input_dir 
Execute     get_config_export -ipname 
Execute     get_config_export -library 
Execute     get_config_export -output 
Execute     get_config_export -qor_test 
Execute     get_config_export -sim 
Execute     get_config_export -taxonomy 
Execute     get_config_export -use_ip 
Execute     get_config_export -use_netlist 
Execute     get_config_export -vendor 
Execute     get_config_export -version 
Execute     get_config_export -xo 
Execute     config_export -format=ip_catalog -rtl=verilog 
INFO-FLOW: DBG:PUTS: export_design_wrap: -format ip_catalog -rtl verilog
Execute     source C:/Users/sreer/Post-Silicon-Validation-Research-Project/new_cpu_implementation/vitis/PSV_HLS/RAW_solu/.autopilot/db/global.setting.tcl 
Execute     get_config_export -vivado_clock 
Execute     get_top 
Execute     get_config_export -ipname 
Execute     get_config_export -xo 
Execute     get_config_export -format 
Execute     get_config_rtl -module_auto_prefix 
Execute     get_solution -flow_target 
Execute     get_config_export -xo 
Execute     get_config_export -format 
INFO-FLOW: DBG:PUTS:   auto_impl: pack: -export -rtl verilog
INFO-FLOW: DBG:PROC: ::AESL_AUTOIMPL::auto_impl args='-export -rtl verilog'
Execute     source C:/Users/sreer/Post-Silicon-Validation-Research-Project/new_cpu_implementation/vitis/PSV_HLS/RAW_solu/.autopilot/db/global.setting.tcl 
INFO: [IMPL 213-8] Exporting RTL as a Vivado IP.
Execute     source C:/Users/sreer/Post-Silicon-Validation-Research-Project/new_cpu_implementation/vitis/PSV_HLS/RAW_solu/.autopilot/db/global.setting.tcl 
INFO-FLOW: DBG:PUTS: automg_wrap -export -pcore_version 1.00.a -rtl vlog -tool Vivado -impltomg_flag
INFO-FLOW: DBG:PROC: ::AESL_AUTOMG::auto_generate args='-export -pcore_version 1.00.a -rtl vlog -tool Vivado -impltomg_flag'
INFO-FLOW: DBG:PUTS:     auto_generate -export -pcore_version 1.00.a -rtl vlog -tool Vivado -impltomg_flag
Execute     get_config_export -xo 
Execute     get_config_export -format 
Execute     get_config_export -ip_xdc_file 
Execute     get_config_export -ip_xdc_ooc_file 
Execute     source C:/Users/sreer/Post-Silicon-Validation-Research-Project/new_cpu_implementation/vitis/PSV_HLS/RAW_solu/.autopilot/db/global.setting.tcl 
INFO-FLOW: DBG:PUTS: read_platform_lib C:/Users/sreer/Post-Silicon-Validation-Research-Project/new_cpu_implementation/vitis/PSV_HLS/RAW_solu/.autopilot/db/global.setting.tcl
Execute     source C:/Xilinx/Vitis_HLS/2021.2/common/technology/generic/autopilot/common.gen 
Execute       source C:/Xilinx/Vitis_HLS/2021.2/common/technology/generic/autopilot/APCoreGen.gen 
Execute     source C:/Xilinx/Vitis_HLS/2021.2/common/technology/generic/autopilot/op.gen 
Execute     source C:/Xilinx/Vitis_HLS/2021.2/common/technology/generic/autopilot/op_simcore.gen 
Execute     source C:/Xilinx/Vitis_HLS/2021.2/common/technology/generic/autopilot/interface.gen 
Execute     source C:/Users/sreer/Post-Silicon-Validation-Research-Project/new_cpu_implementation/vitis/PSV_HLS/RAW_solu/.autopilot/db/global.setting.tcl 
Execute     source C:/Xilinx/Vitis_HLS/2021.2/common/technology/xilinx/common/xilinx.gen 
Execute       source C:/Xilinx/Vitis_HLS/2021.2/common/technology/xilinx/interface/plb46.gen 
Execute       source C:/Xilinx/Vitis_HLS/2021.2/common/technology/xilinx/interface/axi4.gen 
Execute       source C:/Xilinx/Vitis_HLS/2021.2/common/technology/xilinx/interface/nativeAXI4.gen 
Execute         source C:/Xilinx/Vitis_HLS/2021.2/common/technology/xilinx/interface/saxilite.gen 
Execute         source C:/Xilinx/Vitis_HLS/2021.2/common/technology/xilinx/interface/maxi.gen 
Execute       source C:/Xilinx/Vitis_HLS/2021.2/common/technology/xilinx/scripts/xilinxcoregen.gen 
Execute       source C:/Xilinx/Vitis_HLS/2021.2/common/technology/xilinx/interface/XilEDKCoreGen.gen 
Execute       source C:/Xilinx/Vitis_HLS/2021.2/common/technology/xilinx/ip/dds_compiler.gen 
Execute       source C:/Xilinx/Vitis_HLS/2021.2/common/technology/xilinx/ip/util.gen 
Execute       source C:/Xilinx/Vitis_HLS/2021.2/common/technology/xilinx/ip/xfft.gen 
Execute       source C:/Xilinx/Vitis_HLS/2021.2/common/technology/xilinx/ip/xfir.gen 
Execute       source C:/Xilinx/Vitis_HLS/2021.2/common/technology/xilinx/DSP48/dsp48.gen 
INFO-FLOW: DBG:PUTS:   using AESL_AUTOCG::g_clock_period=10.000 (was NA)
INFO-FLOW: DBG:PUTS:       initCTypeInfo top_module=pipeline_top xml_exists=0
Execute     source C:/Users/sreer/Post-Silicon-Validation-Research-Project/new_cpu_implementation/vitis/PSV_HLS/RAW_solu/.autopilot/db/pipeline_top.rtl_wrap.cfg.tcl 
Execute     source C:/Users/sreer/Post-Silicon-Validation-Research-Project/new_cpu_implementation/vitis/PSV_HLS/RAW_solu/.autopilot/db/pipeline_top.rtl_wrap.cfg.tcl 
Execute     source C:/Users/sreer/Post-Silicon-Validation-Research-Project/new_cpu_implementation/vitis/PSV_HLS/RAW_solu/.autopilot/db/pipeline_top.rtl_wrap.cfg.tcl 
Execute     source C:/Users/sreer/Post-Silicon-Validation-Research-Project/new_cpu_implementation/vitis/PSV_HLS/RAW_solu/.autopilot/db/pipeline_top.tbgen.tcl 
Execute     source C:/Users/sreer/Post-Silicon-Validation-Research-Project/new_cpu_implementation/vitis/PSV_HLS/RAW_solu/.autopilot/db/pipeline_top.tbgen.tcl 
Execute     get_config_export -deadlock_detection 
Execute     source C:/Users/sreer/Post-Silicon-Validation-Research-Project/new_cpu_implementation/vitis/PSV_HLS/RAW_solu/.autopilot/db/global.setting.tcl 
Execute     source C:/Users/sreer/Post-Silicon-Validation-Research-Project/new_cpu_implementation/vitis/PSV_HLS/RAW_solu/.autopilot/db/pipeline_top.tbgen.tcl 
Execute     get_config_rtl -module_prefix 
INFO-FLOW: DBG:PUTS:       cosim_export_main adding deadlock detection to pipeline_top
INFO-FLOW: DBG:PUTS: Skipping loadAnalyze_DB, #g_database=6
INFO-FLOW: DBG:PUTS:       generate_json generate_bd_files=0 generate_xo_files=false #modelList=3 #gSsdmPorts=0
INFO-FLOW: DBG:PROC: ::AP::DESIGN_DATA::generate_json generate_bd_files='0' generate_xo_files='false' modelList='pipeline_top_clock_cycle_RegisterFile_V_RAM_AUTO_1R1W
clock_cycle
pipeline_top
' rtl_lang='vlog' bootstrap_tcl='false' outdir='' outfilename=''
Execute     source C:/Xilinx/Vitis_HLS/2021.2/tps/tcl/tcllib1.11.1/yaml/huddle.tcl 
Execute     source C:/Xilinx/Vitis_HLS/2021.2/tps/tcl/tcllib1.11.1/yaml/json2huddle.tcl 
Execute       source C:/Xilinx/Vitis_HLS/2021.2/tps/tcl/tcllib1.11.1/try/try.tcl 
Execute     source C:/Users/sreer/Post-Silicon-Validation-Research-Project/new_cpu_implementation/vitis/PSV_HLS/RAW_solu/.autopilot/db/global.setting.tcl 
Execute     source C:/Users/sreer/Post-Silicon-Validation-Research-Project/new_cpu_implementation/vitis/PSV_HLS/RAW_solu/.autopilot/db/global.setting.tcl 
Execute     get_solution -flow_target 
Execute     get_config_export -xo 
Execute     get_config_export -format 
Execute     source C:/Users/sreer/Post-Silicon-Validation-Research-Project/new_cpu_implementation/vitis/PSV_HLS/RAW_solu/.autopilot/db/top-io-be.tcl 
Execute     source C:/Users/sreer/Post-Silicon-Validation-Research-Project/new_cpu_implementation/vitis/PSV_HLS/RAW_solu/.autopilot/db/pipeline_top.tbgen.tcl 
Execute     source C:/Users/sreer/Post-Silicon-Validation-Research-Project/new_cpu_implementation/vitis/PSV_HLS/RAW_solu/.autopilot/db/pipeline_top.rtl_wrap.cfg.tcl 
Execute     source C:/Users/sreer/Post-Silicon-Validation-Research-Project/new_cpu_implementation/vitis/PSV_HLS/RAW_solu/.autopilot/db/pipeline_top.compgen.dataonly.tcl 
Execute     get_config_export -format 
Execute     ap_part_info -name xc7k70t-fbv676-1 -data names -quiet 
Execute     ap_part_info -name xc7k70t-fbv676-1 -data info -quiet 
Execute     source C:/Users/sreer/Post-Silicon-Validation-Research-Project/new_cpu_implementation/vitis/PSV_HLS/RAW_solu/.autopilot/db/clock_cycle.tbgen.tcl 
Execute     source C:/Users/sreer/Post-Silicon-Validation-Research-Project/new_cpu_implementation/vitis/PSV_HLS/RAW_solu/.autopilot/db/pipeline_top.tbgen.tcl 
Execute     source C:/Users/sreer/Post-Silicon-Validation-Research-Project/new_cpu_implementation/vitis/PSV_HLS/RAW_solu/.autopilot/db/global.setting.tcl 
Execute     ap_part_info -name xc7k70t-fbv676-1 -data names -quiet 
Execute     ap_part_info -name xc7k70t-fbv676-1 -data info -quiet 
Execute     get_solution -flow_target 
Execute     get_config_rtl -kernel_profile 
Execute     get_config_rtl -kernel_profile 
Execute     get_config_rtl -stall_sig_gen 
Execute     get_config_rtl -profile 
Execute     source C:/Users/sreer/Post-Silicon-Validation-Research-Project/new_cpu_implementation/vitis/PSV_HLS/RAW_solu/.autopilot/db/pipeline_top.constraint.tcl 
Execute     sc_get_clocks pipeline_top 
Execute     source C:/Users/sreer/Post-Silicon-Validation-Research-Project/new_cpu_implementation/vitis/PSV_HLS/RAW_solu/.autopilot/db/global.setting.tcl 
Execute     get_config_export -ip_xdc_file 
Execute     get_config_export -ip_xdc_ooc_file 
Execute     get_config_debug -directory 
Execute     get_config_export -deadlock_detection 
Execute     source C:/Users/sreer/Post-Silicon-Validation-Research-Project/new_cpu_implementation/vitis/PSV_HLS/RAW_solu/.autopilot/db/global.setting.tcl 
Execute     source C:/Users/sreer/Post-Silicon-Validation-Research-Project/new_cpu_implementation/vitis/PSV_HLS/RAW_solu/.autopilot/db/pipeline_top.tbgen.tcl 
Execute     get_config_rtl -module_prefix 
INFO-FLOW: DBG:PUTS:       cosim_export_main adding deadlock detection to pipeline_top
Execute     get_config_export -format 
INFO-FLOW: DBG:PUTS:       generate_ip_script #gSsdmPorts=0 g_lang=vlog is_sdaccel=false is_sdsoc=true xo_file=
Execute     ap_part_info -name xc7k70t-fbv676-1 -data names -quiet 
Execute     ap_part_info -name xc7k70t-fbv676-1 -data info -quiet 
Execute     ap_part_info -name xc7k70t-fbv676-1 -data names -quiet 
Execute     ap_part_info -name xc7k70t-fbv676-1 -data info -quiet 
Execute     source C:/Users/sreer/Post-Silicon-Validation-Research-Project/new_cpu_implementation/vitis/PSV_HLS/RAW_solu/.autopilot/db/pipeline_top.tbgen.tcl 
Execute     source C:/Users/sreer/Post-Silicon-Validation-Research-Project/new_cpu_implementation/vitis/PSV_HLS/RAW_solu/.autopilot/db/pipeline_top.tbgen.tcl 
Execute     source C:/Users/sreer/Post-Silicon-Validation-Research-Project/new_cpu_implementation/vitis/PSV_HLS/RAW_solu/.autopilot/db/pipeline_top.tbgen.tcl 
Execute     source C:/Users/sreer/Post-Silicon-Validation-Research-Project/new_cpu_implementation/vitis/PSV_HLS/RAW_solu/.autopilot/db/pipeline_top.tbgen.tcl 
Execute     source C:/Users/sreer/Post-Silicon-Validation-Research-Project/new_cpu_implementation/vitis/PSV_HLS/RAW_solu/.autopilot/db/pipeline_top.tbgen.tcl 
Execute     source C:/Users/sreer/Post-Silicon-Validation-Research-Project/new_cpu_implementation/vitis/PSV_HLS/RAW_solu/.autopilot/db/pipeline_top.tbgen.tcl 
Execute     source C:/Users/sreer/Post-Silicon-Validation-Research-Project/new_cpu_implementation/vitis/PSV_HLS/RAW_solu/.autopilot/db/global.setting.tcl 
Execute     get_config_debug -directory 
INFO-FLOW: DBG:PUTS:       generate_top_info
INFO-FLOW: DBG:PUTS:       prepArgInfo -> loadAnalyze_DB top_module=pipeline_top
Execute     source C:/Users/sreer/Post-Silicon-Validation-Research-Project/new_cpu_implementation/vitis/PSV_HLS/RAW_solu/.autopilot/db/pipeline_top.rtl_wrap.cfg.tcl 
Execute     source C:/Users/sreer/Post-Silicon-Validation-Research-Project/new_cpu_implementation/vitis/PSV_HLS/RAW_solu/.autopilot/db/pipeline_top.rtl_wrap.cfg.tcl 
Execute     source C:/Users/sreer/Post-Silicon-Validation-Research-Project/new_cpu_implementation/vitis/PSV_HLS/RAW_solu/.autopilot/db/pipeline_top.rtl_wrap.cfg.tcl 
Execute     source C:/Users/sreer/Post-Silicon-Validation-Research-Project/new_cpu_implementation/vitis/PSV_HLS/RAW_solu/.autopilot/db/pipeline_top.tbgen.tcl 
Execute     source C:/Users/sreer/Post-Silicon-Validation-Research-Project/new_cpu_implementation/vitis/PSV_HLS/RAW_solu/.autopilot/db/pipeline_top.tbgen.tcl 
Execute     ap_part_info -name xc7k70t-fbv676-1 -data names -quiet 
Execute     ap_part_info -name xc7k70t-fbv676-1 -data info -quiet 
Execute     ap_part_info -name xc7k70t-fbv676-1 -data names -quiet 
Execute     ap_part_info -name xc7k70t-fbv676-1 -data info -quiet 
Execute     source C:/Users/sreer/Post-Silicon-Validation-Research-Project/new_cpu_implementation/vitis/PSV_HLS/RAW_solu/.autopilot/db/pipeline_top.tbgen.tcl 
Execute     source C:/Users/sreer/Post-Silicon-Validation-Research-Project/new_cpu_implementation/vitis/PSV_HLS/RAW_solu/.autopilot/db/global.setting.tcl 
Execute     get_config_export -ip_xdc_ooc_file 
Execute     get_config_export -ip_xdc_file 
Execute     source C:/Users/sreer/Post-Silicon-Validation-Research-Project/new_cpu_implementation/vitis/PSV_HLS/RAW_solu/.autopilot/db/pipeline_top.constraint.tcl 
INFO-FLOW: DBG:PUTS:       generate_ipi_example_script
Execute     ap_part_info -name xc7k70t-fbv676-1 -data names -quiet 
Execute     ap_part_info -name xc7k70t-fbv676-1 -data info -quiet 
Execute     ap_part_info -name xc7k70t-fbv676-1 -data names -quiet 
Execute     ap_part_info -name xc7k70t-fbv676-1 -data info -quiet 
INFO-FLOW: DBG:PUTS:       generate_syn_sh
Execute     ap_part_info -name xc7k70t-fbv676-1 -data names -quiet 
Execute     ap_part_info -name xc7k70t-fbv676-1 -data info -quiet 
Execute     source C:/Users/sreer/Post-Silicon-Validation-Research-Project/new_cpu_implementation/vitis/PSV_HLS/RAW_solu/.autopilot/db/global.setting.tcl 
INFO-FLOW: DBG:PUTS:       generate_imp_constraints
Execute     ap_part_info -name xc7k70t-fbv676-1 -data names -quiet 
Execute     ap_part_info -name xc7k70t-fbv676-1 -data info -quiet 
Execute     source C:/Users/sreer/Post-Silicon-Validation-Research-Project/new_cpu_implementation/vitis/PSV_HLS/RAW_solu/.autopilot/db/pipeline_top.constraint.tcl 
Execute     source C:/Users/sreer/Post-Silicon-Validation-Research-Project/new_cpu_implementation/vitis/PSV_HLS/RAW_solu/.autopilot/db/pipeline_top.tbgen.tcl 
INFO-FLOW: DBG:PUTS:       copy-tb-files C:/Users/sreer/Post-Silicon-Validation-Research-Project/new_cpu_implementation/vitis/PSV_HLS/RAW_solu/impl/.verilog/sim_tbs
INFO-FLOW: DBG:PUTS:       delete-temp-dirs (skipped for debug)
Execute     ap_part_info -name xc7k70t-fbv676-1 -data names -quiet 
Execute     ap_part_info -name xc7k70t-fbv676-1 -data info -quiet 
INFO-FLOW: DBG:PUTS: read_platform_lib C:/Users/sreer/Post-Silicon-Validation-Research-Project/new_cpu_implementation/vitis/PSV_HLS/RAW_solu/.autopilot/db/global.setting.tcl
Execute     source C:/Xilinx/Vitis_HLS/2021.2/common/technology/generic/autopilot/common.gen 
Execute       source C:/Xilinx/Vitis_HLS/2021.2/common/technology/generic/autopilot/APCoreGen.gen 
Execute     source C:/Xilinx/Vitis_HLS/2021.2/common/technology/generic/autopilot/op.gen 
Execute     source C:/Xilinx/Vitis_HLS/2021.2/common/technology/generic/autopilot/op_simcore.gen 
Execute     source C:/Xilinx/Vitis_HLS/2021.2/common/technology/generic/autopilot/interface.gen 
Execute     source C:/Users/sreer/Post-Silicon-Validation-Research-Project/new_cpu_implementation/vitis/PSV_HLS/RAW_solu/.autopilot/db/global.setting.tcl 
Execute     source C:/Xilinx/Vitis_HLS/2021.2/common/technology/xilinx/common/xilinx.gen 
Execute       source C:/Xilinx/Vitis_HLS/2021.2/common/technology/xilinx/interface/plb46.gen 
Execute       source C:/Xilinx/Vitis_HLS/2021.2/common/technology/xilinx/interface/axi4.gen 
Execute       source C:/Xilinx/Vitis_HLS/2021.2/common/technology/xilinx/interface/nativeAXI4.gen 
Execute         source C:/Xilinx/Vitis_HLS/2021.2/common/technology/xilinx/interface/saxilite.gen 
Execute         source C:/Xilinx/Vitis_HLS/2021.2/common/technology/xilinx/interface/maxi.gen 
Execute       source C:/Xilinx/Vitis_HLS/2021.2/common/technology/xilinx/scripts/xilinxcoregen.gen 
Execute       source C:/Xilinx/Vitis_HLS/2021.2/common/technology/xilinx/interface/XilEDKCoreGen.gen 
Execute       source C:/Xilinx/Vitis_HLS/2021.2/common/technology/xilinx/ip/dds_compiler.gen 
Execute       source C:/Xilinx/Vitis_HLS/2021.2/common/technology/xilinx/ip/util.gen 
Execute       source C:/Xilinx/Vitis_HLS/2021.2/common/technology/xilinx/ip/xfft.gen 
Execute       source C:/Xilinx/Vitis_HLS/2021.2/common/technology/xilinx/ip/xfir.gen 
Execute       source C:/Xilinx/Vitis_HLS/2021.2/common/technology/xilinx/DSP48/dsp48.gen 
INFO-FLOW: DBG:PUTS:     IP package: exec C:/Users/sreer/Post-Silicon-Validation-Research-Project/new_cpu_implementation/vitis/PSV_HLS/RAW_solu/impl/ip/pack.bat
INFO-FLOW: DBG:PUTS:     IP package: failed result=1 C:/Users/sreer/Post-Silicon-Validation-Research-Project/new_cpu_implementation/vitis/PSV_HLS/RAW_solu/impl/ip/pack.bat
ERROR: [IMPL 213-28] Failed to generate IP.
Command   export_design done; error code: 2; 6.978 sec.
INFO: [HLS 200-111] Finished Command export_design CPU user time: 1 seconds. CPU system time: 0 seconds. Elapsed time: 6.978 seconds; current allocated memory: 657.102 MB.
Command ap_source done; error code: 1; 7.698 sec.
Execute cleanup_all 
INFO-FLOW: Workspace C:/Users/sreer/Post-Silicon-Validation-Research-Project/new_cpu_implementation/vitis/PSV_HLS/RAW_solu opened at Fri Aug 14 16:28:55 -0400 2026
Execute     ap_set_clock -name default -period 10 -default=false 
INFO: [SYN 201-201] Setting up clock 'default' with a period of 10ns.
Execute     set_part xc7k70tfbv676-1 
Execute       create_platform xc7k70tfbv676-1 -board  
DBG:HLSDevice: Trying to load device library: C:/Xilinx/Vitis_HLS/2021.2\lib\win64.o\librdi_hlsvwrap.dll
DBG:HLSDevice: first parts/arch.xml in RDI_DATADIR: C:/Xilinx/Vivado/2021.2/data/parts/arch.xml
DBG:HLSDevice: init success
Execute         source C:/Xilinx/Vitis_HLS/2021.2/common/technology/xilinx/DSP48/dsp48.hlp 
Execute         source C:/Xilinx/Vitis_HLS/2021.2/common/technology/xilinx/DSP48/kintex7_dsp48e1.hlp 
INFO: [HLS 200-1611] Setting target device to 'xc7k70t-fbv676-1'
Command       create_platform done; 0.359 sec.
Execute       source C:/Xilinx/Vitis_HLS/2021.2/common/technology/xilinx/common/xilinx.gen 
Execute         source C:/Xilinx/Vitis_HLS/2021.2/common/technology/xilinx/interface/plb46.gen 
Execute         source C:/Xilinx/Vitis_HLS/2021.2/common/technology/xilinx/interface/axi4.gen 
Execute         source C:/Xilinx/Vitis_HLS/2021.2/common/technology/xilinx/interface/nativeAXI4.gen 
Execute           source C:/Xilinx/Vitis_HLS/2021.2/common/technology/xilinx/interface/saxilite.gen 
Execute           source C:/Xilinx/Vitis_HLS/2021.2/common/technology/xilinx/interface/maxi.gen 
Execute         source C:/Xilinx/Vitis_HLS/2021.2/common/technology/xilinx/scripts/xilinxcoregen.gen 
Execute         source C:/Xilinx/Vitis_HLS/2021.2/common/technology/xilinx/interface/XilEDKCoreGen.gen 
Execute         source C:/Xilinx/Vitis_HLS/2021.2/common/technology/xilinx/ip/dds_compiler.gen 
Execute         source C:/Xilinx/Vitis_HLS/2021.2/common/technology/xilinx/ip/util.gen 
Execute         source C:/Xilinx/Vitis_HLS/2021.2/common/technology/xilinx/ip/xfft.gen 
Execute         source C:/Xilinx/Vitis_HLS/2021.2/common/technology/xilinx/ip/xfir.gen 
Execute         source C:/Xilinx/Vitis_HLS/2021.2/common/technology/xilinx/DSP48/dsp48.gen 
Execute       ap_part_info -name xc7k70t-fbv676-1 -data info 
Execute       config_compile -quiet -complex-mul-dsp=0 
Command     set_part done; 0.469 sec.
Execute     send_msg_by_id INFO @200-1505@%s%s  vivado 
INFO: [HLS 200-1505] Using flow_target 'vivado'
Execute     get_config_interface -m_axi_latency 
Execute     get_config_interface -m_axi_alignment_byte_size 
Execute     get_config_interface -m_axi_max_widen_bitwidth 
Execute     get_config_interface -default_interface 
Execute     get_config_rtl -register_reset_num 
Execute     send_msg_by_id INFO @200-1464@%s config_export -format=ip_catalog 
INFO: [HLS 200-1464] Running solution command: config_export -format=ip_catalog
Execute     config_export -format=ip_catalog 
Execute     send_msg_by_id INFO @200-1464@%s config_export -rtl=verilog 
INFO: [HLS 200-1464] Running solution command: config_export -rtl=verilog
Execute     config_export -rtl=verilog 
Command   open_solution done; 0.507 sec.
Execute   set_part xc7k70tfbv676-1 
INFO: [HLS 200-1510] Running: set_part xc7k70tfbv676-1 
Execute     create_platform xc7k70tfbv676-1 -board  
Execute       source C:/Xilinx/Vitis_HLS/2021.2/common/technology/xilinx/DSP48/dsp48.hlp 
Execute       source C:/Xilinx/Vitis_HLS/2021.2/common/technology/xilinx/DSP48/kintex7_dsp48e1.hlp 
Execute     source C:/Xilinx/Vitis_HLS/2021.2/common/technology/xilinx/common/xilinx.gen 
Execute       source C:/Xilinx/Vitis_HLS/2021.2/common/technology/xilinx/interface/plb46.gen 
Execute       source C:/Xilinx/Vitis_HLS/2021.2/common/technology/xilinx/interface/axi4.gen 
Execute       source C:/Xilinx/Vitis_HLS/2021.2/common/technology/xilinx/interface/nativeAXI4.gen 
Execute         source C:/Xilinx/Vitis_HLS/2021.2/common/technology/xilinx/interface/saxilite.gen 
Execute         source C:/Xilinx/Vitis_HLS/2021.2/common/technology/xilinx/interface/maxi.gen 
Execute       source C:/Xilinx/Vitis_HLS/2021.2/common/technology/xilinx/scripts/xilinxcoregen.gen 
Execute       source C:/Xilinx/Vitis_HLS/2021.2/common/technology/xilinx/interface/XilEDKCoreGen.gen 
Execute       source C:/Xilinx/Vitis_HLS/2021.2/common/technology/xilinx/ip/dds_compiler.gen 
Execute       source C:/Xilinx/Vitis_HLS/2021.2/common/technology/xilinx/ip/util.gen 
Execute       source C:/Xilinx/Vitis_HLS/2021.2/common/technology/xilinx/ip/xfft.gen 
Execute       source C:/Xilinx/Vitis_HLS/2021.2/common/technology/xilinx/ip/xfir.gen 
Execute       source C:/Xilinx/Vitis_HLS/2021.2/common/technology/xilinx/DSP48/dsp48.gen 
Execute     ap_part_info -name xc7k70t-fbv676-1 -data info 
Execute     config_compile -quiet -complex-mul-dsp=0 
Execute   create_clock -period 10 -name default 
INFO: [HLS 200-1510] Running: create_clock -period 10 -name default 
Execute     ap_set_clock -name default -period 10 -default=false 
INFO: [SYN 201-201] Setting up clock 'default' with a period of 10ns.
Execute   config_export -format ip_catalog -rtl verilog 
INFO: [HLS 200-1510] Running: config_export -format ip_catalog -rtl verilog 
Execute   export_design -rtl verilog -format ip_catalog 
INFO: [HLS 200-1510] Running: export_design -rtl verilog -format ip_catalog 
Execute     get_config_export -clock_margin 
Execute     get_config_export -custom_script 
Execute     get_config_export -description 
Execute     get_config_export -display_name 
Execute     get_config_export -driver_input_dir 
Execute     get_config_export -ipname 
Execute     get_config_export -library 
Execute     get_config_export -output 
Execute     get_config_export -qor_test 
Execute     get_config_export -sim 
Execute     get_config_export -taxonomy 
Execute     get_config_export -use_ip 
Execute     get_config_export -use_netlist 
Execute     get_config_export -vendor 
Execute     get_config_export -version 
Execute     get_config_export -xo 
Execute     config_export -format=ip_catalog -rtl=verilog 
INFO-FLOW: DBG:PUTS: export_design_wrap: -format ip_catalog -rtl verilog
Execute     source C:/Users/sreer/Post-Silicon-Validation-Research-Project/new_cpu_implementation/vitis/PSV_HLS/RAW_solu/.autopilot/db/global.setting.tcl 
Execute     get_config_export -vivado_clock 
Execute     get_top 
Execute     get_config_export -ipname 
Execute     get_config_export -xo 
Execute     get_config_export -format 
Execute     get_config_rtl -module_auto_prefix 
Execute     get_solution -flow_target 
Execute     get_config_export -xo 
Execute     get_config_export -format 
INFO-FLOW: DBG:PUTS:   auto_impl: pack: -export -rtl verilog
INFO-FLOW: DBG:PROC: ::AESL_AUTOIMPL::auto_impl args='-export -rtl verilog'
Execute     source C:/Users/sreer/Post-Silicon-Validation-Research-Project/new_cpu_implementation/vitis/PSV_HLS/RAW_solu/.autopilot/db/global.setting.tcl 
INFO: [IMPL 213-8] Exporting RTL as a Vivado IP.
Execute     source C:/Users/sreer/Post-Silicon-Validation-Research-Project/new_cpu_implementation/vitis/PSV_HLS/RAW_solu/.autopilot/db/global.setting.tcl 
INFO-FLOW: DBG:PUTS: automg_wrap -export -pcore_version 1.00.a -rtl vlog -tool Vivado -impltomg_flag
INFO-FLOW: DBG:PROC: ::AESL_AUTOMG::auto_generate args='-export -pcore_version 1.00.a -rtl vlog -tool Vivado -impltomg_flag'
INFO-FLOW: DBG:PUTS:     auto_generate -export -pcore_version 1.00.a -rtl vlog -tool Vivado -impltomg_flag
Execute     get_config_export -xo 
Execute     get_config_export -format 
Execute     get_config_export -ip_xdc_file 
Execute     get_config_export -ip_xdc_ooc_file 
Execute     source C:/Users/sreer/Post-Silicon-Validation-Research-Project/new_cpu_implementation/vitis/PSV_HLS/RAW_solu/.autopilot/db/global.setting.tcl 
INFO-FLOW: DBG:PUTS: read_platform_lib C:/Users/sreer/Post-Silicon-Validation-Research-Project/new_cpu_implementation/vitis/PSV_HLS/RAW_solu/.autopilot/db/global.setting.tcl
Execute     source C:/Xilinx/Vitis_HLS/2021.2/common/technology/generic/autopilot/common.gen 
Execute       source C:/Xilinx/Vitis_HLS/2021.2/common/technology/generic/autopilot/APCoreGen.gen 
Execute     source C:/Xilinx/Vitis_HLS/2021.2/common/technology/generic/autopilot/op.gen 
Execute     source C:/Xilinx/Vitis_HLS/2021.2/common/technology/generic/autopilot/op_simcore.gen 
Execute     source C:/Xilinx/Vitis_HLS/2021.2/common/technology/generic/autopilot/interface.gen 
Execute     source C:/Users/sreer/Post-Silicon-Validation-Research-Project/new_cpu_implementation/vitis/PSV_HLS/RAW_solu/.autopilot/db/global.setting.tcl 
Execute     source C:/Xilinx/Vitis_HLS/2021.2/common/technology/xilinx/common/xilinx.gen 
Execute       source C:/Xilinx/Vitis_HLS/2021.2/common/technology/xilinx/interface/plb46.gen 
Execute       source C:/Xilinx/Vitis_HLS/2021.2/common/technology/xilinx/interface/axi4.gen 
Execute       source C:/Xilinx/Vitis_HLS/2021.2/common/technology/xilinx/interface/nativeAXI4.gen 
Execute         source C:/Xilinx/Vitis_HLS/2021.2/common/technology/xilinx/interface/saxilite.gen 
Execute         source C:/Xilinx/Vitis_HLS/2021.2/common/technology/xilinx/interface/maxi.gen 
Execute       source C:/Xilinx/Vitis_HLS/2021.2/common/technology/xilinx/scripts/xilinxcoregen.gen 
Execute       source C:/Xilinx/Vitis_HLS/2021.2/common/technology/xilinx/interface/XilEDKCoreGen.gen 
Execute       source C:/Xilinx/Vitis_HLS/2021.2/common/technology/xilinx/ip/dds_compiler.gen 
Execute       source C:/Xilinx/Vitis_HLS/2021.2/common/technology/xilinx/ip/util.gen 
Execute       source C:/Xilinx/Vitis_HLS/2021.2/common/technology/xilinx/ip/xfft.gen 
Execute       source C:/Xilinx/Vitis_HLS/2021.2/common/technology/xilinx/ip/xfir.gen 
Execute       source C:/Xilinx/Vitis_HLS/2021.2/common/technology/xilinx/DSP48/dsp48.gen 
INFO-FLOW: DBG:PUTS:   using AESL_AUTOCG::g_clock_period=10.000 (was NA)
INFO-FLOW: DBG:PUTS:       initCTypeInfo top_module=pipeline_top xml_exists=1
Execute     source C:/Users/sreer/Post-Silicon-Validation-Research-Project/new_cpu_implementation/vitis/PSV_HLS/RAW_solu/.autopilot/db/pipeline_top.rtl_wrap.cfg.tcl 
Execute     source C:/Users/sreer/Post-Silicon-Validation-Research-Project/new_cpu_implementation/vitis/PSV_HLS/RAW_solu/.autopilot/db/pipeline_top.rtl_wrap.cfg.tcl 
Execute     source C:/Users/sreer/Post-Silicon-Validation-Research-Project/new_cpu_implementation/vitis/PSV_HLS/RAW_solu/.autopilot/db/pipeline_top.rtl_wrap.cfg.tcl 
Execute     source C:/Users/sreer/Post-Silicon-Validation-Research-Project/new_cpu_implementation/vitis/PSV_HLS/RAW_solu/.autopilot/db/pipeline_top.tbgen.tcl 
Execute     source C:/Users/sreer/Post-Silicon-Validation-Research-Project/new_cpu_implementation/vitis/PSV_HLS/RAW_solu/.autopilot/db/pipeline_top.tbgen.tcl 
Execute     get_config_export -deadlock_detection 
Execute     source C:/Users/sreer/Post-Silicon-Validation-Research-Project/new_cpu_implementation/vitis/PSV_HLS/RAW_solu/.autopilot/db/global.setting.tcl 
Execute     source C:/Users/sreer/Post-Silicon-Validation-Research-Project/new_cpu_implementation/vitis/PSV_HLS/RAW_solu/.autopilot/db/pipeline_top.tbgen.tcl 
Execute     get_config_rtl -module_prefix 
INFO-FLOW: DBG:PUTS:       cosim_export_main adding deadlock detection to pipeline_top
INFO-FLOW: DBG:PUTS: Skipping loadAnalyze_DB, #g_database=6
INFO-FLOW: DBG:PUTS:       generate_json generate_bd_files=0 generate_xo_files=false #modelList=3 #gSsdmPorts=0
INFO-FLOW: DBG:PROC: ::AP::DESIGN_DATA::generate_json generate_bd_files='0' generate_xo_files='false' modelList='pipeline_top_clock_cycle_RegisterFile_V_RAM_AUTO_1R1W
clock_cycle
pipeline_top
' rtl_lang='vlog' bootstrap_tcl='false' outdir='' outfilename=''
Execute     source C:/Xilinx/Vitis_HLS/2021.2/tps/tcl/tcllib1.11.1/yaml/huddle.tcl 
Execute     source C:/Xilinx/Vitis_HLS/2021.2/tps/tcl/tcllib1.11.1/yaml/json2huddle.tcl 
Execute       source C:/Xilinx/Vitis_HLS/2021.2/tps/tcl/tcllib1.11.1/try/try.tcl 
Execute     source C:/Users/sreer/Post-Silicon-Validation-Research-Project/new_cpu_implementation/vitis/PSV_HLS/RAW_solu/.autopilot/db/global.setting.tcl 
Execute     source C:/Users/sreer/Post-Silicon-Validation-Research-Project/new_cpu_implementation/vitis/PSV_HLS/RAW_solu/.autopilot/db/global.setting.tcl 
Execute     get_solution -flow_target 
Execute     get_config_export -xo 
Execute     get_config_export -format 
Execute     source C:/Users/sreer/Post-Silicon-Validation-Research-Project/new_cpu_implementation/vitis/PSV_HLS/RAW_solu/.autopilot/db/top-io-be.tcl 
Execute     source C:/Users/sreer/Post-Silicon-Validation-Research-Project/new_cpu_implementation/vitis/PSV_HLS/RAW_solu/.autopilot/db/pipeline_top.tbgen.tcl 
Execute     source C:/Users/sreer/Post-Silicon-Validation-Research-Project/new_cpu_implementation/vitis/PSV_HLS/RAW_solu/.autopilot/db/pipeline_top.rtl_wrap.cfg.tcl 
Execute     source C:/Users/sreer/Post-Silicon-Validation-Research-Project/new_cpu_implementation/vitis/PSV_HLS/RAW_solu/.autopilot/db/pipeline_top.compgen.dataonly.tcl 
Execute     get_config_export -format 
Execute     ap_part_info -name xc7k70t-fbv676-1 -data names -quiet 
Execute     ap_part_info -name xc7k70t-fbv676-1 -data info -quiet 
Execute     source C:/Users/sreer/Post-Silicon-Validation-Research-Project/new_cpu_implementation/vitis/PSV_HLS/RAW_solu/.autopilot/db/clock_cycle.tbgen.tcl 
Execute     source C:/Users/sreer/Post-Silicon-Validation-Research-Project/new_cpu_implementation/vitis/PSV_HLS/RAW_solu/.autopilot/db/pipeline_top.tbgen.tcl 
Execute     source C:/Users/sreer/Post-Silicon-Validation-Research-Project/new_cpu_implementation/vitis/PSV_HLS/RAW_solu/.autopilot/db/global.setting.tcl 
Execute     ap_part_info -name xc7k70t-fbv676-1 -data names -quiet 
Execute     ap_part_info -name xc7k70t-fbv676-1 -data info -quiet 
Execute     get_solution -flow_target 
Execute     get_config_rtl -kernel_profile 
Execute     get_config_rtl -kernel_profile 
Execute     get_config_rtl -stall_sig_gen 
Execute     get_config_rtl -profile 
Execute     source C:/Users/sreer/Post-Silicon-Validation-Research-Project/new_cpu_implementation/vitis/PSV_HLS/RAW_solu/.autopilot/db/pipeline_top.constraint.tcl 
Execute     sc_get_clocks pipeline_top 
Execute     source C:/Users/sreer/Post-Silicon-Validation-Research-Project/new_cpu_implementation/vitis/PSV_HLS/RAW_solu/.autopilot/db/global.setting.tcl 
Execute     get_config_export -ip_xdc_file 
Execute     get_config_export -ip_xdc_ooc_file 
Execute     get_config_debug -directory 
Execute     get_config_export -deadlock_detection 
Execute     source C:/Users/sreer/Post-Silicon-Validation-Research-Project/new_cpu_implementation/vitis/PSV_HLS/RAW_solu/.autopilot/db/global.setting.tcl 
Execute     source C:/Users/sreer/Post-Silicon-Validation-Research-Project/new_cpu_implementation/vitis/PSV_HLS/RAW_solu/.autopilot/db/pipeline_top.tbgen.tcl 
Execute     get_config_rtl -module_prefix 
INFO-FLOW: DBG:PUTS:       cosim_export_main adding deadlock detection to pipeline_top
Execute     get_config_export -format 
INFO-FLOW: DBG:PUTS:       generate_ip_script #gSsdmPorts=0 g_lang=vlog is_sdaccel=false is_sdsoc=true xo_file=
Execute     ap_part_info -name xc7k70t-fbv676-1 -data names -quiet 
Execute     ap_part_info -name xc7k70t-fbv676-1 -data info -quiet 
Execute     ap_part_info -name xc7k70t-fbv676-1 -data names -quiet 
Execute     ap_part_info -name xc7k70t-fbv676-1 -data info -quiet 
Execute     source C:/Users/sreer/Post-Silicon-Validation-Research-Project/new_cpu_implementation/vitis/PSV_HLS/RAW_solu/.autopilot/db/pipeline_top.tbgen.tcl 
Execute     source C:/Users/sreer/Post-Silicon-Validation-Research-Project/new_cpu_implementation/vitis/PSV_HLS/RAW_solu/.autopilot/db/pipeline_top.tbgen.tcl 
Execute     source C:/Users/sreer/Post-Silicon-Validation-Research-Project/new_cpu_implementation/vitis/PSV_HLS/RAW_solu/.autopilot/db/pipeline_top.tbgen.tcl 
Execute     source C:/Users/sreer/Post-Silicon-Validation-Research-Project/new_cpu_implementation/vitis/PSV_HLS/RAW_solu/.autopilot/db/pipeline_top.tbgen.tcl 
Execute     source C:/Users/sreer/Post-Silicon-Validation-Research-Project/new_cpu_implementation/vitis/PSV_HLS/RAW_solu/.autopilot/db/pipeline_top.tbgen.tcl 
Execute     source C:/Users/sreer/Post-Silicon-Validation-Research-Project/new_cpu_implementation/vitis/PSV_HLS/RAW_solu/.autopilot/db/pipeline_top.tbgen.tcl 
Execute     source C:/Users/sreer/Post-Silicon-Validation-Research-Project/new_cpu_implementation/vitis/PSV_HLS/RAW_solu/.autopilot/db/global.setting.tcl 
Execute     get_config_debug -directory 
INFO-FLOW: DBG:PUTS:       generate_top_info
INFO-FLOW: DBG:PUTS:       prepArgInfo -> loadAnalyze_DB top_module=pipeline_top
Execute     source C:/Users/sreer/Post-Silicon-Validation-Research-Project/new_cpu_implementation/vitis/PSV_HLS/RAW_solu/.autopilot/db/pipeline_top.rtl_wrap.cfg.tcl 
Execute     source C:/Users/sreer/Post-Silicon-Validation-Research-Project/new_cpu_implementation/vitis/PSV_HLS/RAW_solu/.autopilot/db/pipeline_top.rtl_wrap.cfg.tcl 
Execute     source C:/Users/sreer/Post-Silicon-Validation-Research-Project/new_cpu_implementation/vitis/PSV_HLS/RAW_solu/.autopilot/db/pipeline_top.rtl_wrap.cfg.tcl 
Execute     source C:/Users/sreer/Post-Silicon-Validation-Research-Project/new_cpu_implementation/vitis/PSV_HLS/RAW_solu/.autopilot/db/pipeline_top.tbgen.tcl 
Execute     source C:/Users/sreer/Post-Silicon-Validation-Research-Project/new_cpu_implementation/vitis/PSV_HLS/RAW_solu/.autopilot/db/pipeline_top.tbgen.tcl 
Execute     ap_part_info -name xc7k70t-fbv676-1 -data names -quiet 
Execute     ap_part_info -name xc7k70t-fbv676-1 -data info -quiet 
Execute     ap_part_info -name xc7k70t-fbv676-1 -data names -quiet 
Execute     ap_part_info -name xc7k70t-fbv676-1 -data info -quiet 
Execute     source C:/Users/sreer/Post-Silicon-Validation-Research-Project/new_cpu_implementation/vitis/PSV_HLS/RAW_solu/.autopilot/db/pipeline_top.tbgen.tcl 
Execute     source C:/Users/sreer/Post-Silicon-Validation-Research-Project/new_cpu_implementation/vitis/PSV_HLS/RAW_solu/.autopilot/db/global.setting.tcl 
Execute     get_config_export -ip_xdc_ooc_file 
Execute     get_config_export -ip_xdc_file 
Execute     source C:/Users/sreer/Post-Silicon-Validation-Research-Project/new_cpu_implementation/vitis/PSV_HLS/RAW_solu/.autopilot/db/pipeline_top.constraint.tcl 
INFO-FLOW: DBG:PUTS:       generate_ipi_example_script
Execute     ap_part_info -name xc7k70t-fbv676-1 -data names -quiet 
Execute     ap_part_info -name xc7k70t-fbv676-1 -data info -quiet 
Execute     ap_part_info -name xc7k70t-fbv676-1 -data names -quiet 
Execute     ap_part_info -name xc7k70t-fbv676-1 -data info -quiet 
INFO-FLOW: DBG:PUTS:       generate_syn_sh
Execute     ap_part_info -name xc7k70t-fbv676-1 -data names -quiet 
Execute     ap_part_info -name xc7k70t-fbv676-1 -data info -quiet 
Execute     source C:/Users/sreer/Post-Silicon-Validation-Research-Project/new_cpu_implementation/vitis/PSV_HLS/RAW_solu/.autopilot/db/global.setting.tcl 
INFO-FLOW: DBG:PUTS:       generate_imp_constraints
Execute     ap_part_info -name xc7k70t-fbv676-1 -data names -quiet 
Execute     ap_part_info -name xc7k70t-fbv676-1 -data info -quiet 
Execute     source C:/Users/sreer/Post-Silicon-Validation-Research-Project/new_cpu_implementation/vitis/PSV_HLS/RAW_solu/.autopilot/db/pipeline_top.constraint.tcl 
Execute     source C:/Users/sreer/Post-Silicon-Validation-Research-Project/new_cpu_implementation/vitis/PSV_HLS/RAW_solu/.autopilot/db/pipeline_top.tbgen.tcl 
INFO-FLOW: DBG:PUTS:       copy-tb-files C:/Users/sreer/Post-Silicon-Validation-Research-Project/new_cpu_implementation/vitis/PSV_HLS/RAW_solu/impl/.verilog/sim_tbs
INFO-FLOW: DBG:PUTS:       delete-temp-dirs (skipped for debug)
Execute     ap_part_info -name xc7k70t-fbv676-1 -data names -quiet 
Execute     ap_part_info -name xc7k70t-fbv676-1 -data info -quiet 
INFO-FLOW: DBG:PUTS: read_platform_lib C:/Users/sreer/Post-Silicon-Validation-Research-Project/new_cpu_implementation/vitis/PSV_HLS/RAW_solu/.autopilot/db/global.setting.tcl
Execute     source C:/Xilinx/Vitis_HLS/2021.2/common/technology/generic/autopilot/common.gen 
Execute       source C:/Xilinx/Vitis_HLS/2021.2/common/technology/generic/autopilot/APCoreGen.gen 
Execute     source C:/Xilinx/Vitis_HLS/2021.2/common/technology/generic/autopilot/op.gen 
Execute     source C:/Xilinx/Vitis_HLS/2021.2/common/technology/generic/autopilot/op_simcore.gen 
Execute     source C:/Xilinx/Vitis_HLS/2021.2/common/technology/generic/autopilot/interface.gen 
Execute     source C:/Users/sreer/Post-Silicon-Validation-Research-Project/new_cpu_implementation/vitis/PSV_HLS/RAW_solu/.autopilot/db/global.setting.tcl 
Execute     source C:/Xilinx/Vitis_HLS/2021.2/common/technology/xilinx/common/xilinx.gen 
Execute       source C:/Xilinx/Vitis_HLS/2021.2/common/technology/xilinx/interface/plb46.gen 
Execute       source C:/Xilinx/Vitis_HLS/2021.2/common/technology/xilinx/interface/axi4.gen 
Execute       source C:/Xilinx/Vitis_HLS/2021.2/common/technology/xilinx/interface/nativeAXI4.gen 
Execute         source C:/Xilinx/Vitis_HLS/2021.2/common/technology/xilinx/interface/saxilite.gen 
Execute         source C:/Xilinx/Vitis_HLS/2021.2/common/technology/xilinx/interface/maxi.gen 
Execute       source C:/Xilinx/Vitis_HLS/2021.2/common/technology/xilinx/scripts/xilinxcoregen.gen 
Execute       source C:/Xilinx/Vitis_HLS/2021.2/common/technology/xilinx/interface/XilEDKCoreGen.gen 
Execute       source C:/Xilinx/Vitis_HLS/2021.2/common/technology/xilinx/ip/dds_compiler.gen 
Execute       source C:/Xilinx/Vitis_HLS/2021.2/common/technology/xilinx/ip/util.gen 
Execute       source C:/Xilinx/Vitis_HLS/2021.2/common/technology/xilinx/ip/xfft.gen 
Execute       source C:/Xilinx/Vitis_HLS/2021.2/common/technology/xilinx/ip/xfir.gen 
Execute       source C:/Xilinx/Vitis_HLS/2021.2/common/technology/xilinx/DSP48/dsp48.gen 
INFO-FLOW: DBG:PUTS:     IP package: exec C:/Users/sreer/Post-Silicon-Validation-Research-Project/new_cpu_implementation/vitis/PSV_HLS/RAW_solu/impl/ip/pack.bat
INFO-FLOW: DBG:PUTS:     IP package: failed result=1 C:/Users/sreer/Post-Silicon-Validation-Research-Project/new_cpu_implementation/vitis/PSV_HLS/RAW_solu/impl/ip/pack.bat
ERROR: [IMPL 213-28] Failed to generate IP.
Command   export_design done; error code: 2; 6.623 sec.
INFO: [HLS 200-111] Finished Command export_design CPU user time: 1 seconds. CPU system time: 0 seconds. Elapsed time: 6.623 seconds; current allocated memory: 661.793 MB.
Command ap_source done; error code: 1; 7.26 sec.
Execute cleanup_all 
INFO-FLOW: Workspace C:/Users/sreer/Post-Silicon-Validation-Research-Project/new_cpu_implementation/vitis/PSV_HLS/RAW_solu opened at Fri Aug 14 16:34:11 -0400 2026
Execute     ap_set_clock -name default -period 10 -default=false 
INFO: [SYN 201-201] Setting up clock 'default' with a period of 10ns.
Execute     set_part xc7k70tfbv676-1 
Execute       create_platform xc7k70tfbv676-1 -board  
DBG:HLSDevice: Trying to load device library: C:/Xilinx/Vitis_HLS/2021.2\lib\win64.o\librdi_hlsvwrap.dll
DBG:HLSDevice: first parts/arch.xml in RDI_DATADIR: C:/Xilinx/Vivado/2021.2/data/parts/arch.xml
DBG:HLSDevice: init success
Execute         source C:/Xilinx/Vitis_HLS/2021.2/common/technology/xilinx/DSP48/dsp48.hlp 
Execute         source C:/Xilinx/Vitis_HLS/2021.2/common/technology/xilinx/DSP48/kintex7_dsp48e1.hlp 
INFO: [HLS 200-1611] Setting target device to 'xc7k70t-fbv676-1'
Command       create_platform done; 0.36 sec.
Execute       source C:/Xilinx/Vitis_HLS/2021.2/common/technology/xilinx/common/xilinx.gen 
Execute         source C:/Xilinx/Vitis_HLS/2021.2/common/technology/xilinx/interface/plb46.gen 
Execute         source C:/Xilinx/Vitis_HLS/2021.2/common/technology/xilinx/interface/axi4.gen 
Execute         source C:/Xilinx/Vitis_HLS/2021.2/common/technology/xilinx/interface/nativeAXI4.gen 
Execute           source C:/Xilinx/Vitis_HLS/2021.2/common/technology/xilinx/interface/saxilite.gen 
Execute           source C:/Xilinx/Vitis_HLS/2021.2/common/technology/xilinx/interface/maxi.gen 
Execute         source C:/Xilinx/Vitis_HLS/2021.2/common/technology/xilinx/scripts/xilinxcoregen.gen 
Execute         source C:/Xilinx/Vitis_HLS/2021.2/common/technology/xilinx/interface/XilEDKCoreGen.gen 
Execute         source C:/Xilinx/Vitis_HLS/2021.2/common/technology/xilinx/ip/dds_compiler.gen 
Execute         source C:/Xilinx/Vitis_HLS/2021.2/common/technology/xilinx/ip/util.gen 
Execute         source C:/Xilinx/Vitis_HLS/2021.2/common/technology/xilinx/ip/xfft.gen 
Execute         source C:/Xilinx/Vitis_HLS/2021.2/common/technology/xilinx/ip/xfir.gen 
Execute         source C:/Xilinx/Vitis_HLS/2021.2/common/technology/xilinx/DSP48/dsp48.gen 
Execute       ap_part_info -name xc7k70t-fbv676-1 -data info 
Execute       config_compile -quiet -complex-mul-dsp=0 
Command     set_part done; 0.445 sec.
Execute     send_msg_by_id INFO @200-1505@%s%s  vivado 
INFO: [HLS 200-1505] Using flow_target 'vivado'
Execute     get_config_interface -m_axi_latency 
Execute     get_config_interface -m_axi_alignment_byte_size 
Execute     get_config_interface -m_axi_max_widen_bitwidth 
Execute     get_config_interface -default_interface 
Execute     get_config_rtl -register_reset_num 
Execute     send_msg_by_id INFO @200-1464@%s config_export -format=ip_catalog 
INFO: [HLS 200-1464] Running solution command: config_export -format=ip_catalog
Execute     config_export -format=ip_catalog 
Execute     send_msg_by_id INFO @200-1464@%s config_export -rtl=verilog 
INFO: [HLS 200-1464] Running solution command: config_export -rtl=verilog
Execute     config_export -rtl=verilog 
Command   open_solution done; 0.462 sec.
Execute   set_part xc7k70tfbv676-1 
INFO: [HLS 200-1510] Running: set_part xc7k70tfbv676-1 
Execute     create_platform xc7k70tfbv676-1 -board  
Execute       source C:/Xilinx/Vitis_HLS/2021.2/common/technology/xilinx/DSP48/dsp48.hlp 
Execute       source C:/Xilinx/Vitis_HLS/2021.2/common/technology/xilinx/DSP48/kintex7_dsp48e1.hlp 
Execute     source C:/Xilinx/Vitis_HLS/2021.2/common/technology/xilinx/common/xilinx.gen 
Execute       source C:/Xilinx/Vitis_HLS/2021.2/common/technology/xilinx/interface/plb46.gen 
Execute       source C:/Xilinx/Vitis_HLS/2021.2/common/technology/xilinx/interface/axi4.gen 
Execute       source C:/Xilinx/Vitis_HLS/2021.2/common/technology/xilinx/interface/nativeAXI4.gen 
Execute         source C:/Xilinx/Vitis_HLS/2021.2/common/technology/xilinx/interface/saxilite.gen 
Execute         source C:/Xilinx/Vitis_HLS/2021.2/common/technology/xilinx/interface/maxi.gen 
Execute       source C:/Xilinx/Vitis_HLS/2021.2/common/technology/xilinx/scripts/xilinxcoregen.gen 
Execute       source C:/Xilinx/Vitis_HLS/2021.2/common/technology/xilinx/interface/XilEDKCoreGen.gen 
Execute       source C:/Xilinx/Vitis_HLS/2021.2/common/technology/xilinx/ip/dds_compiler.gen 
Execute       source C:/Xilinx/Vitis_HLS/2021.2/common/technology/xilinx/ip/util.gen 
Execute       source C:/Xilinx/Vitis_HLS/2021.2/common/technology/xilinx/ip/xfft.gen 
Execute       source C:/Xilinx/Vitis_HLS/2021.2/common/technology/xilinx/ip/xfir.gen 
Execute       source C:/Xilinx/Vitis_HLS/2021.2/common/technology/xilinx/DSP48/dsp48.gen 
Execute     ap_part_info -name xc7k70t-fbv676-1 -data info 
Execute     config_compile -quiet -complex-mul-dsp=0 
Execute   create_clock -period 10 -name default 
INFO: [HLS 200-1510] Running: create_clock -period 10 -name default 
Execute     ap_set_clock -name default -period 10 -default=false 
INFO: [SYN 201-201] Setting up clock 'default' with a period of 10ns.
Execute   config_export -format ip_catalog -rtl verilog 
INFO: [HLS 200-1510] Running: config_export -format ip_catalog -rtl verilog 
Execute   export_design -rtl verilog -format ip_catalog 
INFO: [HLS 200-1510] Running: export_design -rtl verilog -format ip_catalog 
Execute     get_config_export -clock_margin 
Execute     get_config_export -custom_script 
Execute     get_config_export -description 
Execute     get_config_export -display_name 
Execute     get_config_export -driver_input_dir 
Execute     get_config_export -ipname 
Execute     get_config_export -library 
Execute     get_config_export -output 
Execute     get_config_export -qor_test 
Execute     get_config_export -sim 
Execute     get_config_export -taxonomy 
Execute     get_config_export -use_ip 
Execute     get_config_export -use_netlist 
Execute     get_config_export -vendor 
Execute     get_config_export -version 
Execute     get_config_export -xo 
Execute     config_export -format=ip_catalog -rtl=verilog 
INFO-FLOW: DBG:PUTS: export_design_wrap: -format ip_catalog -rtl verilog
Execute     source C:/Users/sreer/Post-Silicon-Validation-Research-Project/new_cpu_implementation/vitis/PSV_HLS/RAW_solu/.autopilot/db/global.setting.tcl 
Execute     get_config_export -vivado_clock 
Execute     get_top 
Execute     get_config_export -ipname 
Execute     get_config_export -xo 
Execute     get_config_export -format 
Execute     get_config_rtl -module_auto_prefix 
Execute     get_solution -flow_target 
Execute     get_config_export -xo 
Execute     get_config_export -format 
INFO-FLOW: DBG:PUTS:   auto_impl: pack: -export -rtl verilog
INFO-FLOW: DBG:PROC: ::AESL_AUTOIMPL::auto_impl args='-export -rtl verilog'
Execute     source C:/Users/sreer/Post-Silicon-Validation-Research-Project/new_cpu_implementation/vitis/PSV_HLS/RAW_solu/.autopilot/db/global.setting.tcl 
INFO: [IMPL 213-8] Exporting RTL as a Vivado IP.
Execute     source C:/Users/sreer/Post-Silicon-Validation-Research-Project/new_cpu_implementation/vitis/PSV_HLS/RAW_solu/.autopilot/db/global.setting.tcl 
INFO-FLOW: DBG:PUTS: automg_wrap -export -pcore_version 1.00.a -rtl vlog -tool Vivado -impltomg_flag
INFO-FLOW: DBG:PROC: ::AESL_AUTOMG::auto_generate args='-export -pcore_version 1.00.a -rtl vlog -tool Vivado -impltomg_flag'
INFO-FLOW: DBG:PUTS:     auto_generate -export -pcore_version 1.00.a -rtl vlog -tool Vivado -impltomg_flag
Execute     get_config_export -xo 
Execute     get_config_export -format 
Execute     get_config_export -ip_xdc_file 
Execute     get_config_export -ip_xdc_ooc_file 
Execute     source C:/Users/sreer/Post-Silicon-Validation-Research-Project/new_cpu_implementation/vitis/PSV_HLS/RAW_solu/.autopilot/db/global.setting.tcl 
INFO-FLOW: DBG:PUTS: read_platform_lib C:/Users/sreer/Post-Silicon-Validation-Research-Project/new_cpu_implementation/vitis/PSV_HLS/RAW_solu/.autopilot/db/global.setting.tcl
Execute     source C:/Xilinx/Vitis_HLS/2021.2/common/technology/generic/autopilot/common.gen 
Execute       source C:/Xilinx/Vitis_HLS/2021.2/common/technology/generic/autopilot/APCoreGen.gen 
Execute     source C:/Xilinx/Vitis_HLS/2021.2/common/technology/generic/autopilot/op.gen 
Execute     source C:/Xilinx/Vitis_HLS/2021.2/common/technology/generic/autopilot/op_simcore.gen 
Execute     source C:/Xilinx/Vitis_HLS/2021.2/common/technology/generic/autopilot/interface.gen 
Execute     source C:/Users/sreer/Post-Silicon-Validation-Research-Project/new_cpu_implementation/vitis/PSV_HLS/RAW_solu/.autopilot/db/global.setting.tcl 
Execute     source C:/Xilinx/Vitis_HLS/2021.2/common/technology/xilinx/common/xilinx.gen 
Execute       source C:/Xilinx/Vitis_HLS/2021.2/common/technology/xilinx/interface/plb46.gen 
Execute       source C:/Xilinx/Vitis_HLS/2021.2/common/technology/xilinx/interface/axi4.gen 
Execute       source C:/Xilinx/Vitis_HLS/2021.2/common/technology/xilinx/interface/nativeAXI4.gen 
Execute         source C:/Xilinx/Vitis_HLS/2021.2/common/technology/xilinx/interface/saxilite.gen 
Execute         source C:/Xilinx/Vitis_HLS/2021.2/common/technology/xilinx/interface/maxi.gen 
Execute       source C:/Xilinx/Vitis_HLS/2021.2/common/technology/xilinx/scripts/xilinxcoregen.gen 
Execute       source C:/Xilinx/Vitis_HLS/2021.2/common/technology/xilinx/interface/XilEDKCoreGen.gen 
Execute       source C:/Xilinx/Vitis_HLS/2021.2/common/technology/xilinx/ip/dds_compiler.gen 
Execute       source C:/Xilinx/Vitis_HLS/2021.2/common/technology/xilinx/ip/util.gen 
Execute       source C:/Xilinx/Vitis_HLS/2021.2/common/technology/xilinx/ip/xfft.gen 
Execute       source C:/Xilinx/Vitis_HLS/2021.2/common/technology/xilinx/ip/xfir.gen 
Execute       source C:/Xilinx/Vitis_HLS/2021.2/common/technology/xilinx/DSP48/dsp48.gen 
INFO-FLOW: DBG:PUTS:   using AESL_AUTOCG::g_clock_period=10.000 (was NA)
INFO-FLOW: DBG:PUTS:       initCTypeInfo top_module=pipeline_top xml_exists=1
Execute     source C:/Users/sreer/Post-Silicon-Validation-Research-Project/new_cpu_implementation/vitis/PSV_HLS/RAW_solu/.autopilot/db/pipeline_top.rtl_wrap.cfg.tcl 
Execute     source C:/Users/sreer/Post-Silicon-Validation-Research-Project/new_cpu_implementation/vitis/PSV_HLS/RAW_solu/.autopilot/db/pipeline_top.rtl_wrap.cfg.tcl 
Execute     source C:/Users/sreer/Post-Silicon-Validation-Research-Project/new_cpu_implementation/vitis/PSV_HLS/RAW_solu/.autopilot/db/pipeline_top.rtl_wrap.cfg.tcl 
Execute     source C:/Users/sreer/Post-Silicon-Validation-Research-Project/new_cpu_implementation/vitis/PSV_HLS/RAW_solu/.autopilot/db/pipeline_top.tbgen.tcl 
Execute     source C:/Users/sreer/Post-Silicon-Validation-Research-Project/new_cpu_implementation/vitis/PSV_HLS/RAW_solu/.autopilot/db/pipeline_top.tbgen.tcl 
Execute     get_config_export -deadlock_detection 
Execute     source C:/Users/sreer/Post-Silicon-Validation-Research-Project/new_cpu_implementation/vitis/PSV_HLS/RAW_solu/.autopilot/db/global.setting.tcl 
Execute     source C:/Users/sreer/Post-Silicon-Validation-Research-Project/new_cpu_implementation/vitis/PSV_HLS/RAW_solu/.autopilot/db/pipeline_top.tbgen.tcl 
Execute     get_config_rtl -module_prefix 
INFO-FLOW: DBG:PUTS:       cosim_export_main adding deadlock detection to pipeline_top
INFO-FLOW: DBG:PUTS: Skipping loadAnalyze_DB, #g_database=6
INFO-FLOW: DBG:PUTS:       generate_json generate_bd_files=0 generate_xo_files=false #modelList=3 #gSsdmPorts=0
INFO-FLOW: DBG:PROC: ::AP::DESIGN_DATA::generate_json generate_bd_files='0' generate_xo_files='false' modelList='pipeline_top_clock_cycle_RegisterFile_V_RAM_AUTO_1R1W
clock_cycle
pipeline_top
' rtl_lang='vlog' bootstrap_tcl='false' outdir='' outfilename=''
Execute     source C:/Xilinx/Vitis_HLS/2021.2/tps/tcl/tcllib1.11.1/yaml/huddle.tcl 
Execute     source C:/Xilinx/Vitis_HLS/2021.2/tps/tcl/tcllib1.11.1/yaml/json2huddle.tcl 
Execute       source C:/Xilinx/Vitis_HLS/2021.2/tps/tcl/tcllib1.11.1/try/try.tcl 
Execute     source C:/Users/sreer/Post-Silicon-Validation-Research-Project/new_cpu_implementation/vitis/PSV_HLS/RAW_solu/.autopilot/db/global.setting.tcl 
Execute     source C:/Users/sreer/Post-Silicon-Validation-Research-Project/new_cpu_implementation/vitis/PSV_HLS/RAW_solu/.autopilot/db/global.setting.tcl 
Execute     get_solution -flow_target 
Execute     get_config_export -xo 
Execute     get_config_export -format 
Execute     source C:/Users/sreer/Post-Silicon-Validation-Research-Project/new_cpu_implementation/vitis/PSV_HLS/RAW_solu/.autopilot/db/top-io-be.tcl 
Execute     source C:/Users/sreer/Post-Silicon-Validation-Research-Project/new_cpu_implementation/vitis/PSV_HLS/RAW_solu/.autopilot/db/pipeline_top.tbgen.tcl 
Execute     source C:/Users/sreer/Post-Silicon-Validation-Research-Project/new_cpu_implementation/vitis/PSV_HLS/RAW_solu/.autopilot/db/pipeline_top.rtl_wrap.cfg.tcl 
Execute     source C:/Users/sreer/Post-Silicon-Validation-Research-Project/new_cpu_implementation/vitis/PSV_HLS/RAW_solu/.autopilot/db/pipeline_top.compgen.dataonly.tcl 
Execute     get_config_export -format 
Execute     ap_part_info -name xc7k70t-fbv676-1 -data names -quiet 
Execute     ap_part_info -name xc7k70t-fbv676-1 -data info -quiet 
Execute     source C:/Users/sreer/Post-Silicon-Validation-Research-Project/new_cpu_implementation/vitis/PSV_HLS/RAW_solu/.autopilot/db/clock_cycle.tbgen.tcl 
Execute     source C:/Users/sreer/Post-Silicon-Validation-Research-Project/new_cpu_implementation/vitis/PSV_HLS/RAW_solu/.autopilot/db/pipeline_top.tbgen.tcl 
Execute     source C:/Users/sreer/Post-Silicon-Validation-Research-Project/new_cpu_implementation/vitis/PSV_HLS/RAW_solu/.autopilot/db/global.setting.tcl 
Execute     ap_part_info -name xc7k70t-fbv676-1 -data names -quiet 
Execute     ap_part_info -name xc7k70t-fbv676-1 -data info -quiet 
Execute     get_solution -flow_target 
Execute     get_config_rtl -kernel_profile 
Execute     get_config_rtl -kernel_profile 
Execute     get_config_rtl -stall_sig_gen 
Execute     get_config_rtl -profile 
Execute     source C:/Users/sreer/Post-Silicon-Validation-Research-Project/new_cpu_implementation/vitis/PSV_HLS/RAW_solu/.autopilot/db/pipeline_top.constraint.tcl 
Execute     sc_get_clocks pipeline_top 
Execute     source C:/Users/sreer/Post-Silicon-Validation-Research-Project/new_cpu_implementation/vitis/PSV_HLS/RAW_solu/.autopilot/db/global.setting.tcl 
Execute     get_config_export -ip_xdc_file 
Execute     get_config_export -ip_xdc_ooc_file 
Execute     get_config_debug -directory 
Execute     get_config_export -deadlock_detection 
Execute     source C:/Users/sreer/Post-Silicon-Validation-Research-Project/new_cpu_implementation/vitis/PSV_HLS/RAW_solu/.autopilot/db/global.setting.tcl 
Execute     source C:/Users/sreer/Post-Silicon-Validation-Research-Project/new_cpu_implementation/vitis/PSV_HLS/RAW_solu/.autopilot/db/pipeline_top.tbgen.tcl 
Execute     get_config_rtl -module_prefix 
INFO-FLOW: DBG:PUTS:       cosim_export_main adding deadlock detection to pipeline_top
Execute     get_config_export -format 
INFO-FLOW: DBG:PUTS:       generate_ip_script #gSsdmPorts=0 g_lang=vlog is_sdaccel=false is_sdsoc=true xo_file=
Execute     ap_part_info -name xc7k70t-fbv676-1 -data names -quiet 
Execute     ap_part_info -name xc7k70t-fbv676-1 -data info -quiet 
Execute     ap_part_info -name xc7k70t-fbv676-1 -data names -quiet 
Execute     ap_part_info -name xc7k70t-fbv676-1 -data info -quiet 
Execute     source C:/Users/sreer/Post-Silicon-Validation-Research-Project/new_cpu_implementation/vitis/PSV_HLS/RAW_solu/.autopilot/db/pipeline_top.tbgen.tcl 
Execute     source C:/Users/sreer/Post-Silicon-Validation-Research-Project/new_cpu_implementation/vitis/PSV_HLS/RAW_solu/.autopilot/db/pipeline_top.tbgen.tcl 
Execute     source C:/Users/sreer/Post-Silicon-Validation-Research-Project/new_cpu_implementation/vitis/PSV_HLS/RAW_solu/.autopilot/db/pipeline_top.tbgen.tcl 
Execute     source C:/Users/sreer/Post-Silicon-Validation-Research-Project/new_cpu_implementation/vitis/PSV_HLS/RAW_solu/.autopilot/db/pipeline_top.tbgen.tcl 
Execute     source C:/Users/sreer/Post-Silicon-Validation-Research-Project/new_cpu_implementation/vitis/PSV_HLS/RAW_solu/.autopilot/db/pipeline_top.tbgen.tcl 
Execute     source C:/Users/sreer/Post-Silicon-Validation-Research-Project/new_cpu_implementation/vitis/PSV_HLS/RAW_solu/.autopilot/db/pipeline_top.tbgen.tcl 
Execute     source C:/Users/sreer/Post-Silicon-Validation-Research-Project/new_cpu_implementation/vitis/PSV_HLS/RAW_solu/.autopilot/db/global.setting.tcl 
Execute     get_config_debug -directory 
INFO-FLOW: DBG:PUTS:       generate_top_info
INFO-FLOW: DBG:PUTS:       prepArgInfo -> loadAnalyze_DB top_module=pipeline_top
Execute     source C:/Users/sreer/Post-Silicon-Validation-Research-Project/new_cpu_implementation/vitis/PSV_HLS/RAW_solu/.autopilot/db/pipeline_top.rtl_wrap.cfg.tcl 
Execute     source C:/Users/sreer/Post-Silicon-Validation-Research-Project/new_cpu_implementation/vitis/PSV_HLS/RAW_solu/.autopilot/db/pipeline_top.rtl_wrap.cfg.tcl 
Execute     source C:/Users/sreer/Post-Silicon-Validation-Research-Project/new_cpu_implementation/vitis/PSV_HLS/RAW_solu/.autopilot/db/pipeline_top.rtl_wrap.cfg.tcl 
Execute     source C:/Users/sreer/Post-Silicon-Validation-Research-Project/new_cpu_implementation/vitis/PSV_HLS/RAW_solu/.autopilot/db/pipeline_top.tbgen.tcl 
Execute     source C:/Users/sreer/Post-Silicon-Validation-Research-Project/new_cpu_implementation/vitis/PSV_HLS/RAW_solu/.autopilot/db/pipeline_top.tbgen.tcl 
Execute     ap_part_info -name xc7k70t-fbv676-1 -data names -quiet 
Execute     ap_part_info -name xc7k70t-fbv676-1 -data info -quiet 
Execute     ap_part_info -name xc7k70t-fbv676-1 -data names -quiet 
Execute     ap_part_info -name xc7k70t-fbv676-1 -data info -quiet 
Execute     source C:/Users/sreer/Post-Silicon-Validation-Research-Project/new_cpu_implementation/vitis/PSV_HLS/RAW_solu/.autopilot/db/pipeline_top.tbgen.tcl 
Execute     source C:/Users/sreer/Post-Silicon-Validation-Research-Project/new_cpu_implementation/vitis/PSV_HLS/RAW_solu/.autopilot/db/global.setting.tcl 
Execute     get_config_export -ip_xdc_ooc_file 
Execute     get_config_export -ip_xdc_file 
Execute     source C:/Users/sreer/Post-Silicon-Validation-Research-Project/new_cpu_implementation/vitis/PSV_HLS/RAW_solu/.autopilot/db/pipeline_top.constraint.tcl 
INFO-FLOW: DBG:PUTS:       generate_ipi_example_script
Execute     ap_part_info -name xc7k70t-fbv676-1 -data names -quiet 
Execute     ap_part_info -name xc7k70t-fbv676-1 -data info -quiet 
Execute     ap_part_info -name xc7k70t-fbv676-1 -data names -quiet 
Execute     ap_part_info -name xc7k70t-fbv676-1 -data info -quiet 
INFO-FLOW: DBG:PUTS:       generate_syn_sh
Execute     ap_part_info -name xc7k70t-fbv676-1 -data names -quiet 
Execute     ap_part_info -name xc7k70t-fbv676-1 -data info -quiet 
Execute     source C:/Users/sreer/Post-Silicon-Validation-Research-Project/new_cpu_implementation/vitis/PSV_HLS/RAW_solu/.autopilot/db/global.setting.tcl 
INFO-FLOW: DBG:PUTS:       generate_imp_constraints
Execute     ap_part_info -name xc7k70t-fbv676-1 -data names -quiet 
Execute     ap_part_info -name xc7k70t-fbv676-1 -data info -quiet 
Execute     source C:/Users/sreer/Post-Silicon-Validation-Research-Project/new_cpu_implementation/vitis/PSV_HLS/RAW_solu/.autopilot/db/pipeline_top.constraint.tcl 
Execute     source C:/Users/sreer/Post-Silicon-Validation-Research-Project/new_cpu_implementation/vitis/PSV_HLS/RAW_solu/.autopilot/db/pipeline_top.tbgen.tcl 
INFO-FLOW: DBG:PUTS:       copy-tb-files C:/Users/sreer/Post-Silicon-Validation-Research-Project/new_cpu_implementation/vitis/PSV_HLS/RAW_solu/impl/.verilog/sim_tbs
INFO-FLOW: DBG:PUTS:       delete-temp-dirs (skipped for debug)
Execute     ap_part_info -name xc7k70t-fbv676-1 -data names -quiet 
Execute     ap_part_info -name xc7k70t-fbv676-1 -data info -quiet 
INFO-FLOW: DBG:PUTS: read_platform_lib C:/Users/sreer/Post-Silicon-Validation-Research-Project/new_cpu_implementation/vitis/PSV_HLS/RAW_solu/.autopilot/db/global.setting.tcl
Execute     source C:/Xilinx/Vitis_HLS/2021.2/common/technology/generic/autopilot/common.gen 
Execute       source C:/Xilinx/Vitis_HLS/2021.2/common/technology/generic/autopilot/APCoreGen.gen 
Execute     source C:/Xilinx/Vitis_HLS/2021.2/common/technology/generic/autopilot/op.gen 
Execute     source C:/Xilinx/Vitis_HLS/2021.2/common/technology/generic/autopilot/op_simcore.gen 
Execute     source C:/Xilinx/Vitis_HLS/2021.2/common/technology/generic/autopilot/interface.gen 
Execute     source C:/Users/sreer/Post-Silicon-Validation-Research-Project/new_cpu_implementation/vitis/PSV_HLS/RAW_solu/.autopilot/db/global.setting.tcl 
Execute     source C:/Xilinx/Vitis_HLS/2021.2/common/technology/xilinx/common/xilinx.gen 
Execute       source C:/Xilinx/Vitis_HLS/2021.2/common/technology/xilinx/interface/plb46.gen 
Execute       source C:/Xilinx/Vitis_HLS/2021.2/common/technology/xilinx/interface/axi4.gen 
Execute       source C:/Xilinx/Vitis_HLS/2021.2/common/technology/xilinx/interface/nativeAXI4.gen 
Execute         source C:/Xilinx/Vitis_HLS/2021.2/common/technology/xilinx/interface/saxilite.gen 
Execute         source C:/Xilinx/Vitis_HLS/2021.2/common/technology/xilinx/interface/maxi.gen 
Execute       source C:/Xilinx/Vitis_HLS/2021.2/common/technology/xilinx/scripts/xilinxcoregen.gen 
Execute       source C:/Xilinx/Vitis_HLS/2021.2/common/technology/xilinx/interface/XilEDKCoreGen.gen 
Execute       source C:/Xilinx/Vitis_HLS/2021.2/common/technology/xilinx/ip/dds_compiler.gen 
Execute       source C:/Xilinx/Vitis_HLS/2021.2/common/technology/xilinx/ip/util.gen 
Execute       source C:/Xilinx/Vitis_HLS/2021.2/common/technology/xilinx/ip/xfft.gen 
Execute       source C:/Xilinx/Vitis_HLS/2021.2/common/technology/xilinx/ip/xfir.gen 
Execute       source C:/Xilinx/Vitis_HLS/2021.2/common/technology/xilinx/DSP48/dsp48.gen 
INFO-FLOW: DBG:PUTS:     IP package: exec C:/Users/sreer/Post-Silicon-Validation-Research-Project/new_cpu_implementation/vitis/PSV_HLS/RAW_solu/impl/ip/pack.bat
INFO-FLOW: DBG:PUTS:     IP package: failed result=1 C:/Users/sreer/Post-Silicon-Validation-Research-Project/new_cpu_implementation/vitis/PSV_HLS/RAW_solu/impl/ip/pack.bat
ERROR: [IMPL 213-28] Failed to generate IP.
Command   export_design done; error code: 2; 5.787 sec.
INFO: [HLS 200-111] Finished Command export_design CPU user time: 1 seconds. CPU system time: 0 seconds. Elapsed time: 5.787 seconds; current allocated memory: 337.469 MB.
Command ap_source done; error code: 1; 6.354 sec.
Execute cleanup_all 
INFO-FLOW: Workspace C:/Users/sreer/Post-Silicon-Validation-Research-Project/new_cpu_implementation/vitis/PSV_HLS/RAW_solu opened at Fri Aug 14 16:51:02 -0400 2026
Execute     ap_set_clock -name default -period 10 -default=false 
INFO: [SYN 201-201] Setting up clock 'default' with a period of 10ns.
Execute     set_part xc7k70tfbv676-1 
Execute       create_platform xc7k70tfbv676-1 -board  
DBG:HLSDevice: Trying to load device library: C:/Xilinx/Vitis_HLS/2021.2\lib\win64.o\librdi_hlsvwrap.dll
DBG:HLSDevice: first parts/arch.xml in RDI_DATADIR: C:/Xilinx/Vivado/2021.2/data/parts/arch.xml
DBG:HLSDevice: init success
Execute         source C:/Xilinx/Vitis_HLS/2021.2/common/technology/xilinx/DSP48/dsp48.hlp 
Execute         source C:/Xilinx/Vitis_HLS/2021.2/common/technology/xilinx/DSP48/kintex7_dsp48e1.hlp 
INFO: [HLS 200-1611] Setting target device to 'xc7k70t-fbv676-1'
Command       create_platform done; 0.406 sec.
Execute       source C:/Xilinx/Vitis_HLS/2021.2/common/technology/xilinx/common/xilinx.gen 
Execute         source C:/Xilinx/Vitis_HLS/2021.2/common/technology/xilinx/interface/plb46.gen 
Execute         source C:/Xilinx/Vitis_HLS/2021.2/common/technology/xilinx/interface/axi4.gen 
Execute         source C:/Xilinx/Vitis_HLS/2021.2/common/technology/xilinx/interface/nativeAXI4.gen 
Execute           source C:/Xilinx/Vitis_HLS/2021.2/common/technology/xilinx/interface/saxilite.gen 
Execute           source C:/Xilinx/Vitis_HLS/2021.2/common/technology/xilinx/interface/maxi.gen 
Execute         source C:/Xilinx/Vitis_HLS/2021.2/common/technology/xilinx/scripts/xilinxcoregen.gen 
Execute         source C:/Xilinx/Vitis_HLS/2021.2/common/technology/xilinx/interface/XilEDKCoreGen.gen 
Execute         source C:/Xilinx/Vitis_HLS/2021.2/common/technology/xilinx/ip/dds_compiler.gen 
Execute         source C:/Xilinx/Vitis_HLS/2021.2/common/technology/xilinx/ip/util.gen 
Execute         source C:/Xilinx/Vitis_HLS/2021.2/common/technology/xilinx/ip/xfft.gen 
Execute         source C:/Xilinx/Vitis_HLS/2021.2/common/technology/xilinx/ip/xfir.gen 
Execute         source C:/Xilinx/Vitis_HLS/2021.2/common/technology/xilinx/DSP48/dsp48.gen 
Execute       ap_part_info -name xc7k70t-fbv676-1 -data info 
Execute       config_compile -quiet -complex-mul-dsp=0 
Command     set_part done; 0.502 sec.
Execute     send_msg_by_id INFO @200-1505@%s%s  vivado 
INFO: [HLS 200-1505] Using flow_target 'vivado'
Execute     get_config_interface -m_axi_latency 
Execute     get_config_interface -m_axi_alignment_byte_size 
Execute     get_config_interface -m_axi_max_widen_bitwidth 
Execute     get_config_interface -default_interface 
Execute     get_config_rtl -register_reset_num 
Execute     send_msg_by_id INFO @200-1464@%s config_export -format=ip_catalog 
INFO: [HLS 200-1464] Running solution command: config_export -format=ip_catalog
Execute     config_export -format=ip_catalog 
Execute     send_msg_by_id INFO @200-1464@%s config_export -rtl=verilog 
INFO: [HLS 200-1464] Running solution command: config_export -rtl=verilog
Execute     config_export -rtl=verilog 
Command   open_solution done; 0.524 sec.
Execute   set_part xc7k70tfbv676-1 
INFO: [HLS 200-1510] Running: set_part xc7k70tfbv676-1 
Execute     create_platform xc7k70tfbv676-1 -board  
Execute       source C:/Xilinx/Vitis_HLS/2021.2/common/technology/xilinx/DSP48/dsp48.hlp 
Execute       source C:/Xilinx/Vitis_HLS/2021.2/common/technology/xilinx/DSP48/kintex7_dsp48e1.hlp 
Execute     source C:/Xilinx/Vitis_HLS/2021.2/common/technology/xilinx/common/xilinx.gen 
Execute       source C:/Xilinx/Vitis_HLS/2021.2/common/technology/xilinx/interface/plb46.gen 
Execute       source C:/Xilinx/Vitis_HLS/2021.2/common/technology/xilinx/interface/axi4.gen 
Execute       source C:/Xilinx/Vitis_HLS/2021.2/common/technology/xilinx/interface/nativeAXI4.gen 
Execute         source C:/Xilinx/Vitis_HLS/2021.2/common/technology/xilinx/interface/saxilite.gen 
Execute         source C:/Xilinx/Vitis_HLS/2021.2/common/technology/xilinx/interface/maxi.gen 
Execute       source C:/Xilinx/Vitis_HLS/2021.2/common/technology/xilinx/scripts/xilinxcoregen.gen 
Execute       source C:/Xilinx/Vitis_HLS/2021.2/common/technology/xilinx/interface/XilEDKCoreGen.gen 
Execute       source C:/Xilinx/Vitis_HLS/2021.2/common/technology/xilinx/ip/dds_compiler.gen 
Execute       source C:/Xilinx/Vitis_HLS/2021.2/common/technology/xilinx/ip/util.gen 
Execute       source C:/Xilinx/Vitis_HLS/2021.2/common/technology/xilinx/ip/xfft.gen 
Execute       source C:/Xilinx/Vitis_HLS/2021.2/common/technology/xilinx/ip/xfir.gen 
Execute       source C:/Xilinx/Vitis_HLS/2021.2/common/technology/xilinx/DSP48/dsp48.gen 
Execute     ap_part_info -name xc7k70t-fbv676-1 -data info 
Execute     config_compile -quiet -complex-mul-dsp=0 
Execute   create_clock -period 10 -name default 
INFO: [HLS 200-1510] Running: create_clock -period 10 -name default 
Execute     ap_set_clock -name default -period 10 -default=false 
INFO: [SYN 201-201] Setting up clock 'default' with a period of 10ns.
Execute   config_export -format ip_catalog -rtl verilog 
INFO: [HLS 200-1510] Running: config_export -format ip_catalog -rtl verilog 
Execute   export_design -rtl verilog -format ip_catalog 
INFO: [HLS 200-1510] Running: export_design -rtl verilog -format ip_catalog 
Execute     get_config_export -clock_margin 
Execute     get_config_export -custom_script 
Execute     get_config_export -description 
Execute     get_config_export -display_name 
Execute     get_config_export -driver_input_dir 
Execute     get_config_export -ipname 
Execute     get_config_export -library 
Execute     get_config_export -output 
Execute     get_config_export -qor_test 
Execute     get_config_export -sim 
Execute     get_config_export -taxonomy 
Execute     get_config_export -use_ip 
Execute     get_config_export -use_netlist 
Execute     get_config_export -vendor 
Execute     get_config_export -version 
Execute     get_config_export -xo 
Execute     config_export -format=ip_catalog -rtl=verilog 
INFO-FLOW: DBG:PUTS: export_design_wrap: -format ip_catalog -rtl verilog
Execute     source C:/Users/sreer/Post-Silicon-Validation-Research-Project/new_cpu_implementation/vitis/PSV_HLS/RAW_solu/.autopilot/db/global.setting.tcl 
Execute     get_config_export -vivado_clock 
Execute     get_top 
Execute     get_config_export -ipname 
Execute     get_config_export -xo 
Execute     get_config_export -format 
Execute     get_config_rtl -module_auto_prefix 
Execute     get_solution -flow_target 
Execute     get_config_export -xo 
Execute     get_config_export -format 
INFO-FLOW: DBG:PUTS:   auto_impl: pack: -export -rtl verilog
INFO-FLOW: DBG:PROC: ::AESL_AUTOIMPL::auto_impl args='-export -rtl verilog'
Execute     source C:/Users/sreer/Post-Silicon-Validation-Research-Project/new_cpu_implementation/vitis/PSV_HLS/RAW_solu/.autopilot/db/global.setting.tcl 
INFO: [IMPL 213-8] Exporting RTL as a Vivado IP.
Execute     source C:/Users/sreer/Post-Silicon-Validation-Research-Project/new_cpu_implementation/vitis/PSV_HLS/RAW_solu/.autopilot/db/global.setting.tcl 
INFO-FLOW: DBG:PUTS: automg_wrap -export -pcore_version 1.00.a -rtl vlog -tool Vivado -impltomg_flag
INFO-FLOW: DBG:PROC: ::AESL_AUTOMG::auto_generate args='-export -pcore_version 1.00.a -rtl vlog -tool Vivado -impltomg_flag'
INFO-FLOW: DBG:PUTS:     auto_generate -export -pcore_version 1.00.a -rtl vlog -tool Vivado -impltomg_flag
Execute     get_config_export -xo 
Execute     get_config_export -format 
Execute     get_config_export -ip_xdc_file 
Execute     get_config_export -ip_xdc_ooc_file 
Execute     source C:/Users/sreer/Post-Silicon-Validation-Research-Project/new_cpu_implementation/vitis/PSV_HLS/RAW_solu/.autopilot/db/global.setting.tcl 
INFO-FLOW: DBG:PUTS: read_platform_lib C:/Users/sreer/Post-Silicon-Validation-Research-Project/new_cpu_implementation/vitis/PSV_HLS/RAW_solu/.autopilot/db/global.setting.tcl
Execute     source C:/Xilinx/Vitis_HLS/2021.2/common/technology/generic/autopilot/common.gen 
Execute       source C:/Xilinx/Vitis_HLS/2021.2/common/technology/generic/autopilot/APCoreGen.gen 
Execute     source C:/Xilinx/Vitis_HLS/2021.2/common/technology/generic/autopilot/op.gen 
Execute     source C:/Xilinx/Vitis_HLS/2021.2/common/technology/generic/autopilot/op_simcore.gen 
Execute     source C:/Xilinx/Vitis_HLS/2021.2/common/technology/generic/autopilot/interface.gen 
Execute     source C:/Users/sreer/Post-Silicon-Validation-Research-Project/new_cpu_implementation/vitis/PSV_HLS/RAW_solu/.autopilot/db/global.setting.tcl 
Execute     source C:/Xilinx/Vitis_HLS/2021.2/common/technology/xilinx/common/xilinx.gen 
Execute       source C:/Xilinx/Vitis_HLS/2021.2/common/technology/xilinx/interface/plb46.gen 
Execute       source C:/Xilinx/Vitis_HLS/2021.2/common/technology/xilinx/interface/axi4.gen 
Execute       source C:/Xilinx/Vitis_HLS/2021.2/common/technology/xilinx/interface/nativeAXI4.gen 
Execute         source C:/Xilinx/Vitis_HLS/2021.2/common/technology/xilinx/interface/saxilite.gen 
Execute         source C:/Xilinx/Vitis_HLS/2021.2/common/technology/xilinx/interface/maxi.gen 
Execute       source C:/Xilinx/Vitis_HLS/2021.2/common/technology/xilinx/scripts/xilinxcoregen.gen 
Execute       source C:/Xilinx/Vitis_HLS/2021.2/common/technology/xilinx/interface/XilEDKCoreGen.gen 
Execute       source C:/Xilinx/Vitis_HLS/2021.2/common/technology/xilinx/ip/dds_compiler.gen 
Execute       source C:/Xilinx/Vitis_HLS/2021.2/common/technology/xilinx/ip/util.gen 
Execute       source C:/Xilinx/Vitis_HLS/2021.2/common/technology/xilinx/ip/xfft.gen 
Execute       source C:/Xilinx/Vitis_HLS/2021.2/common/technology/xilinx/ip/xfir.gen 
Execute       source C:/Xilinx/Vitis_HLS/2021.2/common/technology/xilinx/DSP48/dsp48.gen 
INFO-FLOW: DBG:PUTS:   using AESL_AUTOCG::g_clock_period=10.000 (was NA)
INFO-FLOW: DBG:PUTS:       initCTypeInfo top_module=pipeline_top xml_exists=1
Execute     source C:/Users/sreer/Post-Silicon-Validation-Research-Project/new_cpu_implementation/vitis/PSV_HLS/RAW_solu/.autopilot/db/pipeline_top.rtl_wrap.cfg.tcl 
Execute     source C:/Users/sreer/Post-Silicon-Validation-Research-Project/new_cpu_implementation/vitis/PSV_HLS/RAW_solu/.autopilot/db/pipeline_top.rtl_wrap.cfg.tcl 
Execute     source C:/Users/sreer/Post-Silicon-Validation-Research-Project/new_cpu_implementation/vitis/PSV_HLS/RAW_solu/.autopilot/db/pipeline_top.rtl_wrap.cfg.tcl 
Execute     source C:/Users/sreer/Post-Silicon-Validation-Research-Project/new_cpu_implementation/vitis/PSV_HLS/RAW_solu/.autopilot/db/pipeline_top.tbgen.tcl 
Execute     source C:/Users/sreer/Post-Silicon-Validation-Research-Project/new_cpu_implementation/vitis/PSV_HLS/RAW_solu/.autopilot/db/pipeline_top.tbgen.tcl 
Execute     get_config_export -deadlock_detection 
Execute     source C:/Users/sreer/Post-Silicon-Validation-Research-Project/new_cpu_implementation/vitis/PSV_HLS/RAW_solu/.autopilot/db/global.setting.tcl 
Execute     source C:/Users/sreer/Post-Silicon-Validation-Research-Project/new_cpu_implementation/vitis/PSV_HLS/RAW_solu/.autopilot/db/pipeline_top.tbgen.tcl 
Execute     get_config_rtl -module_prefix 
INFO-FLOW: DBG:PUTS:       cosim_export_main adding deadlock detection to pipeline_top
INFO-FLOW: DBG:PUTS: Skipping loadAnalyze_DB, #g_database=6
INFO-FLOW: DBG:PUTS:       generate_json generate_bd_files=0 generate_xo_files=false #modelList=3 #gSsdmPorts=0
INFO-FLOW: DBG:PROC: ::AP::DESIGN_DATA::generate_json generate_bd_files='0' generate_xo_files='false' modelList='pipeline_top_clock_cycle_RegisterFile_V_RAM_AUTO_1R1W
clock_cycle
pipeline_top
' rtl_lang='vlog' bootstrap_tcl='false' outdir='' outfilename=''
Execute     source C:/Xilinx/Vitis_HLS/2021.2/tps/tcl/tcllib1.11.1/yaml/huddle.tcl 
Execute     source C:/Xilinx/Vitis_HLS/2021.2/tps/tcl/tcllib1.11.1/yaml/json2huddle.tcl 
Execute       source C:/Xilinx/Vitis_HLS/2021.2/tps/tcl/tcllib1.11.1/try/try.tcl 
Execute     source C:/Users/sreer/Post-Silicon-Validation-Research-Project/new_cpu_implementation/vitis/PSV_HLS/RAW_solu/.autopilot/db/global.setting.tcl 
Execute     source C:/Users/sreer/Post-Silicon-Validation-Research-Project/new_cpu_implementation/vitis/PSV_HLS/RAW_solu/.autopilot/db/global.setting.tcl 
Execute     get_solution -flow_target 
Execute     get_config_export -xo 
Execute     get_config_export -format 
Execute     source C:/Users/sreer/Post-Silicon-Validation-Research-Project/new_cpu_implementation/vitis/PSV_HLS/RAW_solu/.autopilot/db/top-io-be.tcl 
Execute     source C:/Users/sreer/Post-Silicon-Validation-Research-Project/new_cpu_implementation/vitis/PSV_HLS/RAW_solu/.autopilot/db/pipeline_top.tbgen.tcl 
Execute     source C:/Users/sreer/Post-Silicon-Validation-Research-Project/new_cpu_implementation/vitis/PSV_HLS/RAW_solu/.autopilot/db/pipeline_top.rtl_wrap.cfg.tcl 
Execute     source C:/Users/sreer/Post-Silicon-Validation-Research-Project/new_cpu_implementation/vitis/PSV_HLS/RAW_solu/.autopilot/db/pipeline_top.compgen.dataonly.tcl 
Execute     get_config_export -format 
Execute     ap_part_info -name xc7k70t-fbv676-1 -data names -quiet 
Execute     ap_part_info -name xc7k70t-fbv676-1 -data info -quiet 
Execute     source C:/Users/sreer/Post-Silicon-Validation-Research-Project/new_cpu_implementation/vitis/PSV_HLS/RAW_solu/.autopilot/db/clock_cycle.tbgen.tcl 
Execute     source C:/Users/sreer/Post-Silicon-Validation-Research-Project/new_cpu_implementation/vitis/PSV_HLS/RAW_solu/.autopilot/db/pipeline_top.tbgen.tcl 
Execute     source C:/Users/sreer/Post-Silicon-Validation-Research-Project/new_cpu_implementation/vitis/PSV_HLS/RAW_solu/.autopilot/db/global.setting.tcl 
Execute     ap_part_info -name xc7k70t-fbv676-1 -data names -quiet 
Execute     ap_part_info -name xc7k70t-fbv676-1 -data info -quiet 
Execute     get_solution -flow_target 
Execute     get_config_rtl -kernel_profile 
Execute     get_config_rtl -kernel_profile 
Execute     get_config_rtl -stall_sig_gen 
Execute     get_config_rtl -profile 
Execute     source C:/Users/sreer/Post-Silicon-Validation-Research-Project/new_cpu_implementation/vitis/PSV_HLS/RAW_solu/.autopilot/db/pipeline_top.constraint.tcl 
Execute     sc_get_clocks pipeline_top 
Execute     source C:/Users/sreer/Post-Silicon-Validation-Research-Project/new_cpu_implementation/vitis/PSV_HLS/RAW_solu/.autopilot/db/global.setting.tcl 
Execute     get_config_export -ip_xdc_file 
Execute     get_config_export -ip_xdc_ooc_file 
Execute     get_config_debug -directory 
Execute     get_config_export -deadlock_detection 
Execute     source C:/Users/sreer/Post-Silicon-Validation-Research-Project/new_cpu_implementation/vitis/PSV_HLS/RAW_solu/.autopilot/db/global.setting.tcl 
Execute     source C:/Users/sreer/Post-Silicon-Validation-Research-Project/new_cpu_implementation/vitis/PSV_HLS/RAW_solu/.autopilot/db/pipeline_top.tbgen.tcl 
Execute     get_config_rtl -module_prefix 
INFO-FLOW: DBG:PUTS:       cosim_export_main adding deadlock detection to pipeline_top
Execute     get_config_export -format 
INFO-FLOW: DBG:PUTS:       generate_ip_script #gSsdmPorts=0 g_lang=vlog is_sdaccel=false is_sdsoc=true xo_file=
Execute     ap_part_info -name xc7k70t-fbv676-1 -data names -quiet 
Execute     ap_part_info -name xc7k70t-fbv676-1 -data info -quiet 
Execute     ap_part_info -name xc7k70t-fbv676-1 -data names -quiet 
Execute     ap_part_info -name xc7k70t-fbv676-1 -data info -quiet 
Execute     source C:/Users/sreer/Post-Silicon-Validation-Research-Project/new_cpu_implementation/vitis/PSV_HLS/RAW_solu/.autopilot/db/pipeline_top.tbgen.tcl 
Execute     source C:/Users/sreer/Post-Silicon-Validation-Research-Project/new_cpu_implementation/vitis/PSV_HLS/RAW_solu/.autopilot/db/pipeline_top.tbgen.tcl 
Execute     source C:/Users/sreer/Post-Silicon-Validation-Research-Project/new_cpu_implementation/vitis/PSV_HLS/RAW_solu/.autopilot/db/pipeline_top.tbgen.tcl 
Execute     source C:/Users/sreer/Post-Silicon-Validation-Research-Project/new_cpu_implementation/vitis/PSV_HLS/RAW_solu/.autopilot/db/pipeline_top.tbgen.tcl 
Execute     source C:/Users/sreer/Post-Silicon-Validation-Research-Project/new_cpu_implementation/vitis/PSV_HLS/RAW_solu/.autopilot/db/pipeline_top.tbgen.tcl 
Execute     source C:/Users/sreer/Post-Silicon-Validation-Research-Project/new_cpu_implementation/vitis/PSV_HLS/RAW_solu/.autopilot/db/pipeline_top.tbgen.tcl 
Execute     source C:/Users/sreer/Post-Silicon-Validation-Research-Project/new_cpu_implementation/vitis/PSV_HLS/RAW_solu/.autopilot/db/global.setting.tcl 
Execute     get_config_debug -directory 
INFO-FLOW: DBG:PUTS:       generate_top_info
INFO-FLOW: DBG:PUTS:       prepArgInfo -> loadAnalyze_DB top_module=pipeline_top
Execute     source C:/Users/sreer/Post-Silicon-Validation-Research-Project/new_cpu_implementation/vitis/PSV_HLS/RAW_solu/.autopilot/db/pipeline_top.rtl_wrap.cfg.tcl 
Execute     source C:/Users/sreer/Post-Silicon-Validation-Research-Project/new_cpu_implementation/vitis/PSV_HLS/RAW_solu/.autopilot/db/pipeline_top.rtl_wrap.cfg.tcl 
Execute     source C:/Users/sreer/Post-Silicon-Validation-Research-Project/new_cpu_implementation/vitis/PSV_HLS/RAW_solu/.autopilot/db/pipeline_top.rtl_wrap.cfg.tcl 
Execute     source C:/Users/sreer/Post-Silicon-Validation-Research-Project/new_cpu_implementation/vitis/PSV_HLS/RAW_solu/.autopilot/db/pipeline_top.tbgen.tcl 
Execute     source C:/Users/sreer/Post-Silicon-Validation-Research-Project/new_cpu_implementation/vitis/PSV_HLS/RAW_solu/.autopilot/db/pipeline_top.tbgen.tcl 
Execute     ap_part_info -name xc7k70t-fbv676-1 -data names -quiet 
Execute     ap_part_info -name xc7k70t-fbv676-1 -data info -quiet 
Execute     ap_part_info -name xc7k70t-fbv676-1 -data names -quiet 
Execute     ap_part_info -name xc7k70t-fbv676-1 -data info -quiet 
Execute     source C:/Users/sreer/Post-Silicon-Validation-Research-Project/new_cpu_implementation/vitis/PSV_HLS/RAW_solu/.autopilot/db/pipeline_top.tbgen.tcl 
Execute     source C:/Users/sreer/Post-Silicon-Validation-Research-Project/new_cpu_implementation/vitis/PSV_HLS/RAW_solu/.autopilot/db/global.setting.tcl 
Execute     get_config_export -ip_xdc_ooc_file 
Execute     get_config_export -ip_xdc_file 
Execute     source C:/Users/sreer/Post-Silicon-Validation-Research-Project/new_cpu_implementation/vitis/PSV_HLS/RAW_solu/.autopilot/db/pipeline_top.constraint.tcl 
INFO-FLOW: DBG:PUTS:       generate_ipi_example_script
Execute     ap_part_info -name xc7k70t-fbv676-1 -data names -quiet 
Execute     ap_part_info -name xc7k70t-fbv676-1 -data info -quiet 
Execute     ap_part_info -name xc7k70t-fbv676-1 -data names -quiet 
Execute     ap_part_info -name xc7k70t-fbv676-1 -data info -quiet 
INFO-FLOW: DBG:PUTS:       generate_syn_sh
Execute     ap_part_info -name xc7k70t-fbv676-1 -data names -quiet 
Execute     ap_part_info -name xc7k70t-fbv676-1 -data info -quiet 
Execute     source C:/Users/sreer/Post-Silicon-Validation-Research-Project/new_cpu_implementation/vitis/PSV_HLS/RAW_solu/.autopilot/db/global.setting.tcl 
INFO-FLOW: DBG:PUTS:       generate_imp_constraints
Execute     ap_part_info -name xc7k70t-fbv676-1 -data names -quiet 
Execute     ap_part_info -name xc7k70t-fbv676-1 -data info -quiet 
Execute     source C:/Users/sreer/Post-Silicon-Validation-Research-Project/new_cpu_implementation/vitis/PSV_HLS/RAW_solu/.autopilot/db/pipeline_top.constraint.tcl 
Execute     source C:/Users/sreer/Post-Silicon-Validation-Research-Project/new_cpu_implementation/vitis/PSV_HLS/RAW_solu/.autopilot/db/pipeline_top.tbgen.tcl 
INFO-FLOW: DBG:PUTS:       copy-tb-files C:/Users/sreer/Post-Silicon-Validation-Research-Project/new_cpu_implementation/vitis/PSV_HLS/RAW_solu/impl/.verilog/sim_tbs
INFO-FLOW: DBG:PUTS:       delete-temp-dirs (skipped for debug)
Execute     ap_part_info -name xc7k70t-fbv676-1 -data names -quiet 
Execute     ap_part_info -name xc7k70t-fbv676-1 -data info -quiet 
INFO-FLOW: DBG:PUTS: read_platform_lib C:/Users/sreer/Post-Silicon-Validation-Research-Project/new_cpu_implementation/vitis/PSV_HLS/RAW_solu/.autopilot/db/global.setting.tcl
Execute     source C:/Xilinx/Vitis_HLS/2021.2/common/technology/generic/autopilot/common.gen 
Execute       source C:/Xilinx/Vitis_HLS/2021.2/common/technology/generic/autopilot/APCoreGen.gen 
Execute     source C:/Xilinx/Vitis_HLS/2021.2/common/technology/generic/autopilot/op.gen 
Execute     source C:/Xilinx/Vitis_HLS/2021.2/common/technology/generic/autopilot/op_simcore.gen 
Execute     source C:/Xilinx/Vitis_HLS/2021.2/common/technology/generic/autopilot/interface.gen 
Execute     source C:/Users/sreer/Post-Silicon-Validation-Research-Project/new_cpu_implementation/vitis/PSV_HLS/RAW_solu/.autopilot/db/global.setting.tcl 
Execute     source C:/Xilinx/Vitis_HLS/2021.2/common/technology/xilinx/common/xilinx.gen 
Execute       source C:/Xilinx/Vitis_HLS/2021.2/common/technology/xilinx/interface/plb46.gen 
Execute       source C:/Xilinx/Vitis_HLS/2021.2/common/technology/xilinx/interface/axi4.gen 
Execute       source C:/Xilinx/Vitis_HLS/2021.2/common/technology/xilinx/interface/nativeAXI4.gen 
Execute         source C:/Xilinx/Vitis_HLS/2021.2/common/technology/xilinx/interface/saxilite.gen 
Execute         source C:/Xilinx/Vitis_HLS/2021.2/common/technology/xilinx/interface/maxi.gen 
Execute       source C:/Xilinx/Vitis_HLS/2021.2/common/technology/xilinx/scripts/xilinxcoregen.gen 
Execute       source C:/Xilinx/Vitis_HLS/2021.2/common/technology/xilinx/interface/XilEDKCoreGen.gen 
Execute       source C:/Xilinx/Vitis_HLS/2021.2/common/technology/xilinx/ip/dds_compiler.gen 
Execute       source C:/Xilinx/Vitis_HLS/2021.2/common/technology/xilinx/ip/util.gen 
Execute       source C:/Xilinx/Vitis_HLS/2021.2/common/technology/xilinx/ip/xfft.gen 
Execute       source C:/Xilinx/Vitis_HLS/2021.2/common/technology/xilinx/ip/xfir.gen 
Execute       source C:/Xilinx/Vitis_HLS/2021.2/common/technology/xilinx/DSP48/dsp48.gen 
INFO-FLOW: DBG:PUTS:     IP package: exec C:/Users/sreer/Post-Silicon-Validation-Research-Project/new_cpu_implementation/vitis/PSV_HLS/RAW_solu/impl/ip/pack.bat
INFO-FLOW: DBG:PUTS:     IP package: failed result=1 C:/Users/sreer/Post-Silicon-Validation-Research-Project/new_cpu_implementation/vitis/PSV_HLS/RAW_solu/impl/ip/pack.bat
ERROR: [IMPL 213-28] Failed to generate IP.
Command   export_design done; error code: 2; 7.055 sec.
INFO: [HLS 200-111] Finished Command export_design CPU user time: 2 seconds. CPU system time: 0 seconds. Elapsed time: 7.055 seconds; current allocated memory: 699.133 MB.
Command ap_source done; error code: 1; 7.701 sec.
Execute cleanup_all 
INFO-FLOW: Workspace C:/Users/sreer/Post-Silicon-Validation-Research-Project/new_cpu_implementation/vitis/PSV_HLS/RAW_solu opened at Fri Aug 14 16:56:28 -0400 2026
Execute     ap_set_clock -name default -period 10 -default=false 
INFO: [SYN 201-201] Setting up clock 'default' with a period of 10ns.
Execute     set_part xc7k70t-fbv676-1 
Execute       create_platform xc7k70t-fbv676-1 -board  
DBG:HLSDevice: Trying to load device library: C:/Xilinx/Vitis_HLS/2021.2\lib\win64.o\librdi_hlsvwrap.dll
DBG:HLSDevice: first parts/arch.xml in RDI_DATADIR: C:/Xilinx/Vivado/2021.2/data/parts/arch.xml
DBG:HLSDevice: init success
Execute         source C:/Xilinx/Vitis_HLS/2021.2/common/technology/xilinx/DSP48/dsp48.hlp 
Execute         source C:/Xilinx/Vitis_HLS/2021.2/common/technology/xilinx/DSP48/kintex7_dsp48e1.hlp 
INFO: [HLS 200-1611] Setting target device to 'xc7k70t-fbv676-1'
Command       create_platform done; 0.377 sec.
Execute       source C:/Xilinx/Vitis_HLS/2021.2/common/technology/xilinx/common/xilinx.gen 
Execute         source C:/Xilinx/Vitis_HLS/2021.2/common/technology/xilinx/interface/plb46.gen 
Execute         source C:/Xilinx/Vitis_HLS/2021.2/common/technology/xilinx/interface/axi4.gen 
Execute         source C:/Xilinx/Vitis_HLS/2021.2/common/technology/xilinx/interface/nativeAXI4.gen 
Execute           source C:/Xilinx/Vitis_HLS/2021.2/common/technology/xilinx/interface/saxilite.gen 
Execute           source C:/Xilinx/Vitis_HLS/2021.2/common/technology/xilinx/interface/maxi.gen 
Execute         source C:/Xilinx/Vitis_HLS/2021.2/common/technology/xilinx/scripts/xilinxcoregen.gen 
Execute         source C:/Xilinx/Vitis_HLS/2021.2/common/technology/xilinx/interface/XilEDKCoreGen.gen 
Execute         source C:/Xilinx/Vitis_HLS/2021.2/common/technology/xilinx/ip/dds_compiler.gen 
Execute         source C:/Xilinx/Vitis_HLS/2021.2/common/technology/xilinx/ip/util.gen 
Execute         source C:/Xilinx/Vitis_HLS/2021.2/common/technology/xilinx/ip/xfft.gen 
Execute         source C:/Xilinx/Vitis_HLS/2021.2/common/technology/xilinx/ip/xfir.gen 
Execute         source C:/Xilinx/Vitis_HLS/2021.2/common/technology/xilinx/DSP48/dsp48.gen 
Execute       ap_part_info -name xc7k70t-fbv676-1 -data info 
Execute       config_compile -quiet -complex-mul-dsp=0 
Command     set_part done; 0.469 sec.
Execute     send_msg_by_id INFO @200-1505@%s%s  vivado 
INFO: [HLS 200-1505] Using flow_target 'vivado'
Execute     get_config_interface -m_axi_latency 
Execute     get_config_interface -m_axi_alignment_byte_size 
Execute     get_config_interface -m_axi_max_widen_bitwidth 
Execute     get_config_interface -default_interface 
Execute     get_config_rtl -register_reset_num 
Execute     send_msg_by_id INFO @200-1464@%s config_export -format=ip_catalog 
INFO: [HLS 200-1464] Running solution command: config_export -format=ip_catalog
Execute     config_export -format=ip_catalog 
Execute     send_msg_by_id INFO @200-1464@%s config_export -rtl=verilog 
INFO: [HLS 200-1464] Running solution command: config_export -rtl=verilog
Execute     config_export -rtl=verilog 
Command   open_solution done; 0.511 sec.
Execute   export_design -format ip_catalog -ip_revision 1 
INFO: [HLS 200-1510] Running: export_design -format ip_catalog -ip_revision 1 
ERROR: [HLS 200-101] 'export_design': Unknown option '-ip_revision'.
ERROR: [HLS 200-101] 'export_design': Unknown option '1'.
Command   export_design done; error code: 1; 
INFO: [HLS 200-111] Finished Command export_design CPU user time: 0 seconds. CPU system time: 0 seconds. Elapsed time: 0 seconds; current allocated memory: 0.328 MB.
Execute   cleanup_all 
INFO-FLOW: Workspace C:/Users/sreer/Post-Silicon-Validation-Research-Project/new_cpu_implementation/vitis/PSV_HLS/RAW_solu opened at Fri Aug 14 16:57:31 -0400 2026
Execute     ap_set_clock -name default -period 10 -default=false 
INFO: [SYN 201-201] Setting up clock 'default' with a period of 10ns.
Execute     set_part xc7k70t-fbv676-1 
Execute       create_platform xc7k70t-fbv676-1 -board  
DBG:HLSDevice: Trying to load device library: C:/Xilinx/Vitis_HLS/2021.2\lib\win64.o\librdi_hlsvwrap.dll
DBG:HLSDevice: first parts/arch.xml in RDI_DATADIR: C:/Xilinx/Vivado/2021.2/data/parts/arch.xml
DBG:HLSDevice: init success
Execute         source C:/Xilinx/Vitis_HLS/2021.2/common/technology/xilinx/DSP48/dsp48.hlp 
Execute         source C:/Xilinx/Vitis_HLS/2021.2/common/technology/xilinx/DSP48/kintex7_dsp48e1.hlp 
INFO: [HLS 200-1611] Setting target device to 'xc7k70t-fbv676-1'
Command       create_platform done; 0.38 sec.
Execute       source C:/Xilinx/Vitis_HLS/2021.2/common/technology/xilinx/common/xilinx.gen 
Execute         source C:/Xilinx/Vitis_HLS/2021.2/common/technology/xilinx/interface/plb46.gen 
Execute         source C:/Xilinx/Vitis_HLS/2021.2/common/technology/xilinx/interface/axi4.gen 
Execute         source C:/Xilinx/Vitis_HLS/2021.2/common/technology/xilinx/interface/nativeAXI4.gen 
Execute           source C:/Xilinx/Vitis_HLS/2021.2/common/technology/xilinx/interface/saxilite.gen 
Execute           source C:/Xilinx/Vitis_HLS/2021.2/common/technology/xilinx/interface/maxi.gen 
Execute         source C:/Xilinx/Vitis_HLS/2021.2/common/technology/xilinx/scripts/xilinxcoregen.gen 
Execute         source C:/Xilinx/Vitis_HLS/2021.2/common/technology/xilinx/interface/XilEDKCoreGen.gen 
Execute         source C:/Xilinx/Vitis_HLS/2021.2/common/technology/xilinx/ip/dds_compiler.gen 
Execute         source C:/Xilinx/Vitis_HLS/2021.2/common/technology/xilinx/ip/util.gen 
Execute         source C:/Xilinx/Vitis_HLS/2021.2/common/technology/xilinx/ip/xfft.gen 
Execute         source C:/Xilinx/Vitis_HLS/2021.2/common/technology/xilinx/ip/xfir.gen 
Execute         source C:/Xilinx/Vitis_HLS/2021.2/common/technology/xilinx/DSP48/dsp48.gen 
Execute       ap_part_info -name xc7k70t-fbv676-1 -data info 
Execute       config_compile -quiet -complex-mul-dsp=0 
Command     set_part done; 0.479 sec.
Execute     send_msg_by_id INFO @200-1505@%s%s  vivado 
INFO: [HLS 200-1505] Using flow_target 'vivado'
Execute     get_config_interface -m_axi_latency 
Execute     get_config_interface -m_axi_alignment_byte_size 
Execute     get_config_interface -m_axi_max_widen_bitwidth 
Execute     get_config_interface -default_interface 
Execute     get_config_rtl -register_reset_num 
Execute     send_msg_by_id INFO @200-1464@%s config_export -format=ip_catalog 
INFO: [HLS 200-1464] Running solution command: config_export -format=ip_catalog
Execute     config_export -format=ip_catalog 
Execute     send_msg_by_id INFO @200-1464@%s config_export -rtl=verilog 
INFO: [HLS 200-1464] Running solution command: config_export -rtl=verilog
Execute     config_export -rtl=verilog 
Command   open_solution done; 0.517 sec.
Execute   config_export -ip_revision 1 
INFO: [HLS 200-1510] Running: config_export -ip_revision 1 
ERROR: [HLS 200-101] 'config_export': Unknown option '-ip_revision'.
ERROR: [HLS 200-101] 'config_export': Unknown option '1'.
Command   config_export done; error code: 1; 
Execute   cleanup_all 
INFO-FLOW: Workspace C:/Users/sreer/Post-Silicon-Validation-Research-Project/new_cpu_implementation/vitis/PSV_HLS/RAW_solu opened at Fri Aug 14 17:08:31 -0400 2026
Execute     ap_set_clock -name default -period 10 -default=false 
INFO: [SYN 201-201] Setting up clock 'default' with a period of 10ns.
Execute     set_part xc7k70t-fbv676-1 
Execute       create_platform xc7k70t-fbv676-1 -board  
DBG:HLSDevice: Trying to load device library: C:/Xilinx/Vitis_HLS/2021.2\lib\win64.o\librdi_hlsvwrap.dll
DBG:HLSDevice: first parts/arch.xml in RDI_DATADIR: C:/Xilinx/Vivado/2021.2/data/parts/arch.xml
DBG:HLSDevice: init success
Execute         source C:/Xilinx/Vitis_HLS/2021.2/common/technology/xilinx/DSP48/dsp48.hlp 
Execute         source C:/Xilinx/Vitis_HLS/2021.2/common/technology/xilinx/DSP48/kintex7_dsp48e1.hlp 
INFO: [HLS 200-1611] Setting target device to 'xc7k70t-fbv676-1'
Command       create_platform done; 0.373 sec.
Execute       source C:/Xilinx/Vitis_HLS/2021.2/common/technology/xilinx/common/xilinx.gen 
Execute         source C:/Xilinx/Vitis_HLS/2021.2/common/technology/xilinx/interface/plb46.gen 
Execute         source C:/Xilinx/Vitis_HLS/2021.2/common/technology/xilinx/interface/axi4.gen 
Execute         source C:/Xilinx/Vitis_HLS/2021.2/common/technology/xilinx/interface/nativeAXI4.gen 
Execute           source C:/Xilinx/Vitis_HLS/2021.2/common/technology/xilinx/interface/saxilite.gen 
Execute           source C:/Xilinx/Vitis_HLS/2021.2/common/technology/xilinx/interface/maxi.gen 
Execute         source C:/Xilinx/Vitis_HLS/2021.2/common/technology/xilinx/scripts/xilinxcoregen.gen 
Execute         source C:/Xilinx/Vitis_HLS/2021.2/common/technology/xilinx/interface/XilEDKCoreGen.gen 
Execute         source C:/Xilinx/Vitis_HLS/2021.2/common/technology/xilinx/ip/dds_compiler.gen 
Execute         source C:/Xilinx/Vitis_HLS/2021.2/common/technology/xilinx/ip/util.gen 
Execute         source C:/Xilinx/Vitis_HLS/2021.2/common/technology/xilinx/ip/xfft.gen 
Execute         source C:/Xilinx/Vitis_HLS/2021.2/common/technology/xilinx/ip/xfir.gen 
Execute         source C:/Xilinx/Vitis_HLS/2021.2/common/technology/xilinx/DSP48/dsp48.gen 
Execute       ap_part_info -name xc7k70t-fbv676-1 -data info 
Execute       config_compile -quiet -complex-mul-dsp=0 
Command     set_part done; 0.468 sec.
Execute     send_msg_by_id INFO @200-1505@%s%s  vivado 
INFO: [HLS 200-1505] Using flow_target 'vivado'
Execute     get_config_interface -m_axi_latency 
Execute     get_config_interface -m_axi_alignment_byte_size 
Execute     get_config_interface -m_axi_max_widen_bitwidth 
Execute     get_config_interface -default_interface 
Execute     get_config_rtl -register_reset_num 
Execute     send_msg_by_id INFO @200-1464@%s config_export -format=ip_catalog 
INFO: [HLS 200-1464] Running solution command: config_export -format=ip_catalog
Execute     config_export -format=ip_catalog 
Execute     send_msg_by_id INFO @200-1464@%s config_export -rtl=verilog 
INFO: [HLS 200-1464] Running solution command: config_export -rtl=verilog
Execute     config_export -rtl=verilog 
Command   open_solution done; 0.517 sec.
Execute   set_part xc7k70t-fbv676-1 
INFO: [HLS 200-1510] Running: set_part xc7k70t-fbv676-1 
Execute     create_platform xc7k70t-fbv676-1 -board  
Execute       source C:/Xilinx/Vitis_HLS/2021.2/common/technology/xilinx/DSP48/dsp48.hlp 
Execute       source C:/Xilinx/Vitis_HLS/2021.2/common/technology/xilinx/DSP48/kintex7_dsp48e1.hlp 
Execute     source C:/Xilinx/Vitis_HLS/2021.2/common/technology/xilinx/common/xilinx.gen 
Execute       source C:/Xilinx/Vitis_HLS/2021.2/common/technology/xilinx/interface/plb46.gen 
Execute       source C:/Xilinx/Vitis_HLS/2021.2/common/technology/xilinx/interface/axi4.gen 
Execute       source C:/Xilinx/Vitis_HLS/2021.2/common/technology/xilinx/interface/nativeAXI4.gen 
Execute         source C:/Xilinx/Vitis_HLS/2021.2/common/technology/xilinx/interface/saxilite.gen 
Execute         source C:/Xilinx/Vitis_HLS/2021.2/common/technology/xilinx/interface/maxi.gen 
Execute       source C:/Xilinx/Vitis_HLS/2021.2/common/technology/xilinx/scripts/xilinxcoregen.gen 
Execute       source C:/Xilinx/Vitis_HLS/2021.2/common/technology/xilinx/interface/XilEDKCoreGen.gen 
Execute       source C:/Xilinx/Vitis_HLS/2021.2/common/technology/xilinx/ip/dds_compiler.gen 
Execute       source C:/Xilinx/Vitis_HLS/2021.2/common/technology/xilinx/ip/util.gen 
Execute       source C:/Xilinx/Vitis_HLS/2021.2/common/technology/xilinx/ip/xfft.gen 
Execute       source C:/Xilinx/Vitis_HLS/2021.2/common/technology/xilinx/ip/xfir.gen 
Execute       source C:/Xilinx/Vitis_HLS/2021.2/common/technology/xilinx/DSP48/dsp48.gen 
Execute     ap_part_info -name xc7k70t-fbv676-1 -data info 
Execute     config_compile -quiet -complex-mul-dsp=0 
Execute   create_clock -period 10 -name default 
INFO: [HLS 200-1510] Running: create_clock -period 10 -name default 
Execute   config_export -format ip_catalog -rtl verilog 
INFO: [HLS 200-1510] Running: config_export -format ip_catalog -rtl verilog 
Execute   source ./PSV_HLS/RAW_solu/directives.tcl 
Execute     set_directive_top -name pipeline_top pipeline_top 
INFO: [HLS 200-1510] Running: set_directive_top -name pipeline_top pipeline_top 
Execute   export_design -rtl verilog -format ip_catalog 
INFO: [HLS 200-1510] Running: export_design -rtl verilog -format ip_catalog 
Execute     get_config_export -clock_margin 
Execute     get_config_export -custom_script 
Execute     get_config_export -description 
Execute     get_config_export -display_name 
Execute     get_config_export -driver_input_dir 
Execute     get_config_export -ipname 
Execute     get_config_export -library 
Execute     get_config_export -output 
Execute     get_config_export -qor_test 
Execute     get_config_export -sim 
Execute     get_config_export -taxonomy 
Execute     get_config_export -use_ip 
Execute     get_config_export -use_netlist 
Execute     get_config_export -vendor 
Execute     get_config_export -version 
Execute     get_config_export -xo 
Execute     config_export -format=ip_catalog -rtl=verilog 
INFO-FLOW: DBG:PUTS: export_design_wrap: -format ip_catalog -rtl verilog
Execute     source C:/Users/sreer/Post-Silicon-Validation-Research-Project/new_cpu_implementation/vitis/PSV_HLS/RAW_solu/.autopilot/db/global.setting.tcl 
Execute     get_config_export -vivado_clock 
Execute     get_top 
Execute     get_config_export -ipname 
Execute     get_config_export -xo 
Execute     get_config_export -format 
Execute     get_config_rtl -module_auto_prefix 
Execute     get_solution -flow_target 
Execute     get_config_export -xo 
Execute     get_config_export -format 
INFO-FLOW: DBG:PUTS:   auto_impl: pack: -export -rtl verilog
INFO-FLOW: DBG:PROC: ::AESL_AUTOIMPL::auto_impl args='-export -rtl verilog'
Execute     source C:/Users/sreer/Post-Silicon-Validation-Research-Project/new_cpu_implementation/vitis/PSV_HLS/RAW_solu/.autopilot/db/global.setting.tcl 
INFO: [IMPL 213-8] Exporting RTL as a Vivado IP.
Execute     source C:/Users/sreer/Post-Silicon-Validation-Research-Project/new_cpu_implementation/vitis/PSV_HLS/RAW_solu/.autopilot/db/global.setting.tcl 
INFO-FLOW: DBG:PUTS: automg_wrap -export -pcore_version 1.00.a -rtl vlog -tool Vivado -impltomg_flag
INFO-FLOW: DBG:PROC: ::AESL_AUTOMG::auto_generate args='-export -pcore_version 1.00.a -rtl vlog -tool Vivado -impltomg_flag'
INFO-FLOW: DBG:PUTS:     auto_generate -export -pcore_version 1.00.a -rtl vlog -tool Vivado -impltomg_flag
Execute     get_config_export -xo 
Execute     get_config_export -format 
Execute     get_config_export -ip_xdc_file 
Execute     get_config_export -ip_xdc_ooc_file 
Execute     source C:/Users/sreer/Post-Silicon-Validation-Research-Project/new_cpu_implementation/vitis/PSV_HLS/RAW_solu/.autopilot/db/global.setting.tcl 
INFO-FLOW: DBG:PUTS: read_platform_lib C:/Users/sreer/Post-Silicon-Validation-Research-Project/new_cpu_implementation/vitis/PSV_HLS/RAW_solu/.autopilot/db/global.setting.tcl
Execute     source C:/Xilinx/Vitis_HLS/2021.2/common/technology/generic/autopilot/common.gen 
Execute       source C:/Xilinx/Vitis_HLS/2021.2/common/technology/generic/autopilot/APCoreGen.gen 
Execute     source C:/Xilinx/Vitis_HLS/2021.2/common/technology/generic/autopilot/op.gen 
Execute     source C:/Xilinx/Vitis_HLS/2021.2/common/technology/generic/autopilot/op_simcore.gen 
Execute     source C:/Xilinx/Vitis_HLS/2021.2/common/technology/generic/autopilot/interface.gen 
Execute     source C:/Users/sreer/Post-Silicon-Validation-Research-Project/new_cpu_implementation/vitis/PSV_HLS/RAW_solu/.autopilot/db/global.setting.tcl 
Execute     source C:/Xilinx/Vitis_HLS/2021.2/common/technology/xilinx/common/xilinx.gen 
Execute       source C:/Xilinx/Vitis_HLS/2021.2/common/technology/xilinx/interface/plb46.gen 
Execute       source C:/Xilinx/Vitis_HLS/2021.2/common/technology/xilinx/interface/axi4.gen 
Execute       source C:/Xilinx/Vitis_HLS/2021.2/common/technology/xilinx/interface/nativeAXI4.gen 
Execute         source C:/Xilinx/Vitis_HLS/2021.2/common/technology/xilinx/interface/saxilite.gen 
Execute         source C:/Xilinx/Vitis_HLS/2021.2/common/technology/xilinx/interface/maxi.gen 
Execute       source C:/Xilinx/Vitis_HLS/2021.2/common/technology/xilinx/scripts/xilinxcoregen.gen 
Execute       source C:/Xilinx/Vitis_HLS/2021.2/common/technology/xilinx/interface/XilEDKCoreGen.gen 
Execute       source C:/Xilinx/Vitis_HLS/2021.2/common/technology/xilinx/ip/dds_compiler.gen 
Execute       source C:/Xilinx/Vitis_HLS/2021.2/common/technology/xilinx/ip/util.gen 
Execute       source C:/Xilinx/Vitis_HLS/2021.2/common/technology/xilinx/ip/xfft.gen 
Execute       source C:/Xilinx/Vitis_HLS/2021.2/common/technology/xilinx/ip/xfir.gen 
Execute       source C:/Xilinx/Vitis_HLS/2021.2/common/technology/xilinx/DSP48/dsp48.gen 
INFO-FLOW: DBG:PUTS:   using AESL_AUTOCG::g_clock_period=10.000 (was NA)
INFO-FLOW: DBG:PUTS:       initCTypeInfo top_module=pipeline_top xml_exists=1
Execute     source C:/Users/sreer/Post-Silicon-Validation-Research-Project/new_cpu_implementation/vitis/PSV_HLS/RAW_solu/.autopilot/db/pipeline_top.rtl_wrap.cfg.tcl 
Execute     source C:/Users/sreer/Post-Silicon-Validation-Research-Project/new_cpu_implementation/vitis/PSV_HLS/RAW_solu/.autopilot/db/pipeline_top.rtl_wrap.cfg.tcl 
Execute     source C:/Users/sreer/Post-Silicon-Validation-Research-Project/new_cpu_implementation/vitis/PSV_HLS/RAW_solu/.autopilot/db/pipeline_top.rtl_wrap.cfg.tcl 
Execute     source C:/Users/sreer/Post-Silicon-Validation-Research-Project/new_cpu_implementation/vitis/PSV_HLS/RAW_solu/.autopilot/db/pipeline_top.tbgen.tcl 
Execute     source C:/Users/sreer/Post-Silicon-Validation-Research-Project/new_cpu_implementation/vitis/PSV_HLS/RAW_solu/.autopilot/db/pipeline_top.tbgen.tcl 
Execute     get_config_export -deadlock_detection 
Execute     source C:/Users/sreer/Post-Silicon-Validation-Research-Project/new_cpu_implementation/vitis/PSV_HLS/RAW_solu/.autopilot/db/global.setting.tcl 
Execute     source C:/Users/sreer/Post-Silicon-Validation-Research-Project/new_cpu_implementation/vitis/PSV_HLS/RAW_solu/.autopilot/db/pipeline_top.tbgen.tcl 
Execute     get_config_rtl -module_prefix 
INFO-FLOW: DBG:PUTS:       cosim_export_main adding deadlock detection to pipeline_top
INFO-FLOW: DBG:PUTS: Skipping loadAnalyze_DB, #g_database=6
INFO-FLOW: DBG:PUTS:       generate_json generate_bd_files=0 generate_xo_files=false #modelList=3 #gSsdmPorts=0
INFO-FLOW: DBG:PROC: ::AP::DESIGN_DATA::generate_json generate_bd_files='0' generate_xo_files='false' modelList='pipeline_top_clock_cycle_RegisterFile_V_RAM_AUTO_1R1W
clock_cycle
pipeline_top
' rtl_lang='vlog' bootstrap_tcl='false' outdir='' outfilename=''
Execute     source C:/Xilinx/Vitis_HLS/2021.2/tps/tcl/tcllib1.11.1/yaml/huddle.tcl 
Execute     source C:/Xilinx/Vitis_HLS/2021.2/tps/tcl/tcllib1.11.1/yaml/json2huddle.tcl 
Execute       source C:/Xilinx/Vitis_HLS/2021.2/tps/tcl/tcllib1.11.1/try/try.tcl 
Execute     source C:/Users/sreer/Post-Silicon-Validation-Research-Project/new_cpu_implementation/vitis/PSV_HLS/RAW_solu/.autopilot/db/global.setting.tcl 
Execute     source C:/Users/sreer/Post-Silicon-Validation-Research-Project/new_cpu_implementation/vitis/PSV_HLS/RAW_solu/.autopilot/db/global.setting.tcl 
Execute     get_solution -flow_target 
Execute     get_config_export -xo 
Execute     get_config_export -format 
Execute     source C:/Users/sreer/Post-Silicon-Validation-Research-Project/new_cpu_implementation/vitis/PSV_HLS/RAW_solu/.autopilot/db/top-io-be.tcl 
Execute     source C:/Users/sreer/Post-Silicon-Validation-Research-Project/new_cpu_implementation/vitis/PSV_HLS/RAW_solu/.autopilot/db/pipeline_top.tbgen.tcl 
Execute     source C:/Users/sreer/Post-Silicon-Validation-Research-Project/new_cpu_implementation/vitis/PSV_HLS/RAW_solu/.autopilot/db/pipeline_top.rtl_wrap.cfg.tcl 
Execute     source C:/Users/sreer/Post-Silicon-Validation-Research-Project/new_cpu_implementation/vitis/PSV_HLS/RAW_solu/.autopilot/db/pipeline_top.compgen.dataonly.tcl 
Execute     get_config_export -format 
Execute     ap_part_info -name xc7k70t-fbv676-1 -data names -quiet 
Execute     ap_part_info -name xc7k70t-fbv676-1 -data info -quiet 
Execute     source C:/Users/sreer/Post-Silicon-Validation-Research-Project/new_cpu_implementation/vitis/PSV_HLS/RAW_solu/.autopilot/db/clock_cycle.tbgen.tcl 
Execute     source C:/Users/sreer/Post-Silicon-Validation-Research-Project/new_cpu_implementation/vitis/PSV_HLS/RAW_solu/.autopilot/db/pipeline_top.tbgen.tcl 
Execute     source C:/Users/sreer/Post-Silicon-Validation-Research-Project/new_cpu_implementation/vitis/PSV_HLS/RAW_solu/.autopilot/db/global.setting.tcl 
Execute     ap_part_info -name xc7k70t-fbv676-1 -data names -quiet 
Execute     ap_part_info -name xc7k70t-fbv676-1 -data info -quiet 
Execute     get_solution -flow_target 
Execute     get_config_rtl -kernel_profile 
Execute     get_config_rtl -kernel_profile 
Execute     get_config_rtl -stall_sig_gen 
Execute     get_config_rtl -profile 
Execute     source C:/Users/sreer/Post-Silicon-Validation-Research-Project/new_cpu_implementation/vitis/PSV_HLS/RAW_solu/.autopilot/db/pipeline_top.constraint.tcl 
Execute     sc_get_clocks pipeline_top 
Execute     source C:/Users/sreer/Post-Silicon-Validation-Research-Project/new_cpu_implementation/vitis/PSV_HLS/RAW_solu/.autopilot/db/global.setting.tcl 
Execute     get_config_export -ip_xdc_file 
Execute     get_config_export -ip_xdc_ooc_file 
Execute     get_config_debug -directory 
Execute     get_config_export -deadlock_detection 
Execute     source C:/Users/sreer/Post-Silicon-Validation-Research-Project/new_cpu_implementation/vitis/PSV_HLS/RAW_solu/.autopilot/db/global.setting.tcl 
Execute     source C:/Users/sreer/Post-Silicon-Validation-Research-Project/new_cpu_implementation/vitis/PSV_HLS/RAW_solu/.autopilot/db/pipeline_top.tbgen.tcl 
Execute     get_config_rtl -module_prefix 
INFO-FLOW: DBG:PUTS:       cosim_export_main adding deadlock detection to pipeline_top
Execute     get_config_export -format 
INFO-FLOW: DBG:PUTS:       generate_ip_script #gSsdmPorts=0 g_lang=vlog is_sdaccel=false is_sdsoc=true xo_file=
Execute     ap_part_info -name xc7k70t-fbv676-1 -data names -quiet 
Execute     ap_part_info -name xc7k70t-fbv676-1 -data info -quiet 
Execute     ap_part_info -name xc7k70t-fbv676-1 -data names -quiet 
Execute     ap_part_info -name xc7k70t-fbv676-1 -data info -quiet 
Execute     source C:/Users/sreer/Post-Silicon-Validation-Research-Project/new_cpu_implementation/vitis/PSV_HLS/RAW_solu/.autopilot/db/pipeline_top.tbgen.tcl 
Execute     source C:/Users/sreer/Post-Silicon-Validation-Research-Project/new_cpu_implementation/vitis/PSV_HLS/RAW_solu/.autopilot/db/pipeline_top.tbgen.tcl 
Execute     source C:/Users/sreer/Post-Silicon-Validation-Research-Project/new_cpu_implementation/vitis/PSV_HLS/RAW_solu/.autopilot/db/pipeline_top.tbgen.tcl 
Execute     source C:/Users/sreer/Post-Silicon-Validation-Research-Project/new_cpu_implementation/vitis/PSV_HLS/RAW_solu/.autopilot/db/pipeline_top.tbgen.tcl 
Execute     source C:/Users/sreer/Post-Silicon-Validation-Research-Project/new_cpu_implementation/vitis/PSV_HLS/RAW_solu/.autopilot/db/pipeline_top.tbgen.tcl 
Execute     source C:/Users/sreer/Post-Silicon-Validation-Research-Project/new_cpu_implementation/vitis/PSV_HLS/RAW_solu/.autopilot/db/pipeline_top.tbgen.tcl 
Execute     source C:/Users/sreer/Post-Silicon-Validation-Research-Project/new_cpu_implementation/vitis/PSV_HLS/RAW_solu/.autopilot/db/global.setting.tcl 
Execute     get_config_debug -directory 
INFO-FLOW: DBG:PUTS:       generate_top_info
INFO-FLOW: DBG:PUTS:       prepArgInfo -> loadAnalyze_DB top_module=pipeline_top
Execute     source C:/Users/sreer/Post-Silicon-Validation-Research-Project/new_cpu_implementation/vitis/PSV_HLS/RAW_solu/.autopilot/db/pipeline_top.rtl_wrap.cfg.tcl 
Execute     source C:/Users/sreer/Post-Silicon-Validation-Research-Project/new_cpu_implementation/vitis/PSV_HLS/RAW_solu/.autopilot/db/pipeline_top.rtl_wrap.cfg.tcl 
Execute     source C:/Users/sreer/Post-Silicon-Validation-Research-Project/new_cpu_implementation/vitis/PSV_HLS/RAW_solu/.autopilot/db/pipeline_top.rtl_wrap.cfg.tcl 
Execute     source C:/Users/sreer/Post-Silicon-Validation-Research-Project/new_cpu_implementation/vitis/PSV_HLS/RAW_solu/.autopilot/db/pipeline_top.tbgen.tcl 
Execute     source C:/Users/sreer/Post-Silicon-Validation-Research-Project/new_cpu_implementation/vitis/PSV_HLS/RAW_solu/.autopilot/db/pipeline_top.tbgen.tcl 
Execute     ap_part_info -name xc7k70t-fbv676-1 -data names -quiet 
Execute     ap_part_info -name xc7k70t-fbv676-1 -data info -quiet 
Execute     ap_part_info -name xc7k70t-fbv676-1 -data names -quiet 
Execute     ap_part_info -name xc7k70t-fbv676-1 -data info -quiet 
Execute     source C:/Users/sreer/Post-Silicon-Validation-Research-Project/new_cpu_implementation/vitis/PSV_HLS/RAW_solu/.autopilot/db/pipeline_top.tbgen.tcl 
Execute     source C:/Users/sreer/Post-Silicon-Validation-Research-Project/new_cpu_implementation/vitis/PSV_HLS/RAW_solu/.autopilot/db/global.setting.tcl 
Execute     get_config_export -ip_xdc_ooc_file 
Execute     get_config_export -ip_xdc_file 
Execute     source C:/Users/sreer/Post-Silicon-Validation-Research-Project/new_cpu_implementation/vitis/PSV_HLS/RAW_solu/.autopilot/db/pipeline_top.constraint.tcl 
INFO-FLOW: DBG:PUTS:       generate_ipi_example_script
Execute     ap_part_info -name xc7k70t-fbv676-1 -data names -quiet 
Execute     ap_part_info -name xc7k70t-fbv676-1 -data info -quiet 
Execute     ap_part_info -name xc7k70t-fbv676-1 -data names -quiet 
Execute     ap_part_info -name xc7k70t-fbv676-1 -data info -quiet 
INFO-FLOW: DBG:PUTS:       generate_syn_sh
Execute     ap_part_info -name xc7k70t-fbv676-1 -data names -quiet 
Execute     ap_part_info -name xc7k70t-fbv676-1 -data info -quiet 
Execute     source C:/Users/sreer/Post-Silicon-Validation-Research-Project/new_cpu_implementation/vitis/PSV_HLS/RAW_solu/.autopilot/db/global.setting.tcl 
INFO-FLOW: DBG:PUTS:       generate_imp_constraints
Execute     ap_part_info -name xc7k70t-fbv676-1 -data names -quiet 
Execute     ap_part_info -name xc7k70t-fbv676-1 -data info -quiet 
Execute     source C:/Users/sreer/Post-Silicon-Validation-Research-Project/new_cpu_implementation/vitis/PSV_HLS/RAW_solu/.autopilot/db/pipeline_top.constraint.tcl 
Execute     source C:/Users/sreer/Post-Silicon-Validation-Research-Project/new_cpu_implementation/vitis/PSV_HLS/RAW_solu/.autopilot/db/pipeline_top.tbgen.tcl 
INFO-FLOW: DBG:PUTS:       copy-tb-files C:/Users/sreer/Post-Silicon-Validation-Research-Project/new_cpu_implementation/vitis/PSV_HLS/RAW_solu/impl/.verilog/sim_tbs
INFO-FLOW: DBG:PUTS:       delete-temp-dirs (skipped for debug)
Execute     ap_part_info -name xc7k70t-fbv676-1 -data names -quiet 
Execute     ap_part_info -name xc7k70t-fbv676-1 -data info -quiet 
INFO-FLOW: DBG:PUTS: read_platform_lib C:/Users/sreer/Post-Silicon-Validation-Research-Project/new_cpu_implementation/vitis/PSV_HLS/RAW_solu/.autopilot/db/global.setting.tcl
Execute     source C:/Xilinx/Vitis_HLS/2021.2/common/technology/generic/autopilot/common.gen 
Execute       source C:/Xilinx/Vitis_HLS/2021.2/common/technology/generic/autopilot/APCoreGen.gen 
Execute     source C:/Xilinx/Vitis_HLS/2021.2/common/technology/generic/autopilot/op.gen 
Execute     source C:/Xilinx/Vitis_HLS/2021.2/common/technology/generic/autopilot/op_simcore.gen 
Execute     source C:/Xilinx/Vitis_HLS/2021.2/common/technology/generic/autopilot/interface.gen 
Execute     source C:/Users/sreer/Post-Silicon-Validation-Research-Project/new_cpu_implementation/vitis/PSV_HLS/RAW_solu/.autopilot/db/global.setting.tcl 
Execute     source C:/Xilinx/Vitis_HLS/2021.2/common/technology/xilinx/common/xilinx.gen 
Execute       source C:/Xilinx/Vitis_HLS/2021.2/common/technology/xilinx/interface/plb46.gen 
Execute       source C:/Xilinx/Vitis_HLS/2021.2/common/technology/xilinx/interface/axi4.gen 
Execute       source C:/Xilinx/Vitis_HLS/2021.2/common/technology/xilinx/interface/nativeAXI4.gen 
Execute         source C:/Xilinx/Vitis_HLS/2021.2/common/technology/xilinx/interface/saxilite.gen 
Execute         source C:/Xilinx/Vitis_HLS/2021.2/common/technology/xilinx/interface/maxi.gen 
Execute       source C:/Xilinx/Vitis_HLS/2021.2/common/technology/xilinx/scripts/xilinxcoregen.gen 
Execute       source C:/Xilinx/Vitis_HLS/2021.2/common/technology/xilinx/interface/XilEDKCoreGen.gen 
Execute       source C:/Xilinx/Vitis_HLS/2021.2/common/technology/xilinx/ip/dds_compiler.gen 
Execute       source C:/Xilinx/Vitis_HLS/2021.2/common/technology/xilinx/ip/util.gen 
Execute       source C:/Xilinx/Vitis_HLS/2021.2/common/technology/xilinx/ip/xfft.gen 
Execute       source C:/Xilinx/Vitis_HLS/2021.2/common/technology/xilinx/ip/xfir.gen 
Execute       source C:/Xilinx/Vitis_HLS/2021.2/common/technology/xilinx/DSP48/dsp48.gen 
INFO-FLOW: DBG:PUTS:     IP package: exec C:/Users/sreer/Post-Silicon-Validation-Research-Project/new_cpu_implementation/vitis/PSV_HLS/RAW_solu/impl/ip/pack.bat
INFO-FLOW: DBG:PUTS:     IP package: success C:/Users/sreer/Post-Silicon-Validation-Research-Project/new_cpu_implementation/vitis/PSV_HLS/RAW_solu/impl/ip/pack.bat
Execute     get_config_export -output 
Execute     send_msg_by_id INFO @200-802@%s PSV_HLS/RAW_solu/impl/export.zip 
INFO: [HLS 200-802] Generated output file PSV_HLS/RAW_solu/impl/export.zip
Command   export_design done; 6.801 sec.
INFO: [HLS 200-111] Finished Command export_design CPU user time: 1 seconds. CPU system time: 0 seconds. Elapsed time: 6.801 seconds; current allocated memory: 242.605 MB.
Command ap_source done; 7.494 sec.
Execute cleanup_all 
