

================================================================
== Vitis HLS Report for 'clock_cycle'
================================================================
* Date:           Fri Aug 14 16:08:56 2026

* Version:        2021.2 (Build 3367213 on Tue Oct 19 02:48:09 MDT 2021)
* Project:        PSV_HLS
* Solution:       RAW_solu (Vivado IP Flow Target)
* Product family: kintex7
* Target device:  xc7k70t-fbv676-1


================================================================
== Performance Estimates
================================================================
+ Timing: 
    * Summary: 
    +--------+----------+----------+------------+
    |  Clock |  Target  | Estimated| Uncertainty|
    +--------+----------+----------+------------+
    |ap_clk  |  10.00 ns|  5.154 ns|     2.70 ns|
    +--------+----------+----------+------------+

+ Latency: 
    * Summary: 
    +---------+---------+-----------+-----------+-----+-----+---------+
    |  Latency (cycles) |   Latency (absolute)  |  Interval | Pipeline|
    |   min   |   max   |    min    |    max    | min | max |   Type  |
    +---------+---------+-----------+-----------+-----+-----+---------+
    |        1|        2|  10.000 ns|  20.000 ns|    1|    2|       no|
    +---------+---------+-----------+-----------+-----+-----+---------+

    + Detail: 
        * Instance: 
        N/A

        * Loop: 
        N/A



================================================================
== Utilization Estimates
================================================================
* Summary: 
+-----------------+---------+-----+-------+-------+-----+
|       Name      | BRAM_18K| DSP |   FF  |  LUT  | URAM|
+-----------------+---------+-----+-------+-------+-----+
|DSP              |        -|    -|      -|      -|    -|
|Expression       |        -|    -|      0|    262|    -|
|FIFO             |        -|    -|      -|      -|    -|
|Instance         |        -|    -|      -|      -|    -|
|Memory           |        0|    -|      2|      1|    0|
|Multiplexer      |        -|    -|      -|    222|    -|
|Register         |        -|    -|     38|      -|    -|
+-----------------+---------+-----+-------+-------+-----+
|Total            |        0|    0|     40|    485|    0|
+-----------------+---------+-----+-------+-------+-----+
|Available        |      270|  240|  82000|  41000|    0|
+-----------------+---------+-----+-------+-------+-----+
|Utilization (%)  |        0|    0|     ~0|      1|    0|
+-----------------+---------+-----+-------+-------+-----+

+ Detail: 
    * Instance: 
    N/A

    * DSP: 
    N/A

    * Memory: 
    +------------------+------------------------------------------+---------+---+----+-----+------+-----+------+-------------+
    |      Memory      |                  Module                  | BRAM_18K| FF| LUT| URAM| Words| Bits| Banks| W*Bits*Banks|
    +------------------+------------------------------------------+---------+---+----+-----+------+-----+------+-------------+
    |RegisterFile_V_U  |clock_cycle_RegisterFile_V_RAM_AUTO_1R1W  |        0|  2|   1|    0|    32|    1|     1|           32|
    +------------------+------------------------------------------+---------+---+----+-----+------+-----+------+-------------+
    |Total             |                                          |        0|  2|   1|    0|    32|    1|     1|           32|
    +------------------+------------------------------------------+---------+---+----+-----+------+-----+------+-------------+

    * FIFO: 
    N/A

    * Expression: 
    +-------------------------+----------+----+---+----+------------+------------+
    |      Variable Name      | Operation| DSP| FF| LUT| Bitwidth P0| Bitwidth P1|
    +-------------------------+----------+----+---+----+------------+------------+
    |add_ln291_fu_533_p2      |         +|   0|  0|  39|          32|           3|
    |add_ln69_fu_249_p2       |         +|   0|  0|  11|           3|           1|
    |and_ln65_1_fu_315_p2     |       and|   0|  0|   6|           1|           1|
    |and_ln65_2_fu_321_p2     |       and|   0|  0|   6|           1|           1|
    |and_ln65_3_fu_383_p2     |       and|   0|  0|   6|           1|           1|
    |and_ln65_4_fu_415_p2     |       and|   0|  0|   6|           1|           1|
    |and_ln65_5_fu_421_p2     |       and|   0|  0|   6|           1|           1|
    |and_ln65_6_fu_427_p2     |       and|   0|  0|   6|           1|           1|
    |and_ln65_fu_309_p2       |       and|   0|  0|   6|           1|           1|
    |and_ln69_1_fu_283_p2     |       and|   0|  0|   6|           1|           1|
    |and_ln69_fu_271_p2       |       and|   0|  0|   6|           1|           1|
    |and_ln80_fu_403_p2       |       and|   0|  0|   6|           1|           1|
    |icmp_ln25_1_fu_156_p2    |      icmp|   0|  0|   8|           2|           1|
    |icmp_ln25_fu_150_p2      |      icmp|   0|  0|   8|           2|           2|
    |icmp_ln65_1_fu_297_p2    |      icmp|   0|  0|   8|           2|           2|
    |icmp_ln65_2_fu_303_p2    |      icmp|   0|  0|   8|           2|           1|
    |icmp_ln65_3_fu_341_p2    |      icmp|   0|  0|   8|           2|           2|
    |icmp_ln65_4_fu_347_p2    |      icmp|   0|  0|   8|           2|           1|
    |icmp_ln65_fu_243_p2      |      icmp|   0|  0|   8|           2|           2|
    |icmp_ln69_1_fu_277_p2    |      icmp|   0|  0|   8|           2|           2|
    |icmp_ln69_fu_265_p2      |      icmp|   0|  0|   8|           2|           1|
    |icmp_ln76_fu_335_p2      |      icmp|   0|  0|   8|           2|           2|
    |icmp_ln80_fu_397_p2      |      icmp|   0|  0|   8|           2|           2|
    |or_ln25_fu_162_p2        |        or|   0|  0|   6|           1|           1|
    |or_ln65_1_fu_371_p2      |        or|   0|  0|   6|           1|           1|
    |or_ln65_2_fu_377_p2      |        or|   0|  0|   6|           1|           1|
    |or_ln65_3_fu_409_p2      |        or|   0|  0|   6|           1|           1|
    |or_ln65_4_fu_450_p2      |        or|   0|  0|   6|           1|           1|
    |or_ln65_fu_365_p2        |        or|   0|  0|   6|           1|           1|
    |select_ln41_fu_495_p3    |    select|   0|  0|   2|           1|           2|
    |select_ln65_1_fu_389_p3  |    select|   0|  0|   2|           1|           2|
    |select_ln65_2_fu_433_p3  |    select|   0|  0|   2|           1|           2|
    |select_ln65_3_fu_442_p3  |    select|   0|  0|   3|           1|           1|
    |select_ln65_4_fu_456_p3  |    select|   0|  0|   2|           1|           2|
    |select_ln65_fu_327_p3    |    select|   0|  0|   2|           1|           1|
    |select_ln69_fu_289_p3    |    select|   0|  0|   3|           1|           3|
    |xor_ln37_fu_353_p2       |       xor|   0|  0|   6|           2|           1|
    |xor_ln65_fu_359_p2       |       xor|   0|  0|   6|           1|           2|
    +-------------------------+----------+----+---+----+------------+------------+
    |Total                    |          |   0|  0| 262|          83|          54|
    +-------------------------+----------+----+---+----+------------+------------+

    * Multiplexer: 
    +-----------------------------------------------+----+-----------+-----+-----------+
    |                      Name                     | LUT| Input Size| Bits| Total Bits|
    +-----------------------------------------------+----+-----------+-----+-----------+
    |EX_MEM_dest_o                                  |   9|          2|    2|          4|
    |EX_MEM_outVal_V_o                              |   9|          2|    1|          2|
    |EX_MEM_valid_o                                 |   9|          2|    1|          2|
    |ID_EX_dest_o                                   |   9|          2|    2|          4|
    |ID_EX_src1_o                                   |   9|          2|    2|          4|
    |ID_EX_src2_o                                   |   9|          2|    2|          4|
    |ID_EX_valid_o                                  |  13|          3|    1|          3|
    |IF_ID_pc_V_o                                   |   9|          2|   32|         64|
    |IF_ID_valid_o                                  |   9|          2|    1|          2|
    |MEM_WB_dest_o                                  |   9|          2|    2|          4|
    |MEM_WB_outVal_V_o                              |   9|          2|    1|          2|
    |MEM_WB_valid_o                                 |   9|          2|    1|          2|
    |PC_V_o                                         |   9|          2|   32|         64|
    |RegisterFile_V_address0                        |  13|          3|    5|         15|
    |ap_NS_fsm                                      |  17|          4|    1|          4|
    |ap_phi_mux_forward_A_sel_1_new_4_phi_fu_81_p4  |  13|          3|    2|          6|
    |ap_phi_mux_forward_B_sel_1_new_1_phi_fu_91_p4  |  13|          3|    2|          6|
    |ap_phi_mux_storemerge13_phi_fu_113_p4          |   9|          2|    1|          2|
    |ap_phi_mux_storemerge18_phi_fu_102_p4          |   9|          2|   32|         64|
    |ap_phi_mux_storemerge9_phi_fu_125_p4           |   9|          2|    1|          2|
    |storemerge18_reg_98                            |   9|          2|   32|         64|
    |storemerge9_reg_121                            |   9|          2|    1|          2|
    +-----------------------------------------------+----+-----------+-----+-----------+
    |Total                                          | 222|         50|  157|        326|
    +-----------------------------------------------+----+-----------+-----+-----------+

    * Register: 
    +--------------------------+----+----+-----+-----------+
    |           Name           | FF | LUT| Bits| Const Bits|
    +--------------------------+----+----+-----+-----------+
    |IF_ID_valid_load_reg_567  |   1|   0|    1|          0|
    |ap_CS_fsm                 |   3|   0|    3|          0|
    |storemerge13_reg_109      |   1|   0|    1|          0|
    |storemerge18_reg_98       |  32|   0|   32|          0|
    |storemerge9_reg_121       |   1|   0|    1|          0|
    +--------------------------+----+----+-----+-----------+
    |Total                     |  38|   0|   38|          0|
    +--------------------------+----+----+-----+-----------+



================================================================
== Interface
================================================================
* Summary: 
+--------------------------+-----+-----+------------+-----------------+--------------+
|         RTL Ports        | Dir | Bits|  Protocol  |  Source Object  |    C Type    |
+--------------------------+-----+-----+------------+-----------------+--------------+
|ap_clk                    |   in|    1|  ap_ctrl_hs|      clock_cycle|  return value|
|ap_rst                    |   in|    1|  ap_ctrl_hs|      clock_cycle|  return value|
|ap_start                  |   in|    1|  ap_ctrl_hs|      clock_cycle|  return value|
|ap_done                   |  out|    1|  ap_ctrl_hs|      clock_cycle|  return value|
|ap_idle                   |  out|    1|  ap_ctrl_hs|      clock_cycle|  return value|
|ap_ready                  |  out|    1|  ap_ctrl_hs|      clock_cycle|  return value|
|MEM_WB_valid_i            |   in|    1|     ap_ovld|     MEM_WB_valid|       pointer|
|MEM_WB_valid_o            |  out|    1|     ap_ovld|     MEM_WB_valid|       pointer|
|MEM_WB_valid_o_ap_vld     |  out|    1|     ap_ovld|     MEM_WB_valid|       pointer|
|MEM_WB_dest_i             |   in|    2|     ap_ovld|      MEM_WB_dest|       pointer|
|MEM_WB_dest_o             |  out|    2|     ap_ovld|      MEM_WB_dest|       pointer|
|MEM_WB_dest_o_ap_vld      |  out|    1|     ap_ovld|      MEM_WB_dest|       pointer|
|MEM_WB_outVal_V_i         |   in|    1|     ap_ovld|  MEM_WB_outVal_V|       pointer|
|MEM_WB_outVal_V_o         |  out|    1|     ap_ovld|  MEM_WB_outVal_V|       pointer|
|MEM_WB_outVal_V_o_ap_vld  |  out|    1|     ap_ovld|  MEM_WB_outVal_V|       pointer|
|EX_MEM_valid_i            |   in|    1|     ap_ovld|     EX_MEM_valid|       pointer|
|EX_MEM_valid_o            |  out|    1|     ap_ovld|     EX_MEM_valid|       pointer|
|EX_MEM_valid_o_ap_vld     |  out|    1|     ap_ovld|     EX_MEM_valid|       pointer|
|EX_MEM_dest_i             |   in|    2|     ap_ovld|      EX_MEM_dest|       pointer|
|EX_MEM_dest_o             |  out|    2|     ap_ovld|      EX_MEM_dest|       pointer|
|EX_MEM_dest_o_ap_vld      |  out|    1|     ap_ovld|      EX_MEM_dest|       pointer|
|EX_MEM_outVal_V_i         |   in|    1|     ap_ovld|  EX_MEM_outVal_V|       pointer|
|EX_MEM_outVal_V_o         |  out|    1|     ap_ovld|  EX_MEM_outVal_V|       pointer|
|EX_MEM_outVal_V_o_ap_vld  |  out|    1|     ap_ovld|  EX_MEM_outVal_V|       pointer|
|ID_EX_valid_i             |   in|    1|     ap_ovld|      ID_EX_valid|       pointer|
|ID_EX_valid_o             |  out|    1|     ap_ovld|      ID_EX_valid|       pointer|
|ID_EX_valid_o_ap_vld      |  out|    1|     ap_ovld|      ID_EX_valid|       pointer|
|ID_EX_src1_i              |   in|    2|     ap_ovld|       ID_EX_src1|       pointer|
|ID_EX_src1_o              |  out|    2|     ap_ovld|       ID_EX_src1|       pointer|
|ID_EX_src1_o_ap_vld       |  out|    1|     ap_ovld|       ID_EX_src1|       pointer|
|ID_EX_src2_i              |   in|    2|     ap_ovld|       ID_EX_src2|       pointer|
|ID_EX_src2_o              |  out|    2|     ap_ovld|       ID_EX_src2|       pointer|
|ID_EX_src2_o_ap_vld       |  out|    1|     ap_ovld|       ID_EX_src2|       pointer|
|ID_EX_dest_i              |   in|    2|     ap_ovld|       ID_EX_dest|       pointer|
|ID_EX_dest_o              |  out|    2|     ap_ovld|       ID_EX_dest|       pointer|
|ID_EX_dest_o_ap_vld       |  out|    1|     ap_ovld|       ID_EX_dest|       pointer|
|PC_V_i                    |   in|   32|     ap_ovld|             PC_V|       pointer|
|PC_V_o                    |  out|   32|     ap_ovld|             PC_V|       pointer|
|PC_V_o_ap_vld             |  out|    1|     ap_ovld|             PC_V|       pointer|
|IF_ID_valid_i             |   in|    1|     ap_ovld|      IF_ID_valid|       pointer|
|IF_ID_valid_o             |  out|    1|     ap_ovld|      IF_ID_valid|       pointer|
|IF_ID_valid_o_ap_vld      |  out|    1|     ap_ovld|      IF_ID_valid|       pointer|
|IF_ID_pc_V_i              |   in|   32|     ap_ovld|       IF_ID_pc_V|       pointer|
|IF_ID_pc_V_o              |  out|   32|     ap_ovld|       IF_ID_pc_V|       pointer|
|IF_ID_pc_V_o_ap_vld       |  out|    1|     ap_ovld|       IF_ID_pc_V|       pointer|
|ID_EX_pc_V                |  out|   32|      ap_vld|       ID_EX_pc_V|       pointer|
|ID_EX_pc_V_ap_vld         |  out|    1|      ap_vld|       ID_EX_pc_V|       pointer|
|ID_EX_val1_V              |  out|    1|      ap_vld|     ID_EX_val1_V|       pointer|
|ID_EX_val1_V_ap_vld       |  out|    1|      ap_vld|     ID_EX_val1_V|       pointer|
|forward_B_sel_1           |  out|    2|      ap_vld|  forward_B_sel_1|       pointer|
|forward_B_sel_1_ap_vld    |  out|    1|      ap_vld|  forward_B_sel_1|       pointer|
|forward_A_sel_1           |  out|    2|      ap_vld|  forward_A_sel_1|       pointer|
|forward_A_sel_1_ap_vld    |  out|    1|      ap_vld|  forward_A_sel_1|       pointer|
+--------------------------+-----+-----+------------+-----------------+--------------+

============================================================
+ Verbose Summary: Synthesis Manager
============================================================
InlineROM: 1
ExposeGlobal: 0
============================================================
+ Verbose Summary: CDFG Model
============================================================
IsTopModel: 0
ResetActiveHigh: 1
IsCombinational: 2
IsDatapathOnly: 2
HasWiredReturn: 1
HasMFsm: 0
HasVarLatency: 1
IsPipeline: 0
IsRtlPipelined: 0
IsInstanceOverlapped: 0
IsDontTouch: 0
HasImplIP: 0
IsGatedGlobalClock: 0


============================================================
+ Verbose Summary: Schedule
============================================================
* Number of FSM states : 3
* Pipeline : 0
* Dataflow Pipeline: 0

* FSM state transitions: 
1 --> 2 3 
2 --> 3 
3 --> 

* FSM state operations: 

State 1 <SV = 0> <Delay = 5.15>
ST_1 : Operation 4 [1/1] (0.00ns)   --->   "%wb_stage_instr_valid = load i1 %MEM_WB_valid" [../hls/pipeline_core_hls.cpp:25]   --->   Operation 4 'load' 'wb_stage_instr_valid' <Predicate = true> <Delay = 0.00>
ST_1 : Operation 5 [1/1] (0.00ns)   --->   "%wb_stage_instr_dest = load i2 %MEM_WB_dest" [../hls/pipeline_core_hls.cpp:25]   --->   Operation 5 'load' 'wb_stage_instr_dest' <Predicate = true> <Delay = 0.00>
ST_1 : Operation 6 [1/1] (0.00ns)   --->   "%sext_ln25 = sext i2 %wb_stage_instr_dest" [../hls/pipeline_core_hls.cpp:25]   --->   Operation 6 'sext' 'sext_ln25' <Predicate = true> <Delay = 0.00>
ST_1 : Operation 7 [1/1] (0.00ns)   --->   "%operand2 = load i1 %MEM_WB_outVal_V" [../hls/pipeline_core_hls.cpp:25]   --->   Operation 7 'load' 'operand2' <Predicate = true> <Delay = 0.00>
ST_1 : Operation 8 [1/1] (0.00ns)   --->   "%br_ln28 = br i1 %wb_stage_instr_valid, void %._crit_edge, void" [../hls/pipeline_core_hls.cpp:28]   --->   Operation 8 'br' 'br_ln28' <Predicate = true> <Delay = 0.00>
ST_1 : Operation 9 [1/1] (0.64ns)   --->   "%icmp_ln25 = icmp_eq  i2 %wb_stage_instr_dest, i2 3" [../hls/pipeline_core_hls.cpp:25]   --->   Operation 9 'icmp' 'icmp_ln25' <Predicate = (wb_stage_instr_valid)> <Delay = 0.64> <CoreInst = "Cmp">   --->   Core 9 'Cmp' <Latency = 0> <II = 1> <Delay = 0.64> <FuncUnit> <Opcode : 'icmp'> <InPorts = 2> <OutPorts = 1>
ST_1 : Operation 10 [1/1] (0.64ns)   --->   "%icmp_ln25_1 = icmp_eq  i2 %wb_stage_instr_dest, i2 0" [../hls/pipeline_core_hls.cpp:25]   --->   Operation 10 'icmp' 'icmp_ln25_1' <Predicate = (wb_stage_instr_valid)> <Delay = 0.64> <CoreInst = "Cmp">   --->   Core 9 'Cmp' <Latency = 0> <II = 1> <Delay = 0.64> <FuncUnit> <Opcode : 'icmp'> <InPorts = 2> <OutPorts = 1>
ST_1 : Operation 11 [1/1] (0.61ns)   --->   "%or_ln25 = or i1 %icmp_ln25_1, i1 %icmp_ln25" [../hls/pipeline_core_hls.cpp:25]   --->   Operation 11 'or' 'or_ln25' <Predicate = (wb_stage_instr_valid)> <Delay = 0.61> <CoreInst = "LogicGate">   --->   Core 74 'LogicGate' <Latency = 0> <II = 1> <Delay = 0.61> <FuncUnit> <Opcode : 'and' 'or' 'xor'> <InPorts = 2> <OutPorts = 1>
ST_1 : Operation 12 [1/1] (0.00ns)   --->   "%br_ln25 = br i1 %or_ln25, void, void %._crit_edge24" [../hls/pipeline_core_hls.cpp:25]   --->   Operation 12 'br' 'br_ln25' <Predicate = (wb_stage_instr_valid)> <Delay = 0.00>
ST_1 : Operation 13 [1/1] (0.00ns)   --->   "%sext_ln32 = sext i2 %wb_stage_instr_dest" [../hls/pipeline_core_hls.cpp:32]   --->   Operation 13 'sext' 'sext_ln32' <Predicate = (wb_stage_instr_valid & !or_ln25)> <Delay = 0.00>
ST_1 : Operation 14 [1/1] (0.00ns)   --->   "%RegisterFile_V_addr = getelementptr i1 %RegisterFile_V, i64 0, i64 %sext_ln32" [../hls/pipeline_core_hls.cpp:32]   --->   Operation 14 'getelementptr' 'RegisterFile_V_addr' <Predicate = (wb_stage_instr_valid & !or_ln25)> <Delay = 0.00>
ST_1 : Operation 15 [1/1] (1.42ns)   --->   "%store_ln32 = store i1 %operand2, i5 %RegisterFile_V_addr" [../hls/pipeline_core_hls.cpp:32]   --->   Operation 15 'store' 'store_ln32' <Predicate = (wb_stage_instr_valid & !or_ln25)> <Delay = 1.42> <CoreInst = "RAM">   --->   Core 82 'RAM' <Latency = 1> <II = 1> <Delay = 1.42> <Storage> <Opcode : 'load' 'store'> <Ports = 2> <Width = 1> <Depth = 32> <RAM>
ST_1 : Operation 16 [1/1] (0.00ns)   --->   "%br_ln33 = br void %._crit_edge24" [../hls/pipeline_core_hls.cpp:33]   --->   Operation 16 'br' 'br_ln33' <Predicate = (wb_stage_instr_valid & !or_ln25)> <Delay = 0.00>
ST_1 : Operation 17 [1/1] (0.00ns)   --->   "%br_ln34 = br void %._crit_edge" [../hls/pipeline_core_hls.cpp:34]   --->   Operation 17 'br' 'br_ln34' <Predicate = (wb_stage_instr_valid)> <Delay = 0.00>
ST_1 : Operation 18 [1/1] (0.00ns)   --->   "%EX_MEM_valid_load = load i1 %EX_MEM_valid" [../hls/pipeline_core_hls.cpp:37]   --->   Operation 18 'load' 'EX_MEM_valid_load' <Predicate = true> <Delay = 0.00>
ST_1 : Operation 19 [1/1] (0.00ns)   --->   "%EX_MEM_dest_load = load i2 %EX_MEM_dest" [../hls/pipeline_core_hls.cpp:37]   --->   Operation 19 'load' 'EX_MEM_dest_load' <Predicate = true> <Delay = 0.00>
ST_1 : Operation 20 [1/1] (0.00ns)   --->   "%operand2_1 = load i1 %EX_MEM_outVal_V" [../hls/pipeline_core_hls.cpp:37]   --->   Operation 20 'load' 'operand2_1' <Predicate = true> <Delay = 0.00>
ST_1 : Operation 21 [1/1] (0.00ns)   --->   "%store_ln37 = store i1 %EX_MEM_valid_load, i1 %MEM_WB_valid" [../hls/pipeline_core_hls.cpp:37]   --->   Operation 21 'store' 'store_ln37' <Predicate = true> <Delay = 0.00>
ST_1 : Operation 22 [1/1] (0.00ns)   --->   "%store_ln37 = store i2 %EX_MEM_dest_load, i2 %MEM_WB_dest" [../hls/pipeline_core_hls.cpp:37]   --->   Operation 22 'store' 'store_ln37' <Predicate = true> <Delay = 0.00>
ST_1 : Operation 23 [1/1] (0.00ns)   --->   "%ID_EX_valid_load = load i1 %ID_EX_valid" [../hls/pipeline_core_hls.cpp:57]   --->   Operation 23 'load' 'ID_EX_valid_load' <Predicate = true> <Delay = 0.00>
ST_1 : Operation 24 [1/1] (0.00ns)   --->   "%ID_EX_src1_load = load i2 %ID_EX_src1" [../hls/pipeline_core_hls.cpp:57]   --->   Operation 24 'load' 'ID_EX_src1_load' <Predicate = true> <Delay = 0.00>
ST_1 : Operation 25 [1/1] (0.00ns)   --->   "%ID_EX_src2_load = load i2 %ID_EX_src2" [../hls/pipeline_core_hls.cpp:57]   --->   Operation 25 'load' 'ID_EX_src2_load' <Predicate = true> <Delay = 0.00>
ST_1 : Operation 26 [1/1] (0.00ns)   --->   "%ID_EX_dest_load = load i2 %ID_EX_dest" [../hls/pipeline_core_hls.cpp:57]   --->   Operation 26 'load' 'ID_EX_dest_load' <Predicate = true> <Delay = 0.00>
ST_1 : Operation 27 [1/1] (0.00ns)   --->   "%store_ln57 = store i1 %ID_EX_valid_load, i1 %EX_MEM_valid" [../hls/pipeline_core_hls.cpp:57]   --->   Operation 27 'store' 'store_ln57' <Predicate = true> <Delay = 0.00>
ST_1 : Operation 28 [1/1] (0.00ns)   --->   "%store_ln57 = store i2 %ID_EX_dest_load, i2 %EX_MEM_dest" [../hls/pipeline_core_hls.cpp:57]   --->   Operation 28 'store' 'store_ln57' <Predicate = true> <Delay = 0.00>
ST_1 : Operation 29 [1/1] (0.00ns)   --->   "%store_ln37 = store i1 %operand2_1, i1 %MEM_WB_outVal_V" [../hls/pipeline_core_hls.cpp:37]   --->   Operation 29 'store' 'store_ln37' <Predicate = true> <Delay = 0.00>
ST_1 : Operation 30 [1/1] (0.00ns)   --->   "%PC_V_load = load i32 %PC_V"   --->   Operation 30 'load' 'PC_V_load' <Predicate = true> <Delay = 0.00>
ST_1 : Operation 31 [1/1] (0.00ns)   --->   "%IF_ID_valid_load = load i1 %IF_ID_valid" [../hls/pipeline_core_hls.cpp:184]   --->   Operation 31 'load' 'IF_ID_valid_load' <Predicate = true> <Delay = 0.00>
ST_1 : Operation 32 [1/1] (0.00ns)   --->   "%next_latch_pc_V = load i32 %IF_ID_pc_V" [../hls/pipeline_core_hls.cpp:214]   --->   Operation 32 'load' 'next_latch_pc_V' <Predicate = true> <Delay = 0.00>
ST_1 : Operation 33 [1/1] (1.02ns)   --->   "%br_ln62 = br i1 %ID_EX_valid_load, void %mergeST10, void %_ifconv" [../hls/pipeline_core_hls.cpp:62]   --->   Operation 33 'br' 'br_ln62' <Predicate = true> <Delay = 1.02>
ST_1 : Operation 34 [1/1] (0.64ns)   --->   "%icmp_ln65 = icmp_eq  i2 %EX_MEM_dest_load, i2 %ID_EX_src1_load" [../hls/pipeline_core_hls.cpp:65]   --->   Operation 34 'icmp' 'icmp_ln65' <Predicate = (ID_EX_valid_load)> <Delay = 0.64> <CoreInst = "Cmp">   --->   Core 9 'Cmp' <Latency = 0> <II = 1> <Delay = 0.64> <FuncUnit> <Opcode : 'icmp'> <InPorts = 2> <OutPorts = 1>
ST_1 : Operation 35 [1/1] (1.00ns)   --->   "%add_ln69 = add i3 %sext_ln25, i3 1" [../hls/pipeline_core_hls.cpp:69]   --->   Operation 35 'add' 'add_ln69' <Predicate = (ID_EX_valid_load)> <Delay = 1.00> <CoreInst = "Adder">   --->   Core 1 'Adder' <Latency = 0> <II = 1> <Delay = 1.16> <FuncUnit> <Opcode : 'add' 'sub'> <InPorts = 2> <OutPorts = 1>
ST_1 : Operation 36 [1/1] (0.00ns)   --->   "%tmp = partselect i2 @_ssdm_op_PartSelect.i2.i3.i32.i32, i3 %add_ln69, i32 1, i32 2" [../hls/pipeline_core_hls.cpp:69]   --->   Operation 36 'partselect' 'tmp' <Predicate = (ID_EX_valid_load)> <Delay = 0.00>
ST_1 : Operation 37 [1/1] (0.64ns)   --->   "%icmp_ln69 = icmp_ne  i2 %tmp, i2 0" [../hls/pipeline_core_hls.cpp:69]   --->   Operation 37 'icmp' 'icmp_ln69' <Predicate = (ID_EX_valid_load)> <Delay = 0.64> <CoreInst = "Cmp">   --->   Core 9 'Cmp' <Latency = 0> <II = 1> <Delay = 0.64> <FuncUnit> <Opcode : 'icmp'> <InPorts = 2> <OutPorts = 1>
ST_1 : Operation 38 [1/1] (0.61ns)   --->   "%and_ln69 = and i1 %wb_stage_instr_valid, i1 %icmp_ln69" [../hls/pipeline_core_hls.cpp:69]   --->   Operation 38 'and' 'and_ln69' <Predicate = (ID_EX_valid_load)> <Delay = 0.61> <CoreInst = "LogicGate">   --->   Core 74 'LogicGate' <Latency = 0> <II = 1> <Delay = 0.61> <FuncUnit> <Opcode : 'and' 'or' 'xor'> <InPorts = 2> <OutPorts = 1>
ST_1 : Operation 39 [1/1] (0.64ns)   --->   "%icmp_ln69_1 = icmp_eq  i2 %wb_stage_instr_dest, i2 %ID_EX_src1_load" [../hls/pipeline_core_hls.cpp:69]   --->   Operation 39 'icmp' 'icmp_ln69_1' <Predicate = (ID_EX_valid_load)> <Delay = 0.64> <CoreInst = "Cmp">   --->   Core 9 'Cmp' <Latency = 0> <II = 1> <Delay = 0.64> <FuncUnit> <Opcode : 'icmp'> <InPorts = 2> <OutPorts = 1>
ST_1 : Operation 40 [1/1] (0.00ns) (grouped into LUT with out node select_ln69)   --->   "%and_ln69_1 = and i1 %and_ln69, i1 %icmp_ln69_1" [../hls/pipeline_core_hls.cpp:69]   --->   Operation 40 'and' 'and_ln69_1' <Predicate = (ID_EX_valid_load)> <Delay = 0.00> <CoreInst = "LogicGate">   --->   Core 74 'LogicGate' <Latency = 0> <II = 1> <Delay = 0.61> <FuncUnit> <Opcode : 'and' 'or' 'xor'> <InPorts = 2> <OutPorts = 1>
ST_1 : Operation 41 [1/1] (0.62ns) (out node of the LUT)   --->   "%select_ln69 = select i1 %and_ln69_1, i2 2, i2 0" [../hls/pipeline_core_hls.cpp:69]   --->   Operation 41 'select' 'select_ln69' <Predicate = (ID_EX_valid_load)> <Delay = 0.62> <CoreInst = "Sel">   --->   Core 73 'Sel' <Latency = 0> <II = 1> <Delay = 0.65> <FuncUnit> <Opcode : 'select'> <InPorts = 3> <OutPorts = 1>
ST_1 : Operation 42 [1/1] (0.64ns)   --->   "%icmp_ln65_1 = icmp_ne  i2 %EX_MEM_dest_load, i2 3" [../hls/pipeline_core_hls.cpp:65]   --->   Operation 42 'icmp' 'icmp_ln65_1' <Predicate = (ID_EX_valid_load)> <Delay = 0.64> <CoreInst = "Cmp">   --->   Core 9 'Cmp' <Latency = 0> <II = 1> <Delay = 0.64> <FuncUnit> <Opcode : 'icmp'> <InPorts = 2> <OutPorts = 1>
ST_1 : Operation 43 [1/1] (0.64ns)   --->   "%icmp_ln65_2 = icmp_ne  i2 %EX_MEM_dest_load, i2 0" [../hls/pipeline_core_hls.cpp:65]   --->   Operation 43 'icmp' 'icmp_ln65_2' <Predicate = (ID_EX_valid_load)> <Delay = 0.64> <CoreInst = "Cmp">   --->   Core 9 'Cmp' <Latency = 0> <II = 1> <Delay = 0.64> <FuncUnit> <Opcode : 'icmp'> <InPorts = 2> <OutPorts = 1>
ST_1 : Operation 44 [1/1] (0.00ns) (grouped into LUT with out node and_ln65_2)   --->   "%and_ln65 = and i1 %EX_MEM_valid_load, i1 %icmp_ln65_1" [../hls/pipeline_core_hls.cpp:65]   --->   Operation 44 'and' 'and_ln65' <Predicate = (ID_EX_valid_load)> <Delay = 0.00> <CoreInst = "LogicGate">   --->   Core 74 'LogicGate' <Latency = 0> <II = 1> <Delay = 0.61> <FuncUnit> <Opcode : 'and' 'or' 'xor'> <InPorts = 2> <OutPorts = 1>
ST_1 : Operation 45 [1/1] (0.00ns) (grouped into LUT with out node and_ln65_2)   --->   "%and_ln65_1 = and i1 %icmp_ln65_2, i1 %icmp_ln65" [../hls/pipeline_core_hls.cpp:65]   --->   Operation 45 'and' 'and_ln65_1' <Predicate = (ID_EX_valid_load)> <Delay = 0.00> <CoreInst = "LogicGate">   --->   Core 74 'LogicGate' <Latency = 0> <II = 1> <Delay = 0.61> <FuncUnit> <Opcode : 'and' 'or' 'xor'> <InPorts = 2> <OutPorts = 1>
ST_1 : Operation 46 [1/1] (0.61ns) (out node of the LUT)   --->   "%and_ln65_2 = and i1 %and_ln65_1, i1 %and_ln65" [../hls/pipeline_core_hls.cpp:65]   --->   Operation 46 'and' 'and_ln65_2' <Predicate = (ID_EX_valid_load)> <Delay = 0.61> <CoreInst = "LogicGate">   --->   Core 74 'LogicGate' <Latency = 0> <II = 1> <Delay = 0.61> <FuncUnit> <Opcode : 'and' 'or' 'xor'> <InPorts = 2> <OutPorts = 1>
ST_1 : Operation 47 [1/1] (0.62ns)   --->   "%select_ln65 = select i1 %and_ln65_2, i2 1, i2 %select_ln69" [../hls/pipeline_core_hls.cpp:65]   --->   Operation 47 'select' 'select_ln65' <Predicate = (ID_EX_valid_load)> <Delay = 0.62> <CoreInst = "Sel">   --->   Core 73 'Sel' <Latency = 0> <II = 1> <Delay = 0.65> <FuncUnit> <Opcode : 'select'> <InPorts = 3> <OutPorts = 1>
ST_1 : Operation 48 [1/1] (0.64ns)   --->   "%icmp_ln76 = icmp_eq  i2 %EX_MEM_dest_load, i2 %ID_EX_src2_load" [../hls/pipeline_core_hls.cpp:76]   --->   Operation 48 'icmp' 'icmp_ln76' <Predicate = (ID_EX_valid_load)> <Delay = 0.64> <CoreInst = "Cmp">   --->   Core 9 'Cmp' <Latency = 0> <II = 1> <Delay = 0.64> <FuncUnit> <Opcode : 'icmp'> <InPorts = 2> <OutPorts = 1>
ST_1 : Operation 49 [1/1] (0.64ns)   --->   "%icmp_ln65_3 = icmp_eq  i2 %EX_MEM_dest_load, i2 3" [../hls/pipeline_core_hls.cpp:65]   --->   Operation 49 'icmp' 'icmp_ln65_3' <Predicate = (ID_EX_valid_load)> <Delay = 0.64> <CoreInst = "Cmp">   --->   Core 9 'Cmp' <Latency = 0> <II = 1> <Delay = 0.64> <FuncUnit> <Opcode : 'icmp'> <InPorts = 2> <OutPorts = 1>
ST_1 : Operation 50 [1/1] (0.64ns)   --->   "%icmp_ln65_4 = icmp_eq  i2 %EX_MEM_dest_load, i2 0" [../hls/pipeline_core_hls.cpp:65]   --->   Operation 50 'icmp' 'icmp_ln65_4' <Predicate = (ID_EX_valid_load)> <Delay = 0.64> <CoreInst = "Cmp">   --->   Core 9 'Cmp' <Latency = 0> <II = 1> <Delay = 0.64> <FuncUnit> <Opcode : 'icmp'> <InPorts = 2> <OutPorts = 1>
ST_1 : Operation 51 [1/1] (0.61ns)   --->   "%xor_ln37 = xor i1 %EX_MEM_valid_load, i1 1" [../hls/pipeline_core_hls.cpp:37]   --->   Operation 51 'xor' 'xor_ln37' <Predicate = (ID_EX_valid_load)> <Delay = 0.61> <CoreInst = "LogicGate">   --->   Core 74 'LogicGate' <Latency = 0> <II = 1> <Delay = 0.61> <FuncUnit> <Opcode : 'and' 'or' 'xor'> <InPorts = 2> <OutPorts = 1>
ST_1 : Operation 52 [1/1] (0.00ns) (grouped into LUT with out node and_ln65_3)   --->   "%xor_ln65 = xor i1 %icmp_ln65, i1 1" [../hls/pipeline_core_hls.cpp:65]   --->   Operation 52 'xor' 'xor_ln65' <Predicate = (ID_EX_valid_load)> <Delay = 0.00> <CoreInst = "LogicGate">   --->   Core 74 'LogicGate' <Latency = 0> <II = 1> <Delay = 0.61> <FuncUnit> <Opcode : 'and' 'or' 'xor'> <InPorts = 2> <OutPorts = 1>
ST_1 : Operation 53 [1/1] (0.00ns) (grouped into LUT with out node and_ln65_3)   --->   "%or_ln65 = or i1 %icmp_ln65_3, i1 %xor_ln37" [../hls/pipeline_core_hls.cpp:65]   --->   Operation 53 'or' 'or_ln65' <Predicate = (ID_EX_valid_load)> <Delay = 0.00> <CoreInst = "LogicGate">   --->   Core 74 'LogicGate' <Latency = 0> <II = 1> <Delay = 0.61> <FuncUnit> <Opcode : 'and' 'or' 'xor'> <InPorts = 2> <OutPorts = 1>
ST_1 : Operation 54 [1/1] (0.00ns) (grouped into LUT with out node and_ln65_3)   --->   "%or_ln65_1 = or i1 %icmp_ln65_4, i1 %xor_ln65" [../hls/pipeline_core_hls.cpp:65]   --->   Operation 54 'or' 'or_ln65_1' <Predicate = (ID_EX_valid_load)> <Delay = 0.00> <CoreInst = "LogicGate">   --->   Core 74 'LogicGate' <Latency = 0> <II = 1> <Delay = 0.61> <FuncUnit> <Opcode : 'and' 'or' 'xor'> <InPorts = 2> <OutPorts = 1>
ST_1 : Operation 55 [1/1] (0.00ns) (grouped into LUT with out node and_ln65_3)   --->   "%or_ln65_2 = or i1 %or_ln65_1, i1 %or_ln65" [../hls/pipeline_core_hls.cpp:65]   --->   Operation 55 'or' 'or_ln65_2' <Predicate = (ID_EX_valid_load)> <Delay = 0.00> <CoreInst = "LogicGate">   --->   Core 74 'LogicGate' <Latency = 0> <II = 1> <Delay = 0.61> <FuncUnit> <Opcode : 'and' 'or' 'xor'> <InPorts = 2> <OutPorts = 1>
ST_1 : Operation 56 [1/1] (0.61ns) (out node of the LUT)   --->   "%and_ln65_3 = and i1 %or_ln65_2, i1 %xor_ln37" [../hls/pipeline_core_hls.cpp:65]   --->   Operation 56 'and' 'and_ln65_3' <Predicate = (ID_EX_valid_load)> <Delay = 0.61> <CoreInst = "LogicGate">   --->   Core 74 'LogicGate' <Latency = 0> <II = 1> <Delay = 0.61> <FuncUnit> <Opcode : 'and' 'or' 'xor'> <InPorts = 2> <OutPorts = 1>
ST_1 : Operation 57 [1/1] (0.00ns) (grouped into LUT with out node select_ln65_2)   --->   "%select_ln65_1 = select i1 %and_ln65_3, i2 %select_ln69, i2 %select_ln65" [../hls/pipeline_core_hls.cpp:65]   --->   Operation 57 'select' 'select_ln65_1' <Predicate = (ID_EX_valid_load)> <Delay = 0.00> <CoreInst = "Sel">   --->   Core 73 'Sel' <Latency = 0> <II = 1> <Delay = 0.65> <FuncUnit> <Opcode : 'select'> <InPorts = 3> <OutPorts = 1>
ST_1 : Operation 58 [1/1] (0.64ns)   --->   "%icmp_ln80 = icmp_eq  i2 %wb_stage_instr_dest, i2 %ID_EX_src2_load" [../hls/pipeline_core_hls.cpp:80]   --->   Operation 58 'icmp' 'icmp_ln80' <Predicate = (ID_EX_valid_load)> <Delay = 0.64> <CoreInst = "Cmp">   --->   Core 9 'Cmp' <Latency = 0> <II = 1> <Delay = 0.64> <FuncUnit> <Opcode : 'icmp'> <InPorts = 2> <OutPorts = 1>
ST_1 : Operation 59 [1/1] (0.00ns) (grouped into LUT with out node select_ln65_4)   --->   "%and_ln80 = and i1 %and_ln69, i1 %icmp_ln80" [../hls/pipeline_core_hls.cpp:80]   --->   Operation 59 'and' 'and_ln80' <Predicate = (ID_EX_valid_load)> <Delay = 0.00> <CoreInst = "LogicGate">   --->   Core 74 'LogicGate' <Latency = 0> <II = 1> <Delay = 0.61> <FuncUnit> <Opcode : 'and' 'or' 'xor'> <InPorts = 2> <OutPorts = 1>
ST_1 : Operation 60 [1/1] (0.00ns) (grouped into LUT with out node and_ln65_6)   --->   "%or_ln65_3 = or i1 %EX_MEM_valid_load, i1 %and_ln65_2" [../hls/pipeline_core_hls.cpp:65]   --->   Operation 60 'or' 'or_ln65_3' <Predicate = (ID_EX_valid_load)> <Delay = 0.00> <CoreInst = "LogicGate">   --->   Core 74 'LogicGate' <Latency = 0> <II = 1> <Delay = 0.61> <FuncUnit> <Opcode : 'and' 'or' 'xor'> <InPorts = 2> <OutPorts = 1>
ST_1 : Operation 61 [1/1] (0.00ns) (grouped into LUT with out node and_ln65_6)   --->   "%and_ln65_4 = and i1 %icmp_ln65_2, i1 %icmp_ln76" [../hls/pipeline_core_hls.cpp:65]   --->   Operation 61 'and' 'and_ln65_4' <Predicate = (ID_EX_valid_load)> <Delay = 0.00> <CoreInst = "LogicGate">   --->   Core 74 'LogicGate' <Latency = 0> <II = 1> <Delay = 0.61> <FuncUnit> <Opcode : 'and' 'or' 'xor'> <InPorts = 2> <OutPorts = 1>
ST_1 : Operation 62 [1/1] (0.00ns) (grouped into LUT with out node and_ln65_6)   --->   "%and_ln65_5 = and i1 %icmp_ln65_1, i1 %or_ln65_3" [../hls/pipeline_core_hls.cpp:65]   --->   Operation 62 'and' 'and_ln65_5' <Predicate = (ID_EX_valid_load)> <Delay = 0.00> <CoreInst = "LogicGate">   --->   Core 74 'LogicGate' <Latency = 0> <II = 1> <Delay = 0.61> <FuncUnit> <Opcode : 'and' 'or' 'xor'> <InPorts = 2> <OutPorts = 1>
ST_1 : Operation 63 [1/1] (0.61ns) (out node of the LUT)   --->   "%and_ln65_6 = and i1 %and_ln65_5, i1 %and_ln65_4" [../hls/pipeline_core_hls.cpp:65]   --->   Operation 63 'and' 'and_ln65_6' <Predicate = (ID_EX_valid_load)> <Delay = 0.61> <CoreInst = "LogicGate">   --->   Core 74 'LogicGate' <Latency = 0> <II = 1> <Delay = 0.61> <FuncUnit> <Opcode : 'and' 'or' 'xor'> <InPorts = 2> <OutPorts = 1>
ST_1 : Operation 64 [1/1] (0.62ns) (out node of the LUT)   --->   "%select_ln65_2 = select i1 %and_ln65_6, i2 %select_ln65, i2 %select_ln65_1" [../hls/pipeline_core_hls.cpp:65]   --->   Operation 64 'select' 'select_ln65_2' <Predicate = (ID_EX_valid_load)> <Delay = 0.62> <CoreInst = "Sel">   --->   Core 73 'Sel' <Latency = 0> <II = 1> <Delay = 0.65> <FuncUnit> <Opcode : 'select'> <InPorts = 3> <OutPorts = 1>
ST_1 : Operation 65 [1/1] (0.00ns) (grouped into LUT with out node select_ln65_4)   --->   "%select_ln65_3 = select i1 %and_ln65_6, i2 1, i2 2" [../hls/pipeline_core_hls.cpp:65]   --->   Operation 65 'select' 'select_ln65_3' <Predicate = (ID_EX_valid_load)> <Delay = 0.00> <CoreInst = "Sel">   --->   Core 73 'Sel' <Latency = 0> <II = 1> <Delay = 0.65> <FuncUnit> <Opcode : 'select'> <InPorts = 3> <OutPorts = 1>
ST_1 : Operation 66 [1/1] (0.00ns) (grouped into LUT with out node select_ln65_4)   --->   "%or_ln65_4 = or i1 %and_ln65_6, i1 %and_ln80" [../hls/pipeline_core_hls.cpp:65]   --->   Operation 66 'or' 'or_ln65_4' <Predicate = (ID_EX_valid_load)> <Delay = 0.00> <CoreInst = "LogicGate">   --->   Core 74 'LogicGate' <Latency = 0> <II = 1> <Delay = 0.61> <FuncUnit> <Opcode : 'and' 'or' 'xor'> <InPorts = 2> <OutPorts = 1>
ST_1 : Operation 67 [1/1] (0.62ns) (out node of the LUT)   --->   "%select_ln65_4 = select i1 %or_ln65_4, i2 %select_ln65_3, i2 0" [../hls/pipeline_core_hls.cpp:65]   --->   Operation 67 'select' 'select_ln65_4' <Predicate = (ID_EX_valid_load)> <Delay = 0.62> <CoreInst = "Sel">   --->   Core 73 'Sel' <Latency = 0> <II = 1> <Delay = 0.65> <FuncUnit> <Opcode : 'select'> <InPorts = 3> <OutPorts = 1>
ST_1 : Operation 68 [1/1] (1.02ns)   --->   "%br_ln175 = br void %mergeST10" [../hls/pipeline_core_hls.cpp:175]   --->   Operation 68 'br' 'br_ln175' <Predicate = (ID_EX_valid_load)> <Delay = 1.02>
ST_1 : Operation 69 [1/1] (0.00ns)   --->   "%forward_A_sel_1_new_4 = phi i2 0, void %._crit_edge, i2 %select_ln65_2, void %_ifconv" [../hls/pipeline_core_hls.cpp:65]   --->   Operation 69 'phi' 'forward_A_sel_1_new_4' <Predicate = true> <Delay = 0.00>
ST_1 : Operation 70 [1/1] (0.00ns)   --->   "%forward_B_sel_1_new_1 = phi i2 0, void %._crit_edge, i2 %select_ln65_4, void %_ifconv" [../hls/pipeline_core_hls.cpp:65]   --->   Operation 70 'phi' 'forward_B_sel_1_new_1' <Predicate = true> <Delay = 0.00>
ST_1 : Operation 71 [1/1] (0.00ns)   --->   "%store_ln59 = store i2 %forward_B_sel_1_new_1, i2 %forward_B_sel_1" [../hls/pipeline_core_hls.cpp:59]   --->   Operation 71 'store' 'store_ln59' <Predicate = true> <Delay = 0.00>
ST_1 : Operation 72 [1/1] (0.00ns)   --->   "%store_ln58 = store i2 %forward_A_sel_1_new_4, i2 %forward_A_sel_1" [../hls/pipeline_core_hls.cpp:58]   --->   Operation 72 'store' 'store_ln58' <Predicate = true> <Delay = 0.00>
ST_1 : Operation 73 [1/1] (0.00ns)   --->   "%store_ln57 = store i1 0, i1 %EX_MEM_outVal_V" [../hls/pipeline_core_hls.cpp:57]   --->   Operation 73 'store' 'store_ln57' <Predicate = true> <Delay = 0.00>
ST_1 : Operation 74 [1/1] (0.00ns)   --->   "%br_ln184 = br i1 %IF_ID_valid_load, void, void %switch.edge" [../hls/pipeline_core_hls.cpp:184]   --->   Operation 74 'br' 'br_ln184' <Predicate = true> <Delay = 0.00>
ST_1 : Operation 75 [1/1] (1.02ns)   --->   "%store_ln41 = store i1 0, i1 %ID_EX_valid" [../hls/pipeline_core_hls.h:41]   --->   Operation 75 'store' 'store_ln41' <Predicate = (!IF_ID_valid_load)> <Delay = 1.02>
ST_1 : Operation 76 [1/1] (1.02ns)   --->   "%br_ln0 = br void %mergeST17"   --->   Operation 76 'br' 'br_ln0' <Predicate = (!IF_ID_valid_load)> <Delay = 1.02>

State 2 <SV = 1> <Delay = 1.42>
ST_2 : Operation 77 [2/2] (1.42ns)   --->   "%RegisterFile_V_load = load i1 0" [../hls/pipeline_core_hls.cpp:270]   --->   Operation 77 'load' 'RegisterFile_V_load' <Predicate = true> <Delay = 1.42> <CoreInst = "RAM">   --->   Core 82 'RAM' <Latency = 1> <II = 1> <Delay = 1.42> <Storage> <Opcode : 'load' 'store'> <Ports = 2> <Width = 1> <Depth = 32> <RAM>

State 3 <SV = 2> <Delay = 2.45>
ST_3 : Operation 78 [1/2] (1.42ns)   --->   "%RegisterFile_V_load = load i1 0" [../hls/pipeline_core_hls.cpp:270]   --->   Operation 78 'load' 'RegisterFile_V_load' <Predicate = (IF_ID_valid_load)> <Delay = 1.42> <CoreInst = "RAM">   --->   Core 82 'RAM' <Latency = 1> <II = 1> <Delay = 1.42> <Storage> <Opcode : 'load' 'store'> <Ports = 2> <Width = 1> <Depth = 32> <RAM>
ST_3 : Operation 79 [1/1] (1.02ns)   --->   "%store_ln274 = store i1 1, i1 %ID_EX_valid" [../hls/pipeline_core_hls.cpp:274]   --->   Operation 79 'store' 'store_ln274' <Predicate = (IF_ID_valid_load)> <Delay = 1.02>
ST_3 : Operation 80 [1/1] (1.02ns)   --->   "%br_ln275 = br void %mergeST17" [../hls/pipeline_core_hls.cpp:275]   --->   Operation 80 'br' 'br_ln275' <Predicate = (IF_ID_valid_load)> <Delay = 1.02>
ST_3 : Operation 81 [1/1] (0.00ns)   --->   "%storemerge18 = phi i32 %next_latch_pc_V, void %switch.edge, i32 0, void"   --->   Operation 81 'phi' 'storemerge18' <Predicate = true> <Delay = 0.00>
ST_3 : Operation 82 [1/1] (0.00ns) (grouped into LUT with out node select_ln41)   --->   "%storemerge13 = phi i1 0, void %switch.edge, i1 1, void"   --->   Operation 82 'phi' 'storemerge13' <Predicate = true> <Delay = 0.00>
ST_3 : Operation 83 [1/1] (0.00ns)   --->   "%storemerge9 = phi i1 %RegisterFile_V_load, void %switch.edge, i1 0, void" [../hls/pipeline_core_hls.cpp:270]   --->   Operation 83 'phi' 'storemerge9' <Predicate = true> <Delay = 0.00>
ST_3 : Operation 84 [1/1] (0.62ns) (out node of the LUT)   --->   "%select_ln41 = select i1 %storemerge13, i2 3, i2 0" [../hls/pipeline_core_hls.h:41]   --->   Operation 84 'select' 'select_ln41' <Predicate = true> <Delay = 0.62> <CoreInst = "Sel">   --->   Core 73 'Sel' <Latency = 0> <II = 1> <Delay = 0.65> <FuncUnit> <Opcode : 'select'> <InPorts = 3> <OutPorts = 1>
ST_3 : Operation 85 [1/1] (0.00ns)   --->   "%store_ln41 = store i32 %storemerge18, i32 %ID_EX_pc_V" [../hls/pipeline_core_hls.h:41]   --->   Operation 85 'store' 'store_ln41' <Predicate = true> <Delay = 0.00>
ST_3 : Operation 86 [1/1] (0.00ns)   --->   "%store_ln274 = store i2 %select_ln41, i2 %ID_EX_src1" [../hls/pipeline_core_hls.cpp:274]   --->   Operation 86 'store' 'store_ln274' <Predicate = true> <Delay = 0.00>
ST_3 : Operation 87 [1/1] (0.00ns)   --->   "%store_ln43 = store i2 3, i2 %ID_EX_src2" [../hls/pipeline_core_hls.h:43]   --->   Operation 87 'store' 'store_ln43' <Predicate = true> <Delay = 0.00>
ST_3 : Operation 88 [1/1] (0.00ns)   --->   "%store_ln274 = store i2 3, i2 %ID_EX_dest" [../hls/pipeline_core_hls.cpp:274]   --->   Operation 88 'store' 'store_ln274' <Predicate = true> <Delay = 0.00>
ST_3 : Operation 89 [1/1] (0.00ns)   --->   "%store_ln274 = store i1 %storemerge9, i1 %ID_EX_val1_V" [../hls/pipeline_core_hls.cpp:274]   --->   Operation 89 'store' 'store_ln274' <Predicate = true> <Delay = 0.00>
ST_3 : Operation 90 [1/1] (1.78ns)   --->   "%add_ln291 = add i32 %PC_V_load, i32 4" [../hls/pipeline_core_hls.cpp:291]   --->   Operation 90 'add' 'add_ln291' <Predicate = true> <Delay = 1.78> <CoreInst = "Adder">   --->   Core 1 'Adder' <Latency = 0> <II = 1> <Delay = 1.16> <FuncUnit> <Opcode : 'add' 'sub'> <InPorts = 2> <OutPorts = 1>
ST_3 : Operation 91 [1/1] (0.00ns)   --->   "%store_ln41 = store i32 %PC_V_load, i32 %IF_ID_pc_V" [../hls/pipeline_core_hls.h:41]   --->   Operation 91 'store' 'store_ln41' <Predicate = true> <Delay = 0.00>
ST_3 : Operation 92 [1/1] (0.00ns)   --->   "%store_ln41 = store i1 1, i1 %IF_ID_valid" [../hls/pipeline_core_hls.h:41]   --->   Operation 92 'store' 'store_ln41' <Predicate = true> <Delay = 0.00>
ST_3 : Operation 93 [1/1] (0.00ns)   --->   "%store_ln149 = store i32 %add_ln291, i32 %PC_V" [../hls/pipeline_core_hls.cpp:149]   --->   Operation 93 'store' 'store_ln149' <Predicate = true> <Delay = 0.00>
ST_3 : Operation 94 [1/1] (0.00ns)   --->   "%ret_ln293 = ret" [../hls/pipeline_core_hls.cpp:293]   --->   Operation 94 'ret' 'ret_ln293' <Predicate = true> <Delay = 0.00>


============================================================
+ Verbose Summary: Binding
============================================================
STG Binding: 
---------------- STG Properties BEGIN ----------------
- Is combinational: 0
- Is one-state seq: 0
- Is datapath-only: 0
- Is pipelined: 0
- Is top level: 0
Port [ Return ] is wired: 1; IO mode=ap_ctrl_hs:ce=0
Port [ MEM_WB_valid]:  wired=1; compound=0; hidden=0; nouse=0; global=1; static=1; extern=0; dir=2; type=0; pingpong=0; private_global=0; IO mode=ap_ovld:ce=0
Port [ MEM_WB_dest]:  wired=1; compound=0; hidden=0; nouse=0; global=1; static=1; extern=0; dir=2; type=0; pingpong=0; private_global=0; IO mode=ap_ovld:ce=0
Port [ MEM_WB_outVal_V]:  wired=1; compound=0; hidden=0; nouse=0; global=1; static=1; extern=0; dir=2; type=0; pingpong=0; private_global=0; IO mode=ap_ovld:ce=0
Port [ RegisterFile_V]:  wired=0; compound=1; hidden=1; nouse=0; global=1; static=1; extern=0; dir=2; type=1; pingpong=0; private_global=1; MemPort=[23]; IO mode=ap_memory:ce=0
Port [ EX_MEM_valid]:  wired=1; compound=0; hidden=0; nouse=0; global=1; static=1; extern=0; dir=2; type=0; pingpong=0; private_global=0; IO mode=ap_ovld:ce=0
Port [ EX_MEM_dest]:  wired=1; compound=0; hidden=0; nouse=0; global=1; static=1; extern=0; dir=2; type=0; pingpong=0; private_global=0; IO mode=ap_ovld:ce=0
Port [ EX_MEM_outVal_V]:  wired=1; compound=0; hidden=0; nouse=0; global=1; static=1; extern=0; dir=2; type=0; pingpong=0; private_global=0; IO mode=ap_ovld:ce=0
Port [ ID_EX_valid]:  wired=1; compound=0; hidden=0; nouse=0; global=1; static=1; extern=0; dir=2; type=0; pingpong=0; private_global=0; IO mode=ap_ovld:ce=0
Port [ ID_EX_src1]:  wired=1; compound=0; hidden=0; nouse=0; global=1; static=1; extern=0; dir=2; type=0; pingpong=0; private_global=0; IO mode=ap_ovld:ce=0
Port [ ID_EX_src2]:  wired=1; compound=0; hidden=0; nouse=0; global=1; static=1; extern=0; dir=2; type=0; pingpong=0; private_global=0; IO mode=ap_ovld:ce=0
Port [ ID_EX_dest]:  wired=1; compound=0; hidden=0; nouse=0; global=1; static=1; extern=0; dir=2; type=0; pingpong=0; private_global=0; IO mode=ap_ovld:ce=0
Port [ PC_V]:  wired=1; compound=0; hidden=0; nouse=0; global=1; static=1; extern=0; dir=2; type=0; pingpong=0; private_global=0; IO mode=ap_ovld:ce=0
Port [ IF_ID_valid]:  wired=1; compound=0; hidden=0; nouse=0; global=1; static=1; extern=0; dir=2; type=0; pingpong=0; private_global=0; IO mode=ap_ovld:ce=0
Port [ IF_ID_pc_V]:  wired=1; compound=0; hidden=0; nouse=0; global=1; static=1; extern=0; dir=2; type=0; pingpong=0; private_global=0; IO mode=ap_ovld:ce=0
Port [ ID_EX_pc_V]:  wired=1; compound=0; hidden=0; nouse=0; global=1; static=1; extern=0; dir=1; type=0; pingpong=0; private_global=0; IO mode=ap_vld:ce=0
Port [ ID_EX_val1_V]:  wired=1; compound=0; hidden=0; nouse=0; global=1; static=1; extern=0; dir=1; type=0; pingpong=0; private_global=0; IO mode=ap_vld:ce=0
Port [ forward_B_sel_1]:  wired=1; compound=0; hidden=0; nouse=0; global=1; static=1; extern=0; dir=1; type=0; pingpong=0; private_global=0; IO mode=ap_vld:ce=0
Port [ forward_A_sel_1]:  wired=1; compound=0; hidden=0; nouse=0; global=1; static=1; extern=0; dir=1; type=0; pingpong=0; private_global=0; IO mode=ap_vld:ce=0
---------------- STG Properties END ------------------

---------------- Datapath Model BEGIN ----------------

<LifeTime>
<method=bitvector/>
wb_stage_instr_valid  (load         ) [ 0100]
wb_stage_instr_dest   (load         ) [ 0000]
sext_ln25             (sext         ) [ 0000]
operand2              (load         ) [ 0000]
br_ln28               (br           ) [ 0000]
icmp_ln25             (icmp         ) [ 0000]
icmp_ln25_1           (icmp         ) [ 0000]
or_ln25               (or           ) [ 0100]
br_ln25               (br           ) [ 0000]
sext_ln32             (sext         ) [ 0000]
RegisterFile_V_addr   (getelementptr) [ 0000]
store_ln32            (store        ) [ 0000]
br_ln33               (br           ) [ 0000]
br_ln34               (br           ) [ 0000]
EX_MEM_valid_load     (load         ) [ 0000]
EX_MEM_dest_load      (load         ) [ 0000]
operand2_1            (load         ) [ 0000]
store_ln37            (store        ) [ 0000]
store_ln37            (store        ) [ 0000]
ID_EX_valid_load      (load         ) [ 0100]
ID_EX_src1_load       (load         ) [ 0000]
ID_EX_src2_load       (load         ) [ 0000]
ID_EX_dest_load       (load         ) [ 0000]
store_ln57            (store        ) [ 0000]
store_ln57            (store        ) [ 0000]
store_ln37            (store        ) [ 0000]
PC_V_load             (load         ) [ 0011]
IF_ID_valid_load      (load         ) [ 0111]
next_latch_pc_V       (load         ) [ 0111]
br_ln62               (br           ) [ 0000]
icmp_ln65             (icmp         ) [ 0000]
add_ln69              (add          ) [ 0000]
tmp                   (partselect   ) [ 0000]
icmp_ln69             (icmp         ) [ 0000]
and_ln69              (and          ) [ 0000]
icmp_ln69_1           (icmp         ) [ 0000]
and_ln69_1            (and          ) [ 0000]
select_ln69           (select       ) [ 0000]
icmp_ln65_1           (icmp         ) [ 0000]
icmp_ln65_2           (icmp         ) [ 0000]
and_ln65              (and          ) [ 0000]
and_ln65_1            (and          ) [ 0000]
and_ln65_2            (and          ) [ 0000]
select_ln65           (select       ) [ 0000]
icmp_ln76             (icmp         ) [ 0000]
icmp_ln65_3           (icmp         ) [ 0000]
icmp_ln65_4           (icmp         ) [ 0000]
xor_ln37              (xor          ) [ 0000]
xor_ln65              (xor          ) [ 0000]
or_ln65               (or           ) [ 0000]
or_ln65_1             (or           ) [ 0000]
or_ln65_2             (or           ) [ 0000]
and_ln65_3            (and          ) [ 0000]
select_ln65_1         (select       ) [ 0000]
icmp_ln80             (icmp         ) [ 0000]
and_ln80              (and          ) [ 0000]
or_ln65_3             (or           ) [ 0000]
and_ln65_4            (and          ) [ 0000]
and_ln65_5            (and          ) [ 0000]
and_ln65_6            (and          ) [ 0000]
select_ln65_2         (select       ) [ 0000]
select_ln65_3         (select       ) [ 0000]
or_ln65_4             (or           ) [ 0000]
select_ln65_4         (select       ) [ 0000]
br_ln175              (br           ) [ 0000]
forward_A_sel_1_new_4 (phi          ) [ 0000]
forward_B_sel_1_new_1 (phi          ) [ 0000]
store_ln59            (store        ) [ 0000]
store_ln58            (store        ) [ 0000]
store_ln57            (store        ) [ 0000]
br_ln184              (br           ) [ 0000]
store_ln41            (store        ) [ 0000]
br_ln0                (br           ) [ 0111]
RegisterFile_V_load   (load         ) [ 0000]
store_ln274           (store        ) [ 0000]
br_ln275              (br           ) [ 0000]
storemerge18          (phi          ) [ 0001]
storemerge13          (phi          ) [ 0001]
storemerge9           (phi          ) [ 0001]
select_ln41           (select       ) [ 0000]
store_ln41            (store        ) [ 0000]
store_ln274           (store        ) [ 0000]
store_ln43            (store        ) [ 0000]
store_ln274           (store        ) [ 0000]
store_ln274           (store        ) [ 0000]
add_ln291             (add          ) [ 0000]
store_ln41            (store        ) [ 0000]
store_ln41            (store        ) [ 0000]
store_ln149           (store        ) [ 0000]
ret_ln293             (ret          ) [ 0000]
</LifeTime>

<model>

<comp_list>
<comp id="0" class="1000" name="MEM_WB_valid">
<pin_list>
<pin id="1" dir="1" index="0" bw="1" slack="0"/>
</pin_list>
<bind>
<StgValue><ssdm name="MEM_WB_valid"/></StgValue>
</bind>
</comp>

<comp id="2" class="1000" name="MEM_WB_dest">
<pin_list>
<pin id="3" dir="1" index="0" bw="1" slack="0"/>
</pin_list>
<bind>
<StgValue><ssdm name="MEM_WB_dest"/></StgValue>
</bind>
</comp>

<comp id="4" class="1000" name="MEM_WB_outVal_V">
<pin_list>
<pin id="5" dir="1" index="0" bw="1" slack="0"/>
</pin_list>
<bind>
<StgValue><ssdm name="MEM_WB_outVal_V"/></StgValue>
</bind>
</comp>

<comp id="6" class="1000" name="RegisterFile_V">
<pin_list>
<pin id="7" dir="1" index="0" bw="1" slack="0"/>
</pin_list>
<bind>
<StgValue><ssdm name="RegisterFile_V"/><MemPortTyVec>2 3 </MemPortTyVec>
</StgValue>
</bind>
</comp>

<comp id="8" class="1000" name="EX_MEM_valid">
<pin_list>
<pin id="9" dir="1" index="0" bw="1" slack="0"/>
</pin_list>
<bind>
<StgValue><ssdm name="EX_MEM_valid"/></StgValue>
</bind>
</comp>

<comp id="10" class="1000" name="EX_MEM_dest">
<pin_list>
<pin id="11" dir="1" index="0" bw="1" slack="0"/>
</pin_list>
<bind>
<StgValue><ssdm name="EX_MEM_dest"/></StgValue>
</bind>
</comp>

<comp id="12" class="1000" name="EX_MEM_outVal_V">
<pin_list>
<pin id="13" dir="1" index="0" bw="1" slack="0"/>
</pin_list>
<bind>
<StgValue><ssdm name="EX_MEM_outVal_V"/></StgValue>
</bind>
</comp>

<comp id="14" class="1000" name="ID_EX_valid">
<pin_list>
<pin id="15" dir="1" index="0" bw="1" slack="0"/>
</pin_list>
<bind>
<StgValue><ssdm name="ID_EX_valid"/></StgValue>
</bind>
</comp>

<comp id="16" class="1000" name="ID_EX_src1">
<pin_list>
<pin id="17" dir="1" index="0" bw="1" slack="0"/>
</pin_list>
<bind>
<StgValue><ssdm name="ID_EX_src1"/></StgValue>
</bind>
</comp>

<comp id="18" class="1000" name="ID_EX_src2">
<pin_list>
<pin id="19" dir="1" index="0" bw="1" slack="0"/>
</pin_list>
<bind>
<StgValue><ssdm name="ID_EX_src2"/></StgValue>
</bind>
</comp>

<comp id="20" class="1000" name="ID_EX_dest">
<pin_list>
<pin id="21" dir="1" index="0" bw="1" slack="0"/>
</pin_list>
<bind>
<StgValue><ssdm name="ID_EX_dest"/></StgValue>
</bind>
</comp>

<comp id="22" class="1000" name="PC_V">
<pin_list>
<pin id="23" dir="1" index="0" bw="1" slack="0"/>
</pin_list>
<bind>
<StgValue><ssdm name="PC_V"/></StgValue>
</bind>
</comp>

<comp id="24" class="1000" name="IF_ID_valid">
<pin_list>
<pin id="25" dir="1" index="0" bw="1" slack="0"/>
</pin_list>
<bind>
<StgValue><ssdm name="IF_ID_valid"/></StgValue>
</bind>
</comp>

<comp id="26" class="1000" name="IF_ID_pc_V">
<pin_list>
<pin id="27" dir="1" index="0" bw="1" slack="0"/>
</pin_list>
<bind>
<StgValue><ssdm name="IF_ID_pc_V"/></StgValue>
</bind>
</comp>

<comp id="28" class="1000" name="ID_EX_pc_V">
<pin_list>
<pin id="29" dir="1" index="0" bw="1" slack="0"/>
</pin_list>
<bind>
<StgValue><ssdm name="ID_EX_pc_V"/></StgValue>
</bind>
</comp>

<comp id="30" class="1000" name="ID_EX_val1_V">
<pin_list>
<pin id="31" dir="1" index="0" bw="1" slack="0"/>
</pin_list>
<bind>
<StgValue><ssdm name="ID_EX_val1_V"/></StgValue>
</bind>
</comp>

<comp id="32" class="1000" name="forward_B_sel_1">
<pin_list>
<pin id="33" dir="1" index="0" bw="1" slack="0"/>
</pin_list>
<bind>
<StgValue><ssdm name="forward_B_sel_1"/></StgValue>
</bind>
</comp>

<comp id="34" class="1000" name="forward_A_sel_1">
<pin_list>
<pin id="35" dir="1" index="0" bw="1" slack="0"/>
</pin_list>
<bind>
<StgValue><ssdm name="forward_A_sel_1"/></StgValue>
</bind>
</comp>

<comp id="36" class="1001" name="const_36">
<pin_list>
<pin id="37" dir="1" index="0" bw="1" slack="0"/>
</pin_list>
<bind>
<StgValue><ssdm name=""/></StgValue>
</bind>
</comp>

<comp id="38" class="1001" name="const_38">
<pin_list>
<pin id="39" dir="1" index="0" bw="1" slack="0"/>
</pin_list>
<bind>
<StgValue><ssdm name=""/></StgValue>
</bind>
</comp>

<comp id="40" class="1001" name="const_40">
<pin_list>
<pin id="41" dir="1" index="0" bw="1" slack="0"/>
</pin_list>
<bind>
<StgValue><ssdm name=""/></StgValue>
</bind>
</comp>

<comp id="42" class="1001" name="const_42">
<pin_list>
<pin id="43" dir="1" index="0" bw="1" slack="0"/>
</pin_list>
<bind>
<StgValue><ssdm name=""/></StgValue>
</bind>
</comp>

<comp id="44" class="1001" name="const_44">
<pin_list>
<pin id="45" dir="1" index="0" bw="1" slack="0"/>
</pin_list>
<bind>
<StgValue><ssdm name="_ssdm_op_PartSelect.i2.i3.i32.i32"/></StgValue>
</bind>
</comp>

<comp id="46" class="1001" name="const_46">
<pin_list>
<pin id="47" dir="1" index="0" bw="1" slack="0"/>
</pin_list>
<bind>
<StgValue><ssdm name=""/></StgValue>
</bind>
</comp>

<comp id="48" class="1001" name="const_48">
<pin_list>
<pin id="49" dir="1" index="0" bw="1" slack="0"/>
</pin_list>
<bind>
<StgValue><ssdm name=""/></StgValue>
</bind>
</comp>

<comp id="50" class="1001" name="const_50">
<pin_list>
<pin id="51" dir="1" index="0" bw="1" slack="0"/>
</pin_list>
<bind>
<StgValue><ssdm name=""/></StgValue>
</bind>
</comp>

<comp id="52" class="1001" name="const_52">
<pin_list>
<pin id="53" dir="1" index="0" bw="1" slack="0"/>
</pin_list>
<bind>
<StgValue><ssdm name=""/></StgValue>
</bind>
</comp>

<comp id="54" class="1001" name="const_54">
<pin_list>
<pin id="55" dir="1" index="0" bw="1" slack="0"/>
</pin_list>
<bind>
<StgValue><ssdm name=""/></StgValue>
</bind>
</comp>

<comp id="56" class="1001" name="const_56">
<pin_list>
<pin id="57" dir="1" index="0" bw="1" slack="0"/>
</pin_list>
<bind>
<StgValue><ssdm name=""/></StgValue>
</bind>
</comp>

<comp id="58" class="1001" name="const_58">
<pin_list>
<pin id="59" dir="1" index="0" bw="1" slack="0"/>
</pin_list>
<bind>
<StgValue><ssdm name=""/></StgValue>
</bind>
</comp>

<comp id="60" class="1001" name="const_60">
<pin_list>
<pin id="61" dir="1" index="0" bw="1" slack="2"/>
</pin_list>
<bind>
<StgValue><ssdm name=""/></StgValue>
</bind>
</comp>

<comp id="62" class="1001" name="const_62">
<pin_list>
<pin id="63" dir="1" index="0" bw="1" slack="0"/>
</pin_list>
<bind>
<StgValue><ssdm name=""/></StgValue>
</bind>
</comp>

<comp id="64" class="1004" name="RegisterFile_V_addr_gep_fu_64">
<pin_list>
<pin id="65" dir="0" index="0" bw="1" slack="0"/>
<pin id="66" dir="0" index="1" bw="1" slack="0"/>
<pin id="67" dir="0" index="2" bw="2" slack="0"/>
<pin id="68" dir="1" index="3" bw="5" slack="0"/>
</pin_list>
<bind>
<opcode="getelementptr(29) " fcode="getelementptr"/>
<opset="RegisterFile_V_addr/1 "/>
</bind>
</comp>

<comp id="71" class="1004" name="grp_access_fu_71">
<pin_list>
<pin id="72" dir="0" index="0" bw="5" slack="0"/>
<pin id="73" dir="0" index="1" bw="1" slack="0"/>
<pin id="74" dir="0" index="2" bw="0" slack="2147483647"/>
<pin id="75" dir="1" index="3" bw="1" slack="0"/>
</pin_list>
<bind>
<opcode="load(27) store(28) " fcode="load"/>
<opset="store_ln32/1 RegisterFile_V_load/2 "/>
</bind>
</comp>

<comp id="78" class="1005" name="forward_A_sel_1_new_4_reg_78">
<pin_list>
<pin id="79" dir="0" index="0" bw="2" slack="2147483647"/>
<pin id="80" dir="1" index="1" bw="2" slack="2147483647"/>
</pin_list>
<bind>
<opset="forward_A_sel_1_new_4 (phireg) "/>
</bind>
</comp>

<comp id="81" class="1004" name="forward_A_sel_1_new_4_phi_fu_81">
<pin_list>
<pin id="82" dir="0" index="0" bw="1" slack="0"/>
<pin id="83" dir="0" index="1" bw="0" slack="2147483647"/>
<pin id="84" dir="0" index="2" bw="2" slack="0"/>
<pin id="85" dir="0" index="3" bw="0" slack="2147483647"/>
<pin id="86" dir="1" index="4" bw="2" slack="0"/>
</pin_list>
<bind>
<opcode="phi(47) " fcode="phi"/>
<opset="forward_A_sel_1_new_4/1 "/>
</bind>
</comp>

<comp id="88" class="1005" name="forward_B_sel_1_new_1_reg_88">
<pin_list>
<pin id="89" dir="0" index="0" bw="2" slack="2147483647"/>
<pin id="90" dir="1" index="1" bw="2" slack="2147483647"/>
</pin_list>
<bind>
<opset="forward_B_sel_1_new_1 (phireg) "/>
</bind>
</comp>

<comp id="91" class="1004" name="forward_B_sel_1_new_1_phi_fu_91">
<pin_list>
<pin id="92" dir="0" index="0" bw="1" slack="0"/>
<pin id="93" dir="0" index="1" bw="0" slack="2147483647"/>
<pin id="94" dir="0" index="2" bw="2" slack="0"/>
<pin id="95" dir="0" index="3" bw="0" slack="2147483647"/>
<pin id="96" dir="1" index="4" bw="2" slack="0"/>
</pin_list>
<bind>
<opcode="phi(47) " fcode="phi"/>
<opset="forward_B_sel_1_new_1/1 "/>
</bind>
</comp>

<comp id="98" class="1005" name="storemerge18_reg_98">
<pin_list>
<pin id="99" dir="0" index="0" bw="32" slack="2"/>
<pin id="100" dir="1" index="1" bw="32" slack="2"/>
</pin_list>
<bind>
<opset="storemerge18 (phireg) "/>
</bind>
</comp>

<comp id="102" class="1004" name="storemerge18_phi_fu_102">
<pin_list>
<pin id="103" dir="0" index="0" bw="32" slack="2147483647"/>
<pin id="104" dir="0" index="1" bw="0" slack="2147483647"/>
<pin id="105" dir="0" index="2" bw="1" slack="2"/>
<pin id="106" dir="0" index="3" bw="0" slack="2147483647"/>
<pin id="107" dir="1" index="4" bw="32" slack="0"/>
</pin_list>
<bind>
<opcode="phi(47) " fcode="phi"/>
<opset="storemerge18/3 "/>
</bind>
</comp>

<comp id="109" class="1005" name="storemerge13_reg_109">
<pin_list>
<pin id="110" dir="0" index="0" bw="1" slack="2"/>
<pin id="111" dir="1" index="1" bw="1" slack="2"/>
</pin_list>
<bind>
<opset="storemerge13 (phireg) "/>
</bind>
</comp>

<comp id="113" class="1004" name="storemerge13_phi_fu_113">
<pin_list>
<pin id="114" dir="0" index="0" bw="1" slack="0"/>
<pin id="115" dir="0" index="1" bw="0" slack="2147483647"/>
<pin id="116" dir="0" index="2" bw="1" slack="2"/>
<pin id="117" dir="0" index="3" bw="0" slack="2147483647"/>
<pin id="118" dir="1" index="4" bw="1" slack="0"/>
</pin_list>
<bind>
<opcode="phi(47) " fcode="phi"/>
<opset="storemerge13/3 "/>
</bind>
</comp>

<comp id="121" class="1005" name="storemerge9_reg_121">
<pin_list>
<pin id="122" dir="0" index="0" bw="1" slack="2"/>
<pin id="123" dir="1" index="1" bw="1" slack="2"/>
</pin_list>
<bind>
<opset="storemerge9 (phireg) "/>
</bind>
</comp>

<comp id="125" class="1004" name="storemerge9_phi_fu_125">
<pin_list>
<pin id="126" dir="0" index="0" bw="1" slack="0"/>
<pin id="127" dir="0" index="1" bw="0" slack="2147483647"/>
<pin id="128" dir="0" index="2" bw="1" slack="2"/>
<pin id="129" dir="0" index="3" bw="0" slack="2147483647"/>
<pin id="130" dir="1" index="4" bw="1" slack="0"/>
</pin_list>
<bind>
<opcode="phi(47) " fcode="phi"/>
<opset="storemerge9/3 "/>
</bind>
</comp>

<comp id="133" class="1004" name="wb_stage_instr_valid_load_fu_133">
<pin_list>
<pin id="134" dir="0" index="0" bw="1" slack="0"/>
<pin id="135" dir="1" index="1" bw="1" slack="0"/>
</pin_list>
<bind>
<opcode="load(27) " fcode="load"/>
<opset="wb_stage_instr_valid/1 "/>
</bind>
</comp>

<comp id="137" class="1004" name="wb_stage_instr_dest_load_fu_137">
<pin_list>
<pin id="138" dir="0" index="0" bw="2" slack="0"/>
<pin id="139" dir="1" index="1" bw="2" slack="0"/>
</pin_list>
<bind>
<opcode="load(27) " fcode="load"/>
<opset="wb_stage_instr_dest/1 "/>
</bind>
</comp>

<comp id="141" class="1004" name="sext_ln25_fu_141">
<pin_list>
<pin id="142" dir="0" index="0" bw="2" slack="0"/>
<pin id="143" dir="1" index="1" bw="3" slack="0"/>
</pin_list>
<bind>
<opcode="sext(35) " fcode="sext"/>
<opset="sext_ln25/1 "/>
</bind>
</comp>

<comp id="145" class="1004" name="operand2_load_fu_145">
<pin_list>
<pin id="146" dir="0" index="0" bw="1" slack="0"/>
<pin id="147" dir="1" index="1" bw="1" slack="0"/>
</pin_list>
<bind>
<opcode="load(27) " fcode="load"/>
<opset="operand2/1 "/>
</bind>
</comp>

<comp id="150" class="1004" name="icmp_ln25_fu_150">
<pin_list>
<pin id="151" dir="0" index="0" bw="2" slack="0"/>
<pin id="152" dir="0" index="1" bw="2" slack="0"/>
<pin id="153" dir="1" index="2" bw="1" slack="0"/>
</pin_list>
<bind>
<opcode="icmp(45) " fcode="icmp"/>
<opset="icmp_ln25/1 "/>
</bind>
</comp>

<comp id="156" class="1004" name="icmp_ln25_1_fu_156">
<pin_list>
<pin id="157" dir="0" index="0" bw="2" slack="0"/>
<pin id="158" dir="0" index="1" bw="2" slack="0"/>
<pin id="159" dir="1" index="2" bw="1" slack="0"/>
</pin_list>
<bind>
<opcode="icmp(45) " fcode="icmp"/>
<opset="icmp_ln25_1/1 "/>
</bind>
</comp>

<comp id="162" class="1004" name="or_ln25_fu_162">
<pin_list>
<pin id="163" dir="0" index="0" bw="1" slack="0"/>
<pin id="164" dir="0" index="1" bw="1" slack="0"/>
<pin id="165" dir="1" index="2" bw="1" slack="2147483647"/>
</pin_list>
<bind>
<opcode="or(24) " fcode="or"/>
<opset="or_ln25/1 "/>
</bind>
</comp>

<comp id="168" class="1004" name="sext_ln32_fu_168">
<pin_list>
<pin id="169" dir="0" index="0" bw="2" slack="0"/>
<pin id="170" dir="1" index="1" bw="64" slack="0"/>
</pin_list>
<bind>
<opcode="sext(35) " fcode="sext"/>
<opset="sext_ln32/1 "/>
</bind>
</comp>

<comp id="173" class="1004" name="EX_MEM_valid_load_load_fu_173">
<pin_list>
<pin id="174" dir="0" index="0" bw="1" slack="0"/>
<pin id="175" dir="1" index="1" bw="1" slack="0"/>
</pin_list>
<bind>
<opcode="load(27) " fcode="load"/>
<opset="EX_MEM_valid_load/1 "/>
</bind>
</comp>

<comp id="177" class="1004" name="EX_MEM_dest_load_load_fu_177">
<pin_list>
<pin id="178" dir="0" index="0" bw="2" slack="0"/>
<pin id="179" dir="1" index="1" bw="2" slack="0"/>
</pin_list>
<bind>
<opcode="load(27) " fcode="load"/>
<opset="EX_MEM_dest_load/1 "/>
</bind>
</comp>

<comp id="181" class="1004" name="operand2_1_load_fu_181">
<pin_list>
<pin id="182" dir="0" index="0" bw="1" slack="0"/>
<pin id="183" dir="1" index="1" bw="1" slack="0"/>
</pin_list>
<bind>
<opcode="load(27) " fcode="load"/>
<opset="operand2_1/1 "/>
</bind>
</comp>

<comp id="185" class="1004" name="store_ln37_store_fu_185">
<pin_list>
<pin id="186" dir="0" index="0" bw="1" slack="0"/>
<pin id="187" dir="0" index="1" bw="1" slack="0"/>
<pin id="188" dir="1" index="2" bw="0" slack="2147483647"/>
</pin_list>
<bind>
<opcode="store(28) " fcode="store"/>
<opset="store_ln37/1 "/>
</bind>
</comp>

<comp id="191" class="1004" name="store_ln37_store_fu_191">
<pin_list>
<pin id="192" dir="0" index="0" bw="2" slack="0"/>
<pin id="193" dir="0" index="1" bw="2" slack="0"/>
<pin id="194" dir="1" index="2" bw="0" slack="2147483647"/>
</pin_list>
<bind>
<opcode="store(28) " fcode="store"/>
<opset="store_ln37/1 "/>
</bind>
</comp>

<comp id="197" class="1004" name="ID_EX_valid_load_load_fu_197">
<pin_list>
<pin id="198" dir="0" index="0" bw="1" slack="0"/>
<pin id="199" dir="1" index="1" bw="1" slack="0"/>
</pin_list>
<bind>
<opcode="load(27) " fcode="load"/>
<opset="ID_EX_valid_load/1 "/>
</bind>
</comp>

<comp id="201" class="1004" name="ID_EX_src1_load_load_fu_201">
<pin_list>
<pin id="202" dir="0" index="0" bw="2" slack="0"/>
<pin id="203" dir="1" index="1" bw="2" slack="0"/>
</pin_list>
<bind>
<opcode="load(27) " fcode="load"/>
<opset="ID_EX_src1_load/1 "/>
</bind>
</comp>

<comp id="205" class="1004" name="ID_EX_src2_load_load_fu_205">
<pin_list>
<pin id="206" dir="0" index="0" bw="2" slack="0"/>
<pin id="207" dir="1" index="1" bw="2" slack="0"/>
</pin_list>
<bind>
<opcode="load(27) " fcode="load"/>
<opset="ID_EX_src2_load/1 "/>
</bind>
</comp>

<comp id="209" class="1004" name="ID_EX_dest_load_load_fu_209">
<pin_list>
<pin id="210" dir="0" index="0" bw="2" slack="0"/>
<pin id="211" dir="1" index="1" bw="2" slack="0"/>
</pin_list>
<bind>
<opcode="load(27) " fcode="load"/>
<opset="ID_EX_dest_load/1 "/>
</bind>
</comp>

<comp id="213" class="1004" name="store_ln57_store_fu_213">
<pin_list>
<pin id="214" dir="0" index="0" bw="1" slack="0"/>
<pin id="215" dir="0" index="1" bw="1" slack="0"/>
<pin id="216" dir="1" index="2" bw="0" slack="2147483647"/>
</pin_list>
<bind>
<opcode="store(28) " fcode="store"/>
<opset="store_ln57/1 "/>
</bind>
</comp>

<comp id="219" class="1004" name="store_ln57_store_fu_219">
<pin_list>
<pin id="220" dir="0" index="0" bw="2" slack="0"/>
<pin id="221" dir="0" index="1" bw="2" slack="0"/>
<pin id="222" dir="1" index="2" bw="0" slack="2147483647"/>
</pin_list>
<bind>
<opcode="store(28) " fcode="store"/>
<opset="store_ln57/1 "/>
</bind>
</comp>

<comp id="225" class="1004" name="store_ln37_store_fu_225">
<pin_list>
<pin id="226" dir="0" index="0" bw="1" slack="0"/>
<pin id="227" dir="0" index="1" bw="1" slack="0"/>
<pin id="228" dir="1" index="2" bw="0" slack="2147483647"/>
</pin_list>
<bind>
<opcode="store(28) " fcode="store"/>
<opset="store_ln37/1 "/>
</bind>
</comp>

<comp id="231" class="1004" name="PC_V_load_load_fu_231">
<pin_list>
<pin id="232" dir="0" index="0" bw="32" slack="0"/>
<pin id="233" dir="1" index="1" bw="32" slack="2147483647"/>
</pin_list>
<bind>
<opcode="load(27) " fcode="load"/>
<opset="PC_V_load/1 "/>
</bind>
</comp>

<comp id="235" class="1004" name="IF_ID_valid_load_load_fu_235">
<pin_list>
<pin id="236" dir="0" index="0" bw="1" slack="0"/>
<pin id="237" dir="1" index="1" bw="1" slack="2"/>
</pin_list>
<bind>
<opcode="load(27) " fcode="load"/>
<opset="IF_ID_valid_load/1 "/>
</bind>
</comp>

<comp id="239" class="1004" name="next_latch_pc_V_load_fu_239">
<pin_list>
<pin id="240" dir="0" index="0" bw="32" slack="0"/>
<pin id="241" dir="1" index="1" bw="32" slack="2147483647"/>
</pin_list>
<bind>
<opcode="load(27) " fcode="load"/>
<opset="next_latch_pc_V/1 "/>
</bind>
</comp>

<comp id="243" class="1004" name="icmp_ln65_fu_243">
<pin_list>
<pin id="244" dir="0" index="0" bw="2" slack="0"/>
<pin id="245" dir="0" index="1" bw="2" slack="0"/>
<pin id="246" dir="1" index="2" bw="1" slack="0"/>
</pin_list>
<bind>
<opcode="icmp(45) " fcode="icmp"/>
<opset="icmp_ln65/1 "/>
</bind>
</comp>

<comp id="249" class="1004" name="add_ln69_fu_249">
<pin_list>
<pin id="250" dir="0" index="0" bw="2" slack="0"/>
<pin id="251" dir="0" index="1" bw="1" slack="0"/>
<pin id="252" dir="1" index="2" bw="3" slack="0"/>
</pin_list>
<bind>
<opcode="add(8) " fcode="add"/>
<opset="add_ln69/1 "/>
</bind>
</comp>

<comp id="255" class="1004" name="tmp_fu_255">
<pin_list>
<pin id="256" dir="0" index="0" bw="2" slack="0"/>
<pin id="257" dir="0" index="1" bw="3" slack="0"/>
<pin id="258" dir="0" index="2" bw="1" slack="0"/>
<pin id="259" dir="0" index="3" bw="3" slack="0"/>
<pin id="260" dir="1" index="4" bw="2" slack="0"/>
</pin_list>
<bind>
<opcode="partselect(1002) " fcode="partselect"/>
<opset="tmp/1 "/>
</bind>
</comp>

<comp id="265" class="1004" name="icmp_ln69_fu_265">
<pin_list>
<pin id="266" dir="0" index="0" bw="2" slack="0"/>
<pin id="267" dir="0" index="1" bw="2" slack="0"/>
<pin id="268" dir="1" index="2" bw="1" slack="0"/>
</pin_list>
<bind>
<opcode="icmp(45) " fcode="icmp"/>
<opset="icmp_ln69/1 "/>
</bind>
</comp>

<comp id="271" class="1004" name="and_ln69_fu_271">
<pin_list>
<pin id="272" dir="0" index="0" bw="1" slack="0"/>
<pin id="273" dir="0" index="1" bw="1" slack="0"/>
<pin id="274" dir="1" index="2" bw="1" slack="0"/>
</pin_list>
<bind>
<opcode="and(23) " fcode="and"/>
<opset="and_ln69/1 "/>
</bind>
</comp>

<comp id="277" class="1004" name="icmp_ln69_1_fu_277">
<pin_list>
<pin id="278" dir="0" index="0" bw="2" slack="0"/>
<pin id="279" dir="0" index="1" bw="2" slack="0"/>
<pin id="280" dir="1" index="2" bw="1" slack="0"/>
</pin_list>
<bind>
<opcode="icmp(45) " fcode="icmp"/>
<opset="icmp_ln69_1/1 "/>
</bind>
</comp>

<comp id="283" class="1004" name="and_ln69_1_fu_283">
<pin_list>
<pin id="284" dir="0" index="0" bw="1" slack="0"/>
<pin id="285" dir="0" index="1" bw="1" slack="0"/>
<pin id="286" dir="1" index="2" bw="1" slack="0"/>
</pin_list>
<bind>
<opcode="and(23) " fcode="and"/>
<opset="and_ln69_1/1 "/>
</bind>
</comp>

<comp id="289" class="1004" name="select_ln69_fu_289">
<pin_list>
<pin id="290" dir="0" index="0" bw="1" slack="0"/>
<pin id="291" dir="0" index="1" bw="2" slack="0"/>
<pin id="292" dir="0" index="2" bw="2" slack="0"/>
<pin id="293" dir="1" index="3" bw="2" slack="0"/>
</pin_list>
<bind>
<opcode="select(49) " fcode="select"/>
<opset="select_ln69/1 "/>
</bind>
</comp>

<comp id="297" class="1004" name="icmp_ln65_1_fu_297">
<pin_list>
<pin id="298" dir="0" index="0" bw="2" slack="0"/>
<pin id="299" dir="0" index="1" bw="2" slack="0"/>
<pin id="300" dir="1" index="2" bw="1" slack="0"/>
</pin_list>
<bind>
<opcode="icmp(45) " fcode="icmp"/>
<opset="icmp_ln65_1/1 "/>
</bind>
</comp>

<comp id="303" class="1004" name="icmp_ln65_2_fu_303">
<pin_list>
<pin id="304" dir="0" index="0" bw="2" slack="0"/>
<pin id="305" dir="0" index="1" bw="2" slack="0"/>
<pin id="306" dir="1" index="2" bw="1" slack="0"/>
</pin_list>
<bind>
<opcode="icmp(45) " fcode="icmp"/>
<opset="icmp_ln65_2/1 "/>
</bind>
</comp>

<comp id="309" class="1004" name="and_ln65_fu_309">
<pin_list>
<pin id="310" dir="0" index="0" bw="1" slack="0"/>
<pin id="311" dir="0" index="1" bw="1" slack="0"/>
<pin id="312" dir="1" index="2" bw="1" slack="0"/>
</pin_list>
<bind>
<opcode="and(23) " fcode="and"/>
<opset="and_ln65/1 "/>
</bind>
</comp>

<comp id="315" class="1004" name="and_ln65_1_fu_315">
<pin_list>
<pin id="316" dir="0" index="0" bw="1" slack="0"/>
<pin id="317" dir="0" index="1" bw="1" slack="0"/>
<pin id="318" dir="1" index="2" bw="1" slack="0"/>
</pin_list>
<bind>
<opcode="and(23) " fcode="and"/>
<opset="and_ln65_1/1 "/>
</bind>
</comp>

<comp id="321" class="1004" name="and_ln65_2_fu_321">
<pin_list>
<pin id="322" dir="0" index="0" bw="1" slack="0"/>
<pin id="323" dir="0" index="1" bw="1" slack="0"/>
<pin id="324" dir="1" index="2" bw="1" slack="0"/>
</pin_list>
<bind>
<opcode="and(23) " fcode="and"/>
<opset="and_ln65_2/1 "/>
</bind>
</comp>

<comp id="327" class="1004" name="select_ln65_fu_327">
<pin_list>
<pin id="328" dir="0" index="0" bw="1" slack="0"/>
<pin id="329" dir="0" index="1" bw="2" slack="0"/>
<pin id="330" dir="0" index="2" bw="2" slack="0"/>
<pin id="331" dir="1" index="3" bw="2" slack="0"/>
</pin_list>
<bind>
<opcode="select(49) " fcode="select"/>
<opset="select_ln65/1 "/>
</bind>
</comp>

<comp id="335" class="1004" name="icmp_ln76_fu_335">
<pin_list>
<pin id="336" dir="0" index="0" bw="2" slack="0"/>
<pin id="337" dir="0" index="1" bw="2" slack="0"/>
<pin id="338" dir="1" index="2" bw="1" slack="0"/>
</pin_list>
<bind>
<opcode="icmp(45) " fcode="icmp"/>
<opset="icmp_ln76/1 "/>
</bind>
</comp>

<comp id="341" class="1004" name="icmp_ln65_3_fu_341">
<pin_list>
<pin id="342" dir="0" index="0" bw="2" slack="0"/>
<pin id="343" dir="0" index="1" bw="2" slack="0"/>
<pin id="344" dir="1" index="2" bw="1" slack="0"/>
</pin_list>
<bind>
<opcode="icmp(45) " fcode="icmp"/>
<opset="icmp_ln65_3/1 "/>
</bind>
</comp>

<comp id="347" class="1004" name="icmp_ln65_4_fu_347">
<pin_list>
<pin id="348" dir="0" index="0" bw="2" slack="0"/>
<pin id="349" dir="0" index="1" bw="2" slack="0"/>
<pin id="350" dir="1" index="2" bw="1" slack="0"/>
</pin_list>
<bind>
<opcode="icmp(45) " fcode="icmp"/>
<opset="icmp_ln65_4/1 "/>
</bind>
</comp>

<comp id="353" class="1004" name="xor_ln37_fu_353">
<pin_list>
<pin id="354" dir="0" index="0" bw="1" slack="0"/>
<pin id="355" dir="0" index="1" bw="1" slack="0"/>
<pin id="356" dir="1" index="2" bw="1" slack="0"/>
</pin_list>
<bind>
<opcode="xor(25) " fcode="xor"/>
<opset="xor_ln37/1 "/>
</bind>
</comp>

<comp id="359" class="1004" name="xor_ln65_fu_359">
<pin_list>
<pin id="360" dir="0" index="0" bw="1" slack="0"/>
<pin id="361" dir="0" index="1" bw="1" slack="0"/>
<pin id="362" dir="1" index="2" bw="1" slack="0"/>
</pin_list>
<bind>
<opcode="xor(25) " fcode="xor"/>
<opset="xor_ln65/1 "/>
</bind>
</comp>

<comp id="365" class="1004" name="or_ln65_fu_365">
<pin_list>
<pin id="366" dir="0" index="0" bw="1" slack="0"/>
<pin id="367" dir="0" index="1" bw="1" slack="0"/>
<pin id="368" dir="1" index="2" bw="1" slack="0"/>
</pin_list>
<bind>
<opcode="or(24) " fcode="or"/>
<opset="or_ln65/1 "/>
</bind>
</comp>

<comp id="371" class="1004" name="or_ln65_1_fu_371">
<pin_list>
<pin id="372" dir="0" index="0" bw="1" slack="0"/>
<pin id="373" dir="0" index="1" bw="1" slack="0"/>
<pin id="374" dir="1" index="2" bw="1" slack="0"/>
</pin_list>
<bind>
<opcode="or(24) " fcode="or"/>
<opset="or_ln65_1/1 "/>
</bind>
</comp>

<comp id="377" class="1004" name="or_ln65_2_fu_377">
<pin_list>
<pin id="378" dir="0" index="0" bw="1" slack="0"/>
<pin id="379" dir="0" index="1" bw="1" slack="0"/>
<pin id="380" dir="1" index="2" bw="1" slack="0"/>
</pin_list>
<bind>
<opcode="or(24) " fcode="or"/>
<opset="or_ln65_2/1 "/>
</bind>
</comp>

<comp id="383" class="1004" name="and_ln65_3_fu_383">
<pin_list>
<pin id="384" dir="0" index="0" bw="1" slack="0"/>
<pin id="385" dir="0" index="1" bw="1" slack="0"/>
<pin id="386" dir="1" index="2" bw="1" slack="0"/>
</pin_list>
<bind>
<opcode="and(23) " fcode="and"/>
<opset="and_ln65_3/1 "/>
</bind>
</comp>

<comp id="389" class="1004" name="select_ln65_1_fu_389">
<pin_list>
<pin id="390" dir="0" index="0" bw="1" slack="0"/>
<pin id="391" dir="0" index="1" bw="2" slack="0"/>
<pin id="392" dir="0" index="2" bw="2" slack="0"/>
<pin id="393" dir="1" index="3" bw="2" slack="0"/>
</pin_list>
<bind>
<opcode="select(49) " fcode="select"/>
<opset="select_ln65_1/1 "/>
</bind>
</comp>

<comp id="397" class="1004" name="icmp_ln80_fu_397">
<pin_list>
<pin id="398" dir="0" index="0" bw="2" slack="0"/>
<pin id="399" dir="0" index="1" bw="2" slack="0"/>
<pin id="400" dir="1" index="2" bw="1" slack="0"/>
</pin_list>
<bind>
<opcode="icmp(45) " fcode="icmp"/>
<opset="icmp_ln80/1 "/>
</bind>
</comp>

<comp id="403" class="1004" name="and_ln80_fu_403">
<pin_list>
<pin id="404" dir="0" index="0" bw="1" slack="0"/>
<pin id="405" dir="0" index="1" bw="1" slack="0"/>
<pin id="406" dir="1" index="2" bw="1" slack="0"/>
</pin_list>
<bind>
<opcode="and(23) " fcode="and"/>
<opset="and_ln80/1 "/>
</bind>
</comp>

<comp id="409" class="1004" name="or_ln65_3_fu_409">
<pin_list>
<pin id="410" dir="0" index="0" bw="1" slack="0"/>
<pin id="411" dir="0" index="1" bw="1" slack="0"/>
<pin id="412" dir="1" index="2" bw="1" slack="0"/>
</pin_list>
<bind>
<opcode="or(24) " fcode="or"/>
<opset="or_ln65_3/1 "/>
</bind>
</comp>

<comp id="415" class="1004" name="and_ln65_4_fu_415">
<pin_list>
<pin id="416" dir="0" index="0" bw="1" slack="0"/>
<pin id="417" dir="0" index="1" bw="1" slack="0"/>
<pin id="418" dir="1" index="2" bw="1" slack="0"/>
</pin_list>
<bind>
<opcode="and(23) " fcode="and"/>
<opset="and_ln65_4/1 "/>
</bind>
</comp>

<comp id="421" class="1004" name="and_ln65_5_fu_421">
<pin_list>
<pin id="422" dir="0" index="0" bw="1" slack="0"/>
<pin id="423" dir="0" index="1" bw="1" slack="0"/>
<pin id="424" dir="1" index="2" bw="1" slack="0"/>
</pin_list>
<bind>
<opcode="and(23) " fcode="and"/>
<opset="and_ln65_5/1 "/>
</bind>
</comp>

<comp id="427" class="1004" name="and_ln65_6_fu_427">
<pin_list>
<pin id="428" dir="0" index="0" bw="1" slack="0"/>
<pin id="429" dir="0" index="1" bw="1" slack="0"/>
<pin id="430" dir="1" index="2" bw="1" slack="0"/>
</pin_list>
<bind>
<opcode="and(23) " fcode="and"/>
<opset="and_ln65_6/1 "/>
</bind>
</comp>

<comp id="433" class="1004" name="select_ln65_2_fu_433">
<pin_list>
<pin id="434" dir="0" index="0" bw="1" slack="0"/>
<pin id="435" dir="0" index="1" bw="2" slack="0"/>
<pin id="436" dir="0" index="2" bw="2" slack="0"/>
<pin id="437" dir="1" index="3" bw="2" slack="0"/>
</pin_list>
<bind>
<opcode="select(49) " fcode="select"/>
<opset="select_ln65_2/1 "/>
</bind>
</comp>

<comp id="442" class="1004" name="select_ln65_3_fu_442">
<pin_list>
<pin id="443" dir="0" index="0" bw="1" slack="0"/>
<pin id="444" dir="0" index="1" bw="2" slack="0"/>
<pin id="445" dir="0" index="2" bw="2" slack="0"/>
<pin id="446" dir="1" index="3" bw="2" slack="0"/>
</pin_list>
<bind>
<opcode="select(49) " fcode="select"/>
<opset="select_ln65_3/1 "/>
</bind>
</comp>

<comp id="450" class="1004" name="or_ln65_4_fu_450">
<pin_list>
<pin id="451" dir="0" index="0" bw="1" slack="0"/>
<pin id="452" dir="0" index="1" bw="1" slack="0"/>
<pin id="453" dir="1" index="2" bw="1" slack="0"/>
</pin_list>
<bind>
<opcode="or(24) " fcode="or"/>
<opset="or_ln65_4/1 "/>
</bind>
</comp>

<comp id="456" class="1004" name="select_ln65_4_fu_456">
<pin_list>
<pin id="457" dir="0" index="0" bw="1" slack="0"/>
<pin id="458" dir="0" index="1" bw="2" slack="0"/>
<pin id="459" dir="0" index="2" bw="2" slack="0"/>
<pin id="460" dir="1" index="3" bw="2" slack="0"/>
</pin_list>
<bind>
<opcode="select(49) " fcode="select"/>
<opset="select_ln65_4/1 "/>
</bind>
</comp>

<comp id="465" class="1004" name="store_ln59_store_fu_465">
<pin_list>
<pin id="466" dir="0" index="0" bw="2" slack="0"/>
<pin id="467" dir="0" index="1" bw="2" slack="0"/>
<pin id="468" dir="1" index="2" bw="0" slack="2147483647"/>
</pin_list>
<bind>
<opcode="store(28) " fcode="store"/>
<opset="store_ln59/1 "/>
</bind>
</comp>

<comp id="471" class="1004" name="store_ln58_store_fu_471">
<pin_list>
<pin id="472" dir="0" index="0" bw="2" slack="0"/>
<pin id="473" dir="0" index="1" bw="2" slack="0"/>
<pin id="474" dir="1" index="2" bw="0" slack="2147483647"/>
</pin_list>
<bind>
<opcode="store(28) " fcode="store"/>
<opset="store_ln58/1 "/>
</bind>
</comp>

<comp id="477" class="1004" name="store_ln57_store_fu_477">
<pin_list>
<pin id="478" dir="0" index="0" bw="1" slack="0"/>
<pin id="479" dir="0" index="1" bw="1" slack="0"/>
<pin id="480" dir="1" index="2" bw="0" slack="2147483647"/>
</pin_list>
<bind>
<opcode="store(28) " fcode="store"/>
<opset="store_ln57/1 "/>
</bind>
</comp>

<comp id="483" class="1004" name="store_ln41_store_fu_483">
<pin_list>
<pin id="484" dir="0" index="0" bw="1" slack="0"/>
<pin id="485" dir="0" index="1" bw="1" slack="0"/>
<pin id="486" dir="1" index="2" bw="0" slack="2147483647"/>
</pin_list>
<bind>
<opcode="store(28) " fcode="store"/>
<opset="store_ln41/1 "/>
</bind>
</comp>

<comp id="489" class="1004" name="store_ln274_store_fu_489">
<pin_list>
<pin id="490" dir="0" index="0" bw="1" slack="0"/>
<pin id="491" dir="0" index="1" bw="1" slack="0"/>
<pin id="492" dir="1" index="2" bw="0" slack="2147483647"/>
</pin_list>
<bind>
<opcode="store(28) " fcode="store"/>
<opset="store_ln274/3 "/>
</bind>
</comp>

<comp id="495" class="1004" name="select_ln41_fu_495">
<pin_list>
<pin id="496" dir="0" index="0" bw="1" slack="0"/>
<pin id="497" dir="0" index="1" bw="2" slack="0"/>
<pin id="498" dir="0" index="2" bw="2" slack="0"/>
<pin id="499" dir="1" index="3" bw="2" slack="0"/>
</pin_list>
<bind>
<opcode="select(49) " fcode="select"/>
<opset="select_ln41/3 "/>
</bind>
</comp>

<comp id="503" class="1004" name="store_ln41_store_fu_503">
<pin_list>
<pin id="504" dir="0" index="0" bw="32" slack="0"/>
<pin id="505" dir="0" index="1" bw="32" slack="0"/>
<pin id="506" dir="1" index="2" bw="0" slack="2147483647"/>
</pin_list>
<bind>
<opcode="store(28) " fcode="store"/>
<opset="store_ln41/3 "/>
</bind>
</comp>

<comp id="509" class="1004" name="store_ln274_store_fu_509">
<pin_list>
<pin id="510" dir="0" index="0" bw="2" slack="0"/>
<pin id="511" dir="0" index="1" bw="2" slack="0"/>
<pin id="512" dir="1" index="2" bw="0" slack="2147483647"/>
</pin_list>
<bind>
<opcode="store(28) " fcode="store"/>
<opset="store_ln274/3 "/>
</bind>
</comp>

<comp id="515" class="1004" name="store_ln43_store_fu_515">
<pin_list>
<pin id="516" dir="0" index="0" bw="1" slack="0"/>
<pin id="517" dir="0" index="1" bw="2" slack="0"/>
<pin id="518" dir="1" index="2" bw="0" slack="2147483647"/>
</pin_list>
<bind>
<opcode="store(28) " fcode="store"/>
<opset="store_ln43/3 "/>
</bind>
</comp>

<comp id="521" class="1004" name="store_ln274_store_fu_521">
<pin_list>
<pin id="522" dir="0" index="0" bw="1" slack="0"/>
<pin id="523" dir="0" index="1" bw="2" slack="0"/>
<pin id="524" dir="1" index="2" bw="0" slack="2147483647"/>
</pin_list>
<bind>
<opcode="store(28) " fcode="store"/>
<opset="store_ln274/3 "/>
</bind>
</comp>

<comp id="527" class="1004" name="store_ln274_store_fu_527">
<pin_list>
<pin id="528" dir="0" index="0" bw="1" slack="0"/>
<pin id="529" dir="0" index="1" bw="1" slack="0"/>
<pin id="530" dir="1" index="2" bw="0" slack="2147483647"/>
</pin_list>
<bind>
<opcode="store(28) " fcode="store"/>
<opset="store_ln274/3 "/>
</bind>
</comp>

<comp id="533" class="1004" name="add_ln291_fu_533">
<pin_list>
<pin id="534" dir="0" index="0" bw="32" slack="2147483647"/>
<pin id="535" dir="0" index="1" bw="4" slack="0"/>
<pin id="536" dir="1" index="2" bw="32" slack="0"/>
</pin_list>
<bind>
<opcode="add(8) " fcode="add"/>
<opset="add_ln291/3 "/>
</bind>
</comp>

<comp id="538" class="1004" name="store_ln41_store_fu_538">
<pin_list>
<pin id="539" dir="0" index="0" bw="32" slack="2147483647"/>
<pin id="540" dir="0" index="1" bw="32" slack="0"/>
<pin id="541" dir="1" index="2" bw="0" slack="2147483647"/>
</pin_list>
<bind>
<opcode="store(28) " fcode="store"/>
<opset="store_ln41/3 "/>
</bind>
</comp>

<comp id="543" class="1004" name="store_ln41_store_fu_543">
<pin_list>
<pin id="544" dir="0" index="0" bw="1" slack="0"/>
<pin id="545" dir="0" index="1" bw="1" slack="0"/>
<pin id="546" dir="1" index="2" bw="0" slack="2147483647"/>
</pin_list>
<bind>
<opcode="store(28) " fcode="store"/>
<opset="store_ln41/3 "/>
</bind>
</comp>

<comp id="549" class="1004" name="store_ln149_store_fu_549">
<pin_list>
<pin id="550" dir="0" index="0" bw="32" slack="0"/>
<pin id="551" dir="0" index="1" bw="32" slack="0"/>
<pin id="552" dir="1" index="2" bw="0" slack="2147483647"/>
</pin_list>
<bind>
<opcode="store(28) " fcode="store"/>
<opset="store_ln149/3 "/>
</bind>
</comp>

<comp id="567" class="1005" name="IF_ID_valid_load_reg_567">
<pin_list>
<pin id="568" dir="0" index="0" bw="1" slack="2"/>
<pin id="569" dir="1" index="1" bw="1" slack="2147483647"/>
</pin_list>
<bind>
<opset="IF_ID_valid_load "/>
</bind>
</comp>

</comp_list>

<net_list>
<net id="69"><net_src comp="6" pin="0"/><net_sink comp="64" pin=0"/></net>

<net id="70"><net_src comp="40" pin="0"/><net_sink comp="64" pin=1"/></net>

<net id="76"><net_src comp="64" pin="3"/><net_sink comp="71" pin=0"/></net>

<net id="77"><net_src comp="58" pin="0"/><net_sink comp="71" pin=0"/></net>

<net id="87"><net_src comp="38" pin="0"/><net_sink comp="81" pin=0"/></net>

<net id="97"><net_src comp="38" pin="0"/><net_sink comp="91" pin=0"/></net>

<net id="101"><net_src comp="60" pin="0"/><net_sink comp="98" pin=0"/></net>

<net id="108"><net_src comp="98" pin="1"/><net_sink comp="102" pin=2"/></net>

<net id="112"><net_src comp="54" pin="0"/><net_sink comp="109" pin=0"/></net>

<net id="119"><net_src comp="56" pin="0"/><net_sink comp="113" pin=0"/></net>

<net id="120"><net_src comp="109" pin="1"/><net_sink comp="113" pin=2"/></net>

<net id="124"><net_src comp="56" pin="0"/><net_sink comp="121" pin=0"/></net>

<net id="131"><net_src comp="71" pin="3"/><net_sink comp="125" pin=0"/></net>

<net id="132"><net_src comp="121" pin="1"/><net_sink comp="125" pin=2"/></net>

<net id="136"><net_src comp="0" pin="0"/><net_sink comp="133" pin=0"/></net>

<net id="140"><net_src comp="2" pin="0"/><net_sink comp="137" pin=0"/></net>

<net id="144"><net_src comp="137" pin="1"/><net_sink comp="141" pin=0"/></net>

<net id="148"><net_src comp="4" pin="0"/><net_sink comp="145" pin=0"/></net>

<net id="149"><net_src comp="145" pin="1"/><net_sink comp="71" pin=1"/></net>

<net id="154"><net_src comp="137" pin="1"/><net_sink comp="150" pin=0"/></net>

<net id="155"><net_src comp="36" pin="0"/><net_sink comp="150" pin=1"/></net>

<net id="160"><net_src comp="137" pin="1"/><net_sink comp="156" pin=0"/></net>

<net id="161"><net_src comp="38" pin="0"/><net_sink comp="156" pin=1"/></net>

<net id="166"><net_src comp="156" pin="2"/><net_sink comp="162" pin=0"/></net>

<net id="167"><net_src comp="150" pin="2"/><net_sink comp="162" pin=1"/></net>

<net id="171"><net_src comp="137" pin="1"/><net_sink comp="168" pin=0"/></net>

<net id="172"><net_src comp="168" pin="1"/><net_sink comp="64" pin=2"/></net>

<net id="176"><net_src comp="8" pin="0"/><net_sink comp="173" pin=0"/></net>

<net id="180"><net_src comp="10" pin="0"/><net_sink comp="177" pin=0"/></net>

<net id="184"><net_src comp="12" pin="0"/><net_sink comp="181" pin=0"/></net>

<net id="189"><net_src comp="173" pin="1"/><net_sink comp="185" pin=0"/></net>

<net id="190"><net_src comp="0" pin="0"/><net_sink comp="185" pin=1"/></net>

<net id="195"><net_src comp="177" pin="1"/><net_sink comp="191" pin=0"/></net>

<net id="196"><net_src comp="2" pin="0"/><net_sink comp="191" pin=1"/></net>

<net id="200"><net_src comp="14" pin="0"/><net_sink comp="197" pin=0"/></net>

<net id="204"><net_src comp="16" pin="0"/><net_sink comp="201" pin=0"/></net>

<net id="208"><net_src comp="18" pin="0"/><net_sink comp="205" pin=0"/></net>

<net id="212"><net_src comp="20" pin="0"/><net_sink comp="209" pin=0"/></net>

<net id="217"><net_src comp="197" pin="1"/><net_sink comp="213" pin=0"/></net>

<net id="218"><net_src comp="8" pin="0"/><net_sink comp="213" pin=1"/></net>

<net id="223"><net_src comp="209" pin="1"/><net_sink comp="219" pin=0"/></net>

<net id="224"><net_src comp="10" pin="0"/><net_sink comp="219" pin=1"/></net>

<net id="229"><net_src comp="181" pin="1"/><net_sink comp="225" pin=0"/></net>

<net id="230"><net_src comp="4" pin="0"/><net_sink comp="225" pin=1"/></net>

<net id="234"><net_src comp="22" pin="0"/><net_sink comp="231" pin=0"/></net>

<net id="238"><net_src comp="24" pin="0"/><net_sink comp="235" pin=0"/></net>

<net id="242"><net_src comp="26" pin="0"/><net_sink comp="239" pin=0"/></net>

<net id="247"><net_src comp="177" pin="1"/><net_sink comp="243" pin=0"/></net>

<net id="248"><net_src comp="201" pin="1"/><net_sink comp="243" pin=1"/></net>

<net id="253"><net_src comp="141" pin="1"/><net_sink comp="249" pin=0"/></net>

<net id="254"><net_src comp="42" pin="0"/><net_sink comp="249" pin=1"/></net>

<net id="261"><net_src comp="44" pin="0"/><net_sink comp="255" pin=0"/></net>

<net id="262"><net_src comp="249" pin="2"/><net_sink comp="255" pin=1"/></net>

<net id="263"><net_src comp="46" pin="0"/><net_sink comp="255" pin=2"/></net>

<net id="264"><net_src comp="48" pin="0"/><net_sink comp="255" pin=3"/></net>

<net id="269"><net_src comp="255" pin="4"/><net_sink comp="265" pin=0"/></net>

<net id="270"><net_src comp="38" pin="0"/><net_sink comp="265" pin=1"/></net>

<net id="275"><net_src comp="133" pin="1"/><net_sink comp="271" pin=0"/></net>

<net id="276"><net_src comp="265" pin="2"/><net_sink comp="271" pin=1"/></net>

<net id="281"><net_src comp="137" pin="1"/><net_sink comp="277" pin=0"/></net>

<net id="282"><net_src comp="201" pin="1"/><net_sink comp="277" pin=1"/></net>

<net id="287"><net_src comp="271" pin="2"/><net_sink comp="283" pin=0"/></net>

<net id="288"><net_src comp="277" pin="2"/><net_sink comp="283" pin=1"/></net>

<net id="294"><net_src comp="283" pin="2"/><net_sink comp="289" pin=0"/></net>

<net id="295"><net_src comp="50" pin="0"/><net_sink comp="289" pin=1"/></net>

<net id="296"><net_src comp="38" pin="0"/><net_sink comp="289" pin=2"/></net>

<net id="301"><net_src comp="177" pin="1"/><net_sink comp="297" pin=0"/></net>

<net id="302"><net_src comp="36" pin="0"/><net_sink comp="297" pin=1"/></net>

<net id="307"><net_src comp="177" pin="1"/><net_sink comp="303" pin=0"/></net>

<net id="308"><net_src comp="38" pin="0"/><net_sink comp="303" pin=1"/></net>

<net id="313"><net_src comp="173" pin="1"/><net_sink comp="309" pin=0"/></net>

<net id="314"><net_src comp="297" pin="2"/><net_sink comp="309" pin=1"/></net>

<net id="319"><net_src comp="303" pin="2"/><net_sink comp="315" pin=0"/></net>

<net id="320"><net_src comp="243" pin="2"/><net_sink comp="315" pin=1"/></net>

<net id="325"><net_src comp="315" pin="2"/><net_sink comp="321" pin=0"/></net>

<net id="326"><net_src comp="309" pin="2"/><net_sink comp="321" pin=1"/></net>

<net id="332"><net_src comp="321" pin="2"/><net_sink comp="327" pin=0"/></net>

<net id="333"><net_src comp="52" pin="0"/><net_sink comp="327" pin=1"/></net>

<net id="334"><net_src comp="289" pin="3"/><net_sink comp="327" pin=2"/></net>

<net id="339"><net_src comp="177" pin="1"/><net_sink comp="335" pin=0"/></net>

<net id="340"><net_src comp="205" pin="1"/><net_sink comp="335" pin=1"/></net>

<net id="345"><net_src comp="177" pin="1"/><net_sink comp="341" pin=0"/></net>

<net id="346"><net_src comp="36" pin="0"/><net_sink comp="341" pin=1"/></net>

<net id="351"><net_src comp="177" pin="1"/><net_sink comp="347" pin=0"/></net>

<net id="352"><net_src comp="38" pin="0"/><net_sink comp="347" pin=1"/></net>

<net id="357"><net_src comp="173" pin="1"/><net_sink comp="353" pin=0"/></net>

<net id="358"><net_src comp="54" pin="0"/><net_sink comp="353" pin=1"/></net>

<net id="363"><net_src comp="243" pin="2"/><net_sink comp="359" pin=0"/></net>

<net id="364"><net_src comp="54" pin="0"/><net_sink comp="359" pin=1"/></net>

<net id="369"><net_src comp="341" pin="2"/><net_sink comp="365" pin=0"/></net>

<net id="370"><net_src comp="353" pin="2"/><net_sink comp="365" pin=1"/></net>

<net id="375"><net_src comp="347" pin="2"/><net_sink comp="371" pin=0"/></net>

<net id="376"><net_src comp="359" pin="2"/><net_sink comp="371" pin=1"/></net>

<net id="381"><net_src comp="371" pin="2"/><net_sink comp="377" pin=0"/></net>

<net id="382"><net_src comp="365" pin="2"/><net_sink comp="377" pin=1"/></net>

<net id="387"><net_src comp="377" pin="2"/><net_sink comp="383" pin=0"/></net>

<net id="388"><net_src comp="353" pin="2"/><net_sink comp="383" pin=1"/></net>

<net id="394"><net_src comp="383" pin="2"/><net_sink comp="389" pin=0"/></net>

<net id="395"><net_src comp="289" pin="3"/><net_sink comp="389" pin=1"/></net>

<net id="396"><net_src comp="327" pin="3"/><net_sink comp="389" pin=2"/></net>

<net id="401"><net_src comp="137" pin="1"/><net_sink comp="397" pin=0"/></net>

<net id="402"><net_src comp="205" pin="1"/><net_sink comp="397" pin=1"/></net>

<net id="407"><net_src comp="271" pin="2"/><net_sink comp="403" pin=0"/></net>

<net id="408"><net_src comp="397" pin="2"/><net_sink comp="403" pin=1"/></net>

<net id="413"><net_src comp="173" pin="1"/><net_sink comp="409" pin=0"/></net>

<net id="414"><net_src comp="321" pin="2"/><net_sink comp="409" pin=1"/></net>

<net id="419"><net_src comp="303" pin="2"/><net_sink comp="415" pin=0"/></net>

<net id="420"><net_src comp="335" pin="2"/><net_sink comp="415" pin=1"/></net>

<net id="425"><net_src comp="297" pin="2"/><net_sink comp="421" pin=0"/></net>

<net id="426"><net_src comp="409" pin="2"/><net_sink comp="421" pin=1"/></net>

<net id="431"><net_src comp="421" pin="2"/><net_sink comp="427" pin=0"/></net>

<net id="432"><net_src comp="415" pin="2"/><net_sink comp="427" pin=1"/></net>

<net id="438"><net_src comp="427" pin="2"/><net_sink comp="433" pin=0"/></net>

<net id="439"><net_src comp="327" pin="3"/><net_sink comp="433" pin=1"/></net>

<net id="440"><net_src comp="389" pin="3"/><net_sink comp="433" pin=2"/></net>

<net id="441"><net_src comp="433" pin="3"/><net_sink comp="81" pin=2"/></net>

<net id="447"><net_src comp="427" pin="2"/><net_sink comp="442" pin=0"/></net>

<net id="448"><net_src comp="52" pin="0"/><net_sink comp="442" pin=1"/></net>

<net id="449"><net_src comp="50" pin="0"/><net_sink comp="442" pin=2"/></net>

<net id="454"><net_src comp="427" pin="2"/><net_sink comp="450" pin=0"/></net>

<net id="455"><net_src comp="403" pin="2"/><net_sink comp="450" pin=1"/></net>

<net id="461"><net_src comp="450" pin="2"/><net_sink comp="456" pin=0"/></net>

<net id="462"><net_src comp="442" pin="3"/><net_sink comp="456" pin=1"/></net>

<net id="463"><net_src comp="38" pin="0"/><net_sink comp="456" pin=2"/></net>

<net id="464"><net_src comp="456" pin="3"/><net_sink comp="91" pin=2"/></net>

<net id="469"><net_src comp="91" pin="4"/><net_sink comp="465" pin=0"/></net>

<net id="470"><net_src comp="32" pin="0"/><net_sink comp="465" pin=1"/></net>

<net id="475"><net_src comp="81" pin="4"/><net_sink comp="471" pin=0"/></net>

<net id="476"><net_src comp="34" pin="0"/><net_sink comp="471" pin=1"/></net>

<net id="481"><net_src comp="56" pin="0"/><net_sink comp="477" pin=0"/></net>

<net id="482"><net_src comp="12" pin="0"/><net_sink comp="477" pin=1"/></net>

<net id="487"><net_src comp="56" pin="0"/><net_sink comp="483" pin=0"/></net>

<net id="488"><net_src comp="14" pin="0"/><net_sink comp="483" pin=1"/></net>

<net id="493"><net_src comp="54" pin="0"/><net_sink comp="489" pin=0"/></net>

<net id="494"><net_src comp="14" pin="0"/><net_sink comp="489" pin=1"/></net>

<net id="500"><net_src comp="113" pin="4"/><net_sink comp="495" pin=0"/></net>

<net id="501"><net_src comp="36" pin="0"/><net_sink comp="495" pin=1"/></net>

<net id="502"><net_src comp="38" pin="0"/><net_sink comp="495" pin=2"/></net>

<net id="507"><net_src comp="102" pin="4"/><net_sink comp="503" pin=0"/></net>

<net id="508"><net_src comp="28" pin="0"/><net_sink comp="503" pin=1"/></net>

<net id="513"><net_src comp="495" pin="3"/><net_sink comp="509" pin=0"/></net>

<net id="514"><net_src comp="16" pin="0"/><net_sink comp="509" pin=1"/></net>

<net id="519"><net_src comp="36" pin="0"/><net_sink comp="515" pin=0"/></net>

<net id="520"><net_src comp="18" pin="0"/><net_sink comp="515" pin=1"/></net>

<net id="525"><net_src comp="36" pin="0"/><net_sink comp="521" pin=0"/></net>

<net id="526"><net_src comp="20" pin="0"/><net_sink comp="521" pin=1"/></net>

<net id="531"><net_src comp="125" pin="4"/><net_sink comp="527" pin=0"/></net>

<net id="532"><net_src comp="30" pin="0"/><net_sink comp="527" pin=1"/></net>

<net id="537"><net_src comp="62" pin="0"/><net_sink comp="533" pin=1"/></net>

<net id="542"><net_src comp="26" pin="0"/><net_sink comp="538" pin=1"/></net>

<net id="547"><net_src comp="54" pin="0"/><net_sink comp="543" pin=0"/></net>

<net id="548"><net_src comp="24" pin="0"/><net_sink comp="543" pin=1"/></net>

<net id="553"><net_src comp="533" pin="2"/><net_sink comp="549" pin=0"/></net>

<net id="554"><net_src comp="22" pin="0"/><net_sink comp="549" pin=1"/></net>

<net id="570"><net_src comp="235" pin="1"/><net_sink comp="567" pin=0"/></net>

</net_list>

</model> 
---------------- Datapath Model END ------------------

* FSMD analyzer results:
  - Output states:
	Port: MEM_WB_valid | {1 }
	Port: MEM_WB_dest | {1 }
	Port: MEM_WB_outVal_V | {1 }
	Port: RegisterFile_V | {1 }
	Port: EX_MEM_valid | {1 }
	Port: EX_MEM_dest | {1 }
	Port: EX_MEM_outVal_V | {1 }
	Port: ID_EX_valid | {1 3 }
	Port: ID_EX_src1 | {3 }
	Port: ID_EX_src2 | {3 }
	Port: ID_EX_dest | {3 }
	Port: PC_V | {3 }
	Port: IF_ID_valid | {3 }
	Port: IF_ID_pc_V | {3 }
	Port: ID_EX_pc_V | {3 }
	Port: ID_EX_val1_V | {3 }
	Port: forward_B_sel_1 | {1 }
	Port: forward_A_sel_1 | {1 }
 - Input state : 
	Port: clock_cycle : MEM_WB_valid | {1 }
	Port: clock_cycle : MEM_WB_dest | {1 }
	Port: clock_cycle : MEM_WB_outVal_V | {1 }
	Port: clock_cycle : RegisterFile_V | {2 3 }
	Port: clock_cycle : EX_MEM_valid | {1 }
	Port: clock_cycle : EX_MEM_dest | {1 }
	Port: clock_cycle : EX_MEM_outVal_V | {1 }
	Port: clock_cycle : ID_EX_valid | {1 }
	Port: clock_cycle : ID_EX_src1 | {1 }
	Port: clock_cycle : ID_EX_src2 | {1 }
	Port: clock_cycle : ID_EX_dest | {1 }
	Port: clock_cycle : PC_V | {1 }
	Port: clock_cycle : IF_ID_valid | {1 }
	Port: clock_cycle : IF_ID_pc_V | {1 }
	Port: clock_cycle : ID_EX_pc_V | {}
	Port: clock_cycle : ID_EX_val1_V | {}
	Port: clock_cycle : forward_B_sel_1 | {}
	Port: clock_cycle : forward_A_sel_1 | {}
  - Chain level:
	State 1
		sext_ln25 : 1
		br_ln28 : 1
		icmp_ln25 : 1
		icmp_ln25_1 : 1
		or_ln25 : 2
		br_ln25 : 2
		sext_ln32 : 1
		RegisterFile_V_addr : 2
		store_ln32 : 3
		store_ln37 : 1
		store_ln37 : 1
		store_ln57 : 1
		store_ln57 : 1
		store_ln37 : 1
		br_ln62 : 1
		icmp_ln65 : 1
		add_ln69 : 2
		tmp : 3
		icmp_ln69 : 4
		and_ln69 : 5
		icmp_ln69_1 : 1
		and_ln69_1 : 5
		select_ln69 : 5
		icmp_ln65_1 : 1
		icmp_ln65_2 : 1
		and_ln65 : 2
		and_ln65_1 : 2
		and_ln65_2 : 2
		select_ln65 : 6
		icmp_ln76 : 1
		icmp_ln65_3 : 1
		icmp_ln65_4 : 1
		xor_ln37 : 1
		xor_ln65 : 2
		or_ln65 : 2
		or_ln65_1 : 2
		or_ln65_2 : 2
		and_ln65_3 : 2
		select_ln65_1 : 7
		icmp_ln80 : 1
		and_ln80 : 5
		or_ln65_3 : 2
		and_ln65_4 : 2
		and_ln65_5 : 2
		and_ln65_6 : 2
		select_ln65_2 : 8
		select_ln65_3 : 2
		or_ln65_4 : 2
		select_ln65_4 : 2
		forward_A_sel_1_new_4 : 9
		forward_B_sel_1_new_1 : 3
		store_ln59 : 4
		store_ln58 : 10
		br_ln184 : 1
	State 2
	State 3
		storemerge18 : 1
		storemerge13 : 1
		storemerge9 : 1
		select_ln41 : 2
		store_ln41 : 2
		store_ln274 : 3
		store_ln274 : 2
		store_ln149 : 1


============================================================
+ Verbose Summary: Datapath Resource usage 
============================================================

* Functional unit list:
|----------|----------------------|---------|---------|
| Operation|    Functional Unit   |    FF   |   LUT   |
|----------|----------------------|---------|---------|
|          |   icmp_ln25_fu_150   |    0    |    8    |
|          |  icmp_ln25_1_fu_156  |    0    |    8    |
|          |   icmp_ln65_fu_243   |    0    |    8    |
|          |   icmp_ln69_fu_265   |    0    |    8    |
|          |  icmp_ln69_1_fu_277  |    0    |    8    |
|   icmp   |  icmp_ln65_1_fu_297  |    0    |    8    |
|          |  icmp_ln65_2_fu_303  |    0    |    8    |
|          |   icmp_ln76_fu_335   |    0    |    8    |
|          |  icmp_ln65_3_fu_341  |    0    |    8    |
|          |  icmp_ln65_4_fu_347  |    0    |    8    |
|          |   icmp_ln80_fu_397   |    0    |    8    |
|----------|----------------------|---------|---------|
|          |    and_ln69_fu_271   |    0    |    6    |
|          |   and_ln69_1_fu_283  |    0    |    6    |
|          |    and_ln65_fu_309   |    0    |    6    |
|          |   and_ln65_1_fu_315  |    0    |    6    |
|    and   |   and_ln65_2_fu_321  |    0    |    6    |
|          |   and_ln65_3_fu_383  |    0    |    6    |
|          |    and_ln80_fu_403   |    0    |    6    |
|          |   and_ln65_4_fu_415  |    0    |    6    |
|          |   and_ln65_5_fu_421  |    0    |    6    |
|          |   and_ln65_6_fu_427  |    0    |    6    |
|----------|----------------------|---------|---------|
|    add   |    add_ln69_fu_249   |    0    |    10   |
|          |   add_ln291_fu_533   |    0    |    39   |
|----------|----------------------|---------|---------|
|          |    or_ln25_fu_162    |    0    |    6    |
|          |    or_ln65_fu_365    |    0    |    6    |
|    or    |   or_ln65_1_fu_371   |    0    |    6    |
|          |   or_ln65_2_fu_377   |    0    |    6    |
|          |   or_ln65_3_fu_409   |    0    |    6    |
|          |   or_ln65_4_fu_450   |    0    |    6    |
|----------|----------------------|---------|---------|
|          |  select_ln69_fu_289  |    0    |    2    |
|          |  select_ln65_fu_327  |    0    |    2    |
|          | select_ln65_1_fu_389 |    0    |    2    |
|  select  | select_ln65_2_fu_433 |    0    |    2    |
|          | select_ln65_3_fu_442 |    0    |    2    |
|          | select_ln65_4_fu_456 |    0    |    2    |
|          |  select_ln41_fu_495  |    0    |    2    |
|----------|----------------------|---------|---------|
|    xor   |    xor_ln37_fu_353   |    0    |    6    |
|          |    xor_ln65_fu_359   |    0    |    6    |
|----------|----------------------|---------|---------|
|   sext   |   sext_ln25_fu_141   |    0    |    0    |
|          |   sext_ln32_fu_168   |    0    |    0    |
|----------|----------------------|---------|---------|
|partselect|      tmp_fu_255      |    0    |    0    |
|----------|----------------------|---------|---------|
|   Total  |                      |    0    |   259   |
|----------|----------------------|---------|---------|

Memories:
N/A

* Register list:
+----------------------------+--------+
|                            |   FF   |
+----------------------------+--------+
|  IF_ID_valid_load_reg_567  |    1   |
|forward_A_sel_1_new_4_reg_78|    2   |
|forward_B_sel_1_new_1_reg_88|    2   |
|    storemerge13_reg_109    |    1   |
|     storemerge18_reg_98    |   32   |
|     storemerge9_reg_121    |    1   |
+----------------------------+--------+
|            Total           |   39   |
+----------------------------+--------+

* Multiplexer (MUX) list: 
|------------------|------|------|------|--------||---------||---------|
|       Comp       |  Pin | Size |  BW  | S x BW ||  Delay  ||   LUT   |
|------------------|------|------|------|--------||---------||---------|
| grp_access_fu_71 |  p0  |   2  |   5  |   10   ||    9    |
|------------------|------|------|------|--------||---------||---------|
|       Total      |      |      |      |   10   ||  1.029  ||    9    |
|------------------|------|------|------|--------||---------||---------|



* Summary:
+-----------+--------+--------+--------+
|           |  Delay |   FF   |   LUT  |
+-----------+--------+--------+--------+
|  Function |    -   |    0   |   259  |
|   Memory  |    -   |    -   |    -   |
|Multiplexer|    1   |    -   |    9   |
|  Register |    -   |   39   |    -   |
+-----------+--------+--------+--------+
|   Total   |    1   |   39   |   268  |
+-----------+--------+--------+--------+
